0;0;0;0;land;false;unknown;0
1;249;205;74;land;false;plains;1
2;129;240;182;land;false;plains;1
3;225;138;175;land;false;plains;1
4;107;227;209;land;false;plains;1
5;246;133;236;land;true;plains;1
6;124;183;253;land;false;plains;1
7;204;194;253;land;false;plains;1
8;226;150;133;land;false;plains;1
9;246;151;181;land;false;plains;1
10;125;217;239;land;false;plains;1
11;189;187;144;land;false;plains;1
12;230;213;65;land;false;plains;1
13;237;181;96;land;false;plains;1
14;160;223;154;land;true;plains;1
15;76;246;250;land;true;plains;1
16;229;179;202;land;false;plains;1
17;144;247;209;land;false;plains;1
18;165;241;199;land;false;plains;1
19;176;205;126;land;false;plains;1
20;204;74;233;land;false;plains;1
21;225;236;166;land;true;plains;1
22;199;90;252;land;false;plains;1
23;233;157;153;land;false;plains;1
24;169;141;196;land;false;plains;1
25;185;244;107;land;false;plains;1
26;215;248;127;land;false;plains;1
27;173;184;179;land;false;plains;1
28;165;205;171;land;false;plains;1
29;243;228;33;land;false;plains;1
30;218;147;160;land;false;plains;1
31;239;206;220;land;false;plains;1
32;153;224;248;land;false;plains;1
33;164;221;174;land;false;plains;1
34;225;173;166;land;false;plains;1
35;94;206;223;land;false;plains;1
36;219;82;202;land;true;plains;1
37;231;98;215;land;false;plains;1
38;103;191;212;land;false;plains;1
39;190;252;91;land;false;plains;1
40;133;207;224;land;false;plains;1
41;113;212;246;land;false;plains;1
42;248;135;187;land;false;plains;1
43;179;182;200;land;false;plains;1
44;189;203;190;land;true;plains;1
45;208;238;153;land;true;plains;1
46;245;205;185;land;false;plains;1
47;221;65;217;land;false;plains;1
48;177;169;236;land;false;plains;1
49;186;129;194;land;false;plains;1
50;178;243;95;land;false;plains;1
51;107;159;245;land;false;plains;1
52;122;191;227;land;false;plains;1
53;43;224;251;land;false;plains;1
54;163;186;207;land;false;plains;1
55;188;200;221;land;false;plains;1
56;246;250;252;land;false;plains;1
57;212;251;64;land;true;plains;1
58;223;200;218;land;false;plains;1
59;245;127;224;land;false;plains;1
60;212;212;179;land;false;plains;1
61;206;229;214;land;false;plains;1
62;243;37;241;land;false;plains;1
63;198;184;202;land;false;plains;1
64;112;224;170;land;true;plains;1
65;242;215;74;land;false;plains;1
66;232;160;207;land;false;plains;1
67;65;231;236;land;false;plains;1
68;174;199;194;land;false;plains;1
69;147;140;236;land;false;plains;1
70;231;112;173;land;false;plains;1
71;220;208;97;land;false;plains;1
72;235;56;230;land;false;plains;1
73;172;196;207;land;false;plains;1
74;185;223;137;land;false;plains;1
75;191;229;178;land;false;plains;1
76;146;234;158;land;false;plains;1
77;211;238;186;land;false;plains;1
78;246;234;160;land;false;plains;1
79;197;132;199;land;false;plains;1
80;169;217;209;land;false;plains;1
81;254;243;47;land;false;plains;1
82;179;186;215;land;false;plains;1
83;180;235;185;land;false;plains;1
84;200;203;109;land;false;plains;1
85;221;186;223;land;false;plains;1
86;222;246;134;land;false;plains;1
87;166;183;235;land;false;plains;1
88;245;83;191;land;false;plains;1
89;208;193;123;land;false;plains;1
90;245;202;123;land;false;plains;1
91;153;216;248;land;false;plains;1
92;250;224;132;land;false;plains;1
93;237;212;172;land;false;plains;1
94;203;141;220;land;false;plains;1
95;208;208;139;land;false;plains;1
96;139;156;252;land;false;plains;1
97;215;169;118;land;false;plains;1
98;156;223;192;land;false;plains;1
99;154;248;188;land;false;plains;1
100;111;137;254;land;false;plains;1
101;194;109;221;land;false;plains;1
102;208;85;214;land;false;plains;1
103;237;118;196;land;false;plains;1
104;216;232;56;land;false;plains;1
105;254;123;254;land;false;plains;1
106;161;233;206;land;false;plains;1
107;224;246;191;land;true;plains;1
108;248;207;203;land;false;plains;1
109;181;227;204;land;false;plains;1
110;226;151;159;land;false;plains;1
111;106;192;204;land;false;plains;1
112;163;245;175;land;false;plains;1
113;158;189;221;land;false;plains;1
114;99;247;221;land;false;plains;1
115;199;166;252;land;false;plains;1
116;121;213;205;land;false;plains;1
117;236;111;194;land;false;plains;1
118;227;254;128;land;false;plains;1
119;195;207;249;land;false;plains;1
120;215;191;239;land;false;plains;1
121;138;179;250;land;false;plains;1
122;226;155;128;land;false;plains;1
123;139;209;166;land;false;plains;1
124;236;180;179;land;false;plains;1
125;191;241;141;land;false;plains;1
126;209;223;138;land;false;plains;1
127;175;203;236;land;false;plains;1
128;136;191;199;land;false;plains;1
129;254;16;248;land;false;plains;1
130;240;188;133;land;false;plains;1
131;253;254;33;land;true;plains;1
132;209;164;205;land;false;plains;1
133;236;187;168;land;false;plains;1
134;41;234;243;land;false;plains;1
135;71;231;203;land;false;plains;1
136;251;50;224;land;true;plains;1
137;178;254;152;land;false;plains;1
138;209;193;214;land;false;plains;1
139;147;196;219;land;true;plains;1
140;210;234;118;land;false;plains;1
141;100;215;197;land;false;plains;1
142;45;230;226;land;false;plains;1
143;165;249;242;land;false;plains;1
144;157;195;206;land;false;plains;1
145;210;190;215;land;false;plains;1
146;129;205;249;land;false;plains;1
147;224;199;113;land;false;plains;1
148;237;186;138;land;false;plains;1
149;110;171;231;land;false;plains;1
150;93;204;227;land;false;plains;1
151;125;191;219;land;false;plains;1
152;246;229;154;land;false;plains;1
153;98;236;189;land;false;plains;1
154;186;154;247;land;false;plains;1
155;201;158;183;land;false;plains;1
156;101;219;236;land;false;plains;1
157;169;98;245;land;false;plains;1
158;50;232;253;land;false;plains;1
159;215;140;151;land;false;plains;1
160;100;209;226;land;false;plains;1
161;222;143;196;land;false;plains;1
162;243;74;196;land;false;plains;1
163;252;254;235;land;false;plains;1
164;248;118;143;land;false;plains;1
165;199;90;213;land;false;plains;1
166;220;243;188;land;false;plains;1
167;229;180;242;land;false;plains;1
168;160;170;237;land;false;plains;1
169;195;211;213;land;false;plains;1
170;135;250;130;land;true;plains;1
171;191;253;253;land;false;plains;1
172;82;251;250;land;false;plains;1
173;235;141;127;land;false;plains;1
174;175;149;231;land;false;plains;1
175;201;160;240;land;false;plains;1
176;141;182;225;land;false;plains;1
177;228;238;132;land;false;plains;1
178;229;240;152;land;false;plains;1
179;214;163;251;land;false;plains;1
180;27;238;248;land;false;plains;1
181;248;146;226;land;false;plains;1
182;180;220;111;land;false;plains;1
183;237;94;216;land;false;plains;1
184;186;213;162;land;false;plains;1
185;251;226;28;land;false;plains;1
186;191;174;169;land;false;plains;1
187;190;209;137;land;false;plains;1
188;188;246;231;land;false;plains;1
189;175;189;234;land;false;plains;1
190;166;254;215;land;false;plains;1
191;206;253;226;land;false;plains;1
192;219;233;201;land;true;plains;1
193;249;117;160;land;false;plains;1
194;116;223;163;land;false;plains;1
195;149;181;232;land;false;plains;1
196;161;127;248;land;false;plains;1
197;175;125;253;land;false;plains;1
198;210;204;204;land;false;plains;1
199;115;206;201;land;false;plains;1
200;229;236;160;land;false;plains;1
201;148;199;173;land;false;plains;1
202;221;225;98;land;false;plains;1
203;167;177;183;land;false;plains;1
204;166;206;140;land;false;plains;1
205;214;137;200;land;false;plains;1
206;131;253;170;land;false;plains;1
207;201;251;254;land;false;plains;1
208;246;181;147;land;false;plains;1
209;238;237;43;land;false;plains;1
210;210;246;169;land;true;plains;1
211;177;101;225;land;false;plains;1
212;151;153;251;land;false;plains;1
213;192;172;198;land;false;plains;1
214;144;148;218;land;false;plains;1
215;247;229;63;land;false;plains;1
216;195;138;174;land;false;plains;1
217;190;146;249;land;false;plains;1
218;180;195;223;land;false;plains;1
219;169;232;164;land;false;plains;1
220;234;132;161;land;false;plains;1
221;215;105;244;land;false;plains;1
222;194;113;208;land;false;plains;1
223;156;208;174;land;false;plains;1
224;193;123;216;land;false;plains;1
225;130;178;220;land;false;plains;1
226;167;115;241;land;false;plains;1
227;209;206;228;land;false;plains;1
228;238;239;119;land;false;plains;1
229;148;169;234;land;false;plains;1
230;132;194;233;land;false;plains;1
231;222;135;161;land;false;plains;1
232;196;227;91;land;false;plains;1
233;240;52;239;land;false;plains;1
234;252;235;237;land;false;plains;1
235;234;184;102;land;false;plains;1
236;224;253;252;land;false;plains;1
237;138;224;208;land;false;plains;1
238;184;106;237;land;false;plains;1
239;245;194;134;land;false;plains;1
240;227;249;68;land;false;plains;1
241;215;205;230;land;false;plains;1
242;244;127;246;land;false;plains;1
243;201;111;247;land;false;plains;1
244;201;203;189;land;false;plains;1
245;184;183;232;land;false;plains;1
246;209;200;234;land;false;plains;1
247;206;224;111;land;false;plains;1
248;165;225;152;land;false;plains;1
249;252;184;154;land;false;plains;1
250;38;244;220;land;false;plains;1
251;228;141;165;land;true;plains;1
252;246;201;238;land;false;plains;1
253;180;239;116;land;false;plains;1
254;198;220;109;land;true;plains;1
255;178;241;194;land;false;plains;1
256;240;123;224;land;false;plains;1
257;184;187;188;land;false;plains;1
258;90;168;250;land;false;plains;1
259;245;101;200;land;false;plains;1
260;245;155;118;land;false;plains;1
261;235;245;96;land;true;plains;1
262;247;197;200;land;false;plains;1
263;246;245;45;land;false;plains;1
264;133;250;213;land;false;plains;1
265;225;249;37;land;false;plains;1
266;145;241;163;land;false;plains;1
267;254;236;76;land;false;plains;1
268;148;242;216;land;false;plains;1
269;248;128;251;land;false;plains;1
270;229;201;231;land;false;plains;1
271;205;136;218;land;false;plains;1
272;111;192;249;land;false;plains;1
273;131;250;152;land;false;plains;1
274;187;161;163;land;false;plains;1
275;95;209;254;land;false;plains;1
276;162;194;152;land;false;plains;1
277;201;167;174;land;false;plains;1
278;225;235;194;land;false;plains;1
279;190;195;164;land;false;plains;1
280;217;253;199;land;false;plains;1
281;204;112;208;land;false;plains;1
282;150;248;165;land;false;plains;1
283;246;112;145;land;false;plains;1
284;38;241;241;land;false;plains;1
285;230;254;78;land;false;plains;1
286;169;129;240;land;false;plains;1
287;201;177;192;land;false;plains;1
288;136;245;173;land;false;plains;1
289;223;212;217;land;false;plains;1
290;245;111;245;land;false;plains;1
291;251;252;103;land;false;plains;1
292;235;92;198;land;true;plains;1
293;131;249;126;land;false;plains;1
294;121;176;236;land;false;plains;1
295;224;126;154;land;false;plains;1
296;188;111;242;land;false;plains;1
297;197;150;227;land;false;plains;1
298;200;226;249;land;false;plains;1
299;222;147;167;land;false;plains;1
300;181;170;187;land;false;plains;1
301;109;196;205;land;false;plains;1
302;234;167;121;land;false;plains;1
303;147;229;238;land;false;plains;1
304;180;156;186;land;false;plains;1
305;161;253;174;land;false;plains;1
306;254;59;215;land;false;plains;1
307;206;181;125;land;false;plains;1
308;182;118;241;land;false;plains;1
309;232;207;239;land;false;plains;1
310;99;243;170;land;false;plains;1
311;91;182;239;land;false;plains;1
312;68;244;190;land;false;plains;1
313;171;202;151;land;false;plains;1
314;209;225;248;land;false;plains;1
315;150;162;218;land;false;plains;1
316;234;145;169;land;false;plains;1
317;252;248;156;land;false;plains;1
318;250;245;180;land;false;plains;1
319;172;149;228;land;false;plains;1
320;132;219;231;land;false;plains;1
321;225;225;68;land;false;plains;1
322;250;137;155;land;false;plains;1
323;103;223;196;land;false;plains;1
324;164;156;248;land;false;plains;1
325;235;245;162;land;false;plains;1
326;161;182;177;land;false;plains;1
327;173;229;242;land;false;plains;1
328;232;222;61;land;false;plains;1
329;237;140;132;land;false;plains;1
330;224;112;171;land;false;plains;1
331;160;237;153;land;false;plains;1
332;94;194;224;land;false;plains;1
333;239;221;219;land;false;plains;1
334;190;218;184;land;false;plains;1
335;187;218;198;land;false;plains;1
336;226;175;102;land;true;plains;1
337;176;241;176;land;false;plains;1
338;247;245;243;land;false;plains;1
339;74;236;250;land;false;plains;1
340;187;229;167;land;false;plains;1
341;226;234;71;land;false;plains;1
342;146;150;243;land;false;plains;1
343;235;125;200;land;false;plains;1
344;201;139;244;land;false;plains;1
345;211;105;242;land;false;plains;1
346;100;186;236;land;false;plains;1
347;150;125;235;land;false;plains;1
348;187;160;204;land;false;plains;1
349;240;178;174;land;false;plains;1
350;181;175;187;land;false;plains;1
351;138;209;210;land;false;plains;1
352;109;252;254;land;false;plains;1
353;119;230;183;land;false;plains;1
354;248;91;246;land;false;plains;1
355;82;229;199;land;false;plains;1
356;57;194;253;land;false;plains;1
357;43;225;241;land;false;plains;1
358;171;211;245;land;false;plains;1
359;135;253;139;land;false;plains;1
360;184;183;248;land;false;plains;1
361;145;140;246;land;false;plains;1
362;231;116;210;land;true;plains;1
363;205;206;128;land;false;plains;1
364;254;156;221;land;false;plains;1
365;180;111;249;land;false;plains;1
366;234;112;213;land;false;plains;1
367;212;245;134;land;false;plains;1
368;212;126;174;land;true;plains;1
369;112;233;203;land;false;plains;1
370;219;206;153;land;false;plains;1
371;166;134;236;land;false;plains;1
372;188;229;100;land;false;plains;1
373;217;228;231;land;false;plains;1
374;161;230;238;land;false;plains;1
375;100;229;226;land;true;plains;1
376;250;108;240;land;false;plains;1
377;171;209;209;land;false;plains;1
378;199;251;202;land;false;plains;1
379;177;200;229;land;false;plains;1
380;189;176;171;land;false;plains;1
381;233;132;249;land;false;plains;1
382;220;233;50;land;false;plains;1
383;180;147;215;land;false;plains;1
384;162;235;151;land;false;plains;1
385;100;228;216;land;false;plains;1
386;246;240;132;land;false;plains;1
387;186;236;131;land;false;plains;1
388;91;254;212;land;false;plains;1
389;201;213;202;land;false;plains;1
390;129;216;230;land;false;plains;1
391;124;222;218;land;false;plains;1
392;253;238;35;land;true;plains;1
393;220;231;96;land;false;plains;1
394;213;195;204;land;false;plains;1
395;226;237;142;land;false;plains;1
396;215;149;243;land;true;plains;1
397;218;177;195;land;false;plains;1
398;188;211;142;land;false;plains;1
399;173;109;231;land;false;plains;1
400;220;116;179;land;false;plains;1
401;153;251;204;land;false;plains;1
402;251;206;236;land;false;plains;1
403;190;203;152;land;false;plains;1
404;242;196;231;land;false;plains;1
405;236;167;162;land;false;plains;1
406;206;198;139;land;false;plains;1
407;148;218;233;land;false;plains;1
408;232;200;213;land;false;plains;1
409;151;172;187;land;false;plains;1
410;162;189;206;land;false;plains;1
411;115;197;197;land;false;plains;1
412;168;248;241;land;false;plains;1
413;16;247;247;land;false;plains;1
414;200;179;248;land;false;plains;1
415;221;116;221;land;false;plains;1
416;201;216;238;land;false;plains;1
417;254;153;215;land;false;plains;1
418;67;233;208;land;false;plains;1
419;214;57;248;land;false;plains;1
420;91;172;238;land;false;plains;1
421;166;184;254;land;false;plains;1
422;100;184;250;land;false;plains;1
423;165;241;187;land;false;plains;1
424;159;128;229;land;false;plains;1
425;157;227;182;land;true;plains;1
426;195;175;186;land;false;plains;1
427;9;248;246;land;true;plains;1
428;170;110;239;land;false;plains;1
429;250;55;221;land;true;plains;1
430;189;191;189;land;false;plains;1
431;203;145;251;land;false;plains;1
432;246;71;200;land;false;plains;1
433;194;108;232;land;false;plains;1
434;192;203;207;land;false;plains;1
435;153;216;148;land;false;plains;1
436;184;125;217;land;false;plains;1
437;52;239;235;land;true;plains;1
438;227;215;165;land;true;plains;1
439;211;177;213;land;false;plains;1
440;248;242;136;land;true;plains;1
441;202;229;207;land;false;plains;1
442;242;95;212;land;false;plains;1
443;251;176;156;land;false;plains;1
444;209;172;234;land;false;plains;1
445;254;85;243;land;false;plains;1
446;107;154;252;land;false;plains;1
447;157;195;172;land;false;plains;1
448;141;136;240;land;false;plains;1
449;141;150;217;land;false;plains;1
450;228;70;247;land;false;plains;1
451;205;190;208;land;false;plains;1
452;156;156;213;land;false;plains;1
453;83;185;241;land;false;plains;1
454;172;232;145;land;false;plains;1
455;252;86;239;land;false;plains;1
456;248;47;213;land;false;plains;1
457;225;226;241;land;false;plains;1
458;122;171;221;land;false;plains;1
459;142;235;219;land;false;plains;1
460;171;121;244;land;false;plains;1
461;207;249;133;land;false;plains;1
462;192;150;228;land;false;plains;1
463;221;238;213;land;true;plains;1
464;134;189;197;land;false;plains;1
465;164;149;197;land;false;plains;1
466;247;187;247;land;false;plains;1
467;230;96;246;land;false;plains;1
468;251;25;242;land;false;plains;1
469;187;205;153;land;false;plains;1
470;234;142;212;land;false;plains;1
471;67;242;193;land;false;plains;1
472;172;159;175;land;false;plains;1
473;221;119;247;land;true;plains;1
474;150;239;187;land;false;plains;1
475;204;85;218;land;false;plains;1
476;252;247;20;land;false;plains;1
477;194;224;169;land;false;plains;1
478;181;116;226;land;false;plains;1
479;215;178;161;land;false;plains;1
480;250;158;190;land;false;plains;1
481;168;232;185;land;false;plains;1
482;163;198;194;land;false;plains;1
483;205;158;233;land;false;plains;1
484;166;226;118;land;false;plains;1
485;194;194;230;land;false;plains;1
486;106;242;189;land;false;plains;1
487;224;106;225;land;false;plains;1
488;176;228;172;land;false;plains;1
489;100;203;204;land;false;plains;1
490;253;192;75;land;false;plains;1
491;181;197;174;land;false;plains;1
492;253;233;202;land;false;plains;1
493;188;81;232;land;false;plains;1
494;91;181;237;land;false;plains;1
495;120;174;211;land;false;plains;1
496;145;196;241;land;false;plains;1
497;113;221;232;land;false;plains;1
498;199;191;201;land;false;plains;1
499;215;134;188;land;false;plains;1
500;187;220;222;land;true;plains;1
501;214;157;244;land;false;plains;1
502;174;208;253;land;false;plains;1
503;90;215;211;land;false;plains;1
504;217;128;184;land;false;plains;1
505;144;185;223;land;false;plains;1
506;229;244;162;land;false;plains;1
507;225;186;99;land;false;plains;1
508;166;206;228;land;false;plains;1
509;219;242;216;land;false;plains;1
510;238;220;121;land;false;plains;1
511;155;229;212;land;false;plains;1
512;166;242;254;land;false;plains;1
513;128;214;184;land;true;plains;1
514;209;163;246;land;false;plains;1
515;113;221;177;land;false;plains;1
516;244;235;84;land;false;plains;1
517;210;243;58;land;false;plains;1
518;189;227;224;land;false;plains;1
519;205;205;178;land;false;plains;1
520;246;221;84;land;false;plains;1
521;165;240;231;land;false;plains;1
522;183;196;209;land;false;plains;1
523;134;207;237;land;false;plains;1
524;237;189;245;land;false;plains;1
525;202;241;217;land;false;plains;1
526;120;203;220;land;false;plains;1
527;84;239;202;land;false;plains;1
528;235;252;213;land;false;plains;1
529;110;216;239;land;false;plains;1
530;210;213;146;land;false;plains;1
531;125;234;198;land;false;plains;1
532;188;247;179;land;false;plains;1
533;180;196;158;land;false;plains;1
534;178;194;184;land;false;plains;1
535;106;251;248;land;false;plains;1
536;188;103;244;land;false;plains;1
537;246;221;166;land;false;plains;1
538;130;200;204;land;false;plains;1
539;127;215;167;land;false;plains;1
540;194;215;141;land;false;plains;1
541;198;154;222;land;false;plains;1
542;219;68;231;land;false;plains;1
543;144;197;189;land;false;plains;1
544;109;192;223;land;false;plains;1
545;213;208;90;land;false;plains;1
546;206;235;85;land;false;plains;1
547;250;229;153;land;false;plains;1
548;106;144;252;land;false;plains;1
549;248;189;183;land;true;plains;1
550;15;247;240;land;false;plains;1
551;233;110;198;land;false;plains;1
552;187;248;84;land;false;plains;1
553;131;138;232;land;false;plains;1
554;215;245;115;land;false;plains;1
555;112;209;215;land;false;plains;1
556;54;244;252;land;false;plains;1
557;127;190;227;land;false;plains;1
558;98;242;211;land;false;plains;1
559;193;156;223;land;true;plains;1
560;108;241;172;land;false;plains;1
561;191;234;249;land;false;plains;1
562;193;218;92;land;false;plains;1
563;188;123;246;land;false;plains;1
564;238;79;204;land;false;plains;1
565;216;207;154;land;false;plains;1
566;190;100;237;land;false;plains;1
567;207;166;240;land;false;plains;1
568;249;239;99;land;false;plains;1
569;225;141;162;land;false;plains;1
570;158;238;123;land;false;plains;1
571;99;170;234;land;false;plains;1
572;199;174;248;land;false;plains;1
573;117;198;203;land;false;plains;1
574;225;93;184;land;false;plains;1
575;197;168;199;land;false;plains;1
576;227;145;188;land;false;plains;1
577;138;235;241;land;false;plains;1
578;175;165;247;land;false;plains;1
579;186;234;86;land;false;plains;1
580;199;145;224;land;false;plains;1
581;231;216;179;land;false;plains;1
582;191;219;240;land;false;plains;1
583;140;146;244;land;false;plains;1
584;188;164;176;land;false;plains;1
585;121;193;243;land;false;plains;1
586;197;202;208;land;false;plains;1
587;164;248;196;land;false;plains;1
588;192;191;167;land;false;plains;1
589;193;228;114;land;false;plains;1
590;152;199;246;land;false;plains;1
591;246;95;180;land;false;plains;1
592;203;79;248;land;true;plains;1
593;93;234;196;land;true;plains;1
594;169;237;200;land;false;plains;1
595;249;245;18;land;true;plains;1
596;201;197;249;land;false;plains;1
597;195;124;191;land;false;plains;1
598;81;227;253;land;false;plains;1
599;213;231;67;land;false;plains;1
600;228;223;232;land;false;plains;1
601;93;194;230;land;false;plains;1
602;222;185;119;land;false;plains;1
603;106;215;236;land;false;plains;1
604;205;190;190;land;false;plains;1
605;254;164;159;land;false;plains;1
606;224;171;205;land;false;plains;1
607;208;133;220;land;false;plains;1
608;130;208;208;land;false;plains;1
609;152;244;213;land;false;plains;1
610;215;212;93;land;false;plains;1
611;111;233;229;land;false;plains;1
612;102;225;177;land;false;plains;1
613;183;211;225;land;false;plains;1
614;84;197;248;land;false;plains;1
615;122;174;215;land;false;plains;1
616;136;180;237;land;false;plains;1
617;218;105;224;land;false;plains;1
618;195;246;193;land;false;plains;1
619;238;254;77;land;false;plains;1
620;151;207;178;land;false;plains;1
621;178;229;238;land;false;plains;1
622;215;78;235;land;false;plains;1
623;201;226;145;land;false;plains;1
624;200;198;136;land;false;plains;1
625;215;250;62;land;false;plains;1
626;161;245;157;land;false;plains;1
627;238;169;198;land;false;plains;1
628;247;241;163;land;false;plains;1
629;232;42;230;land;false;plains;1
630;212;225;228;land;false;plains;1
631;204;211;94;land;false;plains;1
632;248;177;143;land;true;plains;1
633;228;143;251;land;false;plains;1
634;235;168;168;land;false;plains;1
635;249;124;253;land;false;plains;1
636;242;211;107;land;false;plains;1
637;245;183;90;land;false;plains;1
638;177;229;139;land;false;plains;1
639;211;189;176;land;false;plains;1
640;188;162;214;land;false;plains;1
641;204;237;77;land;false;plains;1
642;211;199;178;land;true;plains;1
643;146;204;203;land;false;plains;1
644;155;198;218;land;false;plains;1
645;108;221;205;land;false;plains;1
646;216;241;240;land;false;plains;1
647;81;196;226;land;false;plains;1
648;164;204;162;land;false;plains;1
649;241;131;149;land;false;plains;1
650;235;170;125;land;false;plains;1
651;134;175;221;land;false;plains;1
652;92;215;207;land;false;plains;1
653;230;240;210;land;false;plains;1
654;132;233;226;land;true;plains;1
655;188;195;198;land;false;plains;1
656;209;171;213;land;true;plains;1
657;120;242;163;land;false;plains;1
658;87;225;219;land;false;plains;1
659;197;165;142;land;false;plains;1
660;193;141;236;land;false;plains;1
661;227;151;128;land;false;plains;1
662;172;208;160;land;false;plains;1
663;233;229;122;land;false;plains;1
664;192;102;223;land;false;plains;1
665;217;101;215;land;false;plains;1
666;225;251;232;land;false;plains;1
667;168;244;250;land;false;plains;1
668;226;159;154;land;false;plains;1
669;232;147;127;land;false;plains;1
670;191;246;100;land;false;plains;1
671;246;97;209;land;false;plains;1
672;240;232;145;land;false;plains;1
673;222;75;251;land;false;plains;1
674;246;46;250;land;false;plains;1
675;93;227;202;land;false;plains;1
676;217;250;199;land;false;plains;1
677;197;198;107;land;false;plains;1
678;190;135;186;land;false;plains;1
679;81;228;235;land;false;plains;1
680;209;112;235;land;false;plains;1
681;193;130;201;land;false;plains;1
682;195;107;244;land;false;plains;1
683;184;233;201;land;true;plains;1
684;237;171;189;land;true;plains;1
685;42;249;248;land;false;plains;1
686;197;231;87;land;false;plains;1
687;245;202;193;land;true;plains;1
688;217;242;159;land;true;plains;1
689;171;101;239;land;false;plains;1
690;187;245;206;land;false;plains;1
691;163;190;226;land;false;plains;1
692;249;97;192;land;false;plains;1
693;109;221;181;land;false;plains;1
694;174;179;184;land;false;plains;1
695;132;233;235;land;false;plains;1
696;172;231;144;land;false;plains;1
697;178;211;132;land;false;plains;1
698;174;174;225;land;false;plains;1
699;231;82;230;land;false;plains;1
700;223;211;251;land;false;plains;1
701;71;207;237;land;false;plains;1
702;210;72;230;land;false;plains;1
703;206;252;44;land;false;plains;1
704;187;228;142;land;false;plains;1
705;135;245;162;land;true;plains;1
706;54;250;215;land;false;plains;1
707;203;230;103;land;true;plains;1
708;196;233;89;land;false;plains;1
709;232;132;228;land;false;plains;1
710;88;161;253;land;false;plains;1
711;126;204;215;land;false;plains;1
712;246;240;152;land;false;plains;1
713;177;210;240;land;false;plains;1
714;225;53;243;land;false;plains;1
715;178;230;248;land;false;plains;1
716;183;176;190;land;false;plains;1
717;196;250;79;land;false;plains;1
718;162;246;222;land;false;plains;1
719;249;253;213;land;false;plains;1
720;195;125;208;land;false;plains;1
721;146;211;175;land;false;plains;1
722;222;241;119;land;false;plains;1
723;129;205;211;land;false;plains;1
724;221;188;186;land;false;plains;1
725;220;229;222;land;false;plains;1
726;240;199;144;land;false;plains;1
727;220;159;242;land;false;plains;1
728;140;222;173;land;true;plains;1
729;238;206;192;land;false;plains;1
730;194;173;170;land;false;plains;1
731;161;127;226;land;false;plains;1
732;199;82;221;land;true;plains;1
733;173;222;171;land;false;plains;1
734;237;180;223;land;false;plains;1
735;208;228;92;land;false;plains;1
736;214;181;131;land;false;plains;1
737;167;181;224;land;false;plains;1
738;241;181;182;land;false;plains;1
739;194;129;202;land;false;plains;1
740;175;249;116;land;false;plains;1
741;253;230;53;land;false;plains;1
742;245;61;215;land;false;plains;1
743;238;191;215;land;false;plains;1
744;178;238;157;land;false;plains;1
745;212;169;232;land;true;plains;1
746;197;153;168;land;false;plains;1
747;206;238;151;land;false;plains;1
748;117;235;159;land;false;plains;1
749;154;225;146;land;false;plains;1
750;123;248;216;land;false;plains;1
751;229;214;219;land;false;plains;1
752;228;240;165;land;false;plains;1
753;225;135;233;land;true;plains;1
754;248;241;108;land;false;plains;1
755;231;213;59;land;false;plains;1
756;252;243;216;land;false;plains;1
757;163;214;212;land;false;plains;1
758;247;134;222;land;false;plains;1
759;237;134;145;land;false;plains;1
760;148;225;210;land;false;plains;1
761;171;226;194;land;false;plains;1
762;200;247;56;land;false;plains;1
763;108;254;238;land;true;plains;1
764;230;246;123;land;false;plains;1
765;148;181;190;land;false;plains;1
766;214;174;163;land;false;plains;1
767;201;67;235;land;false;plains;1
768;242;200;123;land;false;plains;1
769;243;245;139;land;false;plains;1
770;217;247;153;land;false;plains;1
771;198;181;219;land;false;plains;1
772;208;119;225;land;false;plains;1
773;163;175;218;land;false;plains;1
774;174;240;198;land;false;plains;1
775;242;162;144;land;false;plains;1
776;222;133;244;land;false;plains;1
777;70;235;209;land;false;plains;1
778;241;124;244;land;false;plains;1
779;246;58;237;land;false;plains;1
780;230;182;240;land;false;plains;1
781;241;154;165;land;false;plains;1
782;203;198;118;land;false;plains;1
783;63;245;245;land;false;plains;1
784;210;136;202;land;false;plains;1
785;163;227;206;land;false;plains;1
786;230;115;250;land;false;plains;1
787;236;99;247;land;false;plains;1
788;185;166;182;land;false;plains;1
789;205;222;169;land;false;plains;1
790;107;243;254;land;false;plains;1
791;145;229;234;land;false;plains;1
792;169;236;224;land;false;plains;1
793;198;193;144;land;false;plains;1
794;196;91;219;land;false;plains;1
795;240;137;225;land;false;plains;1
796;134;236;244;land;false;plains;1
797;158;175;240;land;false;plains;1
798;145;211;206;land;false;plains;1
799;241;216;238;land;false;plains;1
800;135;177;200;land;false;plains;1
801;161;153;253;land;true;plains;1
802;187;172;203;land;false;plains;1
803;134;163;208;land;false;plains;1
804;211;211;206;land;false;plains;1
805;80;252;191;land;false;plains;1
806;245;234;77;land;false;plains;1
807;99;254;223;land;false;plains;1
808;191;228;87;land;false;plains;1
809;232;167;112;land;false;plains;1
810;212;244;135;land;false;plains;1
811;165;162;174;land;false;plains;1
812;165;200;202;land;false;plains;1
813;222;183;195;land;false;plains;1
814;200;236;191;land;false;plains;1
815;218;117;225;land;false;plains;1
816;219;247;179;land;false;plains;1
817;228;129;179;land;false;plains;1
818;229;220;191;land;true;plains;1
819;205;129;254;land;false;plains;1
820;176;241;197;land;false;plains;1
821;248;91;168;land;false;plains;1
822;193;183;206;land;false;plains;1
823;208;113;209;land;false;plains;1
824;181;195;200;land;false;plains;1
825;134;212;240;land;false;plains;1
826;165;119;233;land;false;plains;1
827;211;113;238;land;false;plains;1
828;221;105;249;land;false;plains;1
829;248;181;143;land;false;plains;1
830;239;232;44;land;false;plains;1
831;203;248;173;land;false;plains;1
832;147;216;148;land;false;plains;1
833;229;244;95;land;false;plains;1
834;132;246;181;land;false;plains;1
835;119;229;254;land;false;plains;1
836;240;64;213;land;false;plains;1
837;209;230;120;land;false;plains;1
838;239;119;197;land;false;plains;1
839;109;205;218;land;false;plains;1
840;241;53;219;land;true;plains;1
841;194;147;189;land;false;plains;1
842;199;248;143;land;false;plains;1
843;208;216;172;land;false;plains;1
844;211;155;138;land;false;plains;1
845;237;94;221;land;false;plains;1
846;168;254;83;land;false;plains;1
847;210;220;205;land;false;plains;1
848;149;238;152;land;false;plains;1
849;218;214;236;land;true;plains;1
850;112;248;230;land;false;plains;1
851;226;85;194;land;false;plains;1
852;226;218;242;land;false;plains;1
853;179;170;222;land;false;plains;1
854;101;183;241;land;false;plains;1
855;217;138;175;land;false;plains;1
856;169;201;239;land;false;plains;1
857;155;197;152;land;false;plains;1
858;188;178;250;land;false;plains;1
859;171;249;152;land;false;plains;1
860;133;147;244;land;false;plains;1
861;178;217;142;land;false;plains;1
862;149;158;203;land;false;plains;1
863;231;179;178;land;false;plains;1
864;73;180;253;land;false;plains;1
865;233;101;170;land;false;plains;1
866;254;168;111;land;false;plains;1
867;131;248;206;land;false;plains;1
868;219;247;125;land;false;plains;1
869;187;163;232;land;false;plains;1
870;240;199;240;land;false;plains;1
871;234;135;204;land;false;plains;1
872;138;219;189;land;false;plains;1
873;216;208;102;land;false;plains;1
874;240;120;254;land;false;plains;1
875;237;226;186;land;false;plains;1
876;230;219;246;land;false;plains;1
877;245;131;243;land;false;plains;1
878;171;135;233;land;false;plains;1
879;166;159;203;land;false;plains;1
880;119;204;224;land;false;plains;1
881;230;120;244;land;false;plains;1
882;182;218;202;land;false;plains;1
883;122;241;204;land;false;plains;1
884;116;203;213;land;true;plains;1
885;254;105;167;land;false;plains;1
886;216;231;184;land;false;plains;1
887;175;176;178;land;false;plains;1
888;151;208;149;land;false;plains;1
889;176;246;141;land;false;plains;1
890;174;239;253;land;false;plains;1
891;222;165;183;land;false;plains;1
892;161;251;220;land;false;plains;1
893;183;177;237;land;false;plains;1
894;250;245;29;land;false;plains;1
895;156;207;182;land;false;plains;1
896;210;172;238;land;false;plains;1
897;214;156;159;land;false;plains;1
898;239;238;144;land;false;plains;1
899;221;63;250;land;false;plains;1
900;233;250;61;land;false;plains;1
901;145;136;228;land;false;plains;1
902;238;178;158;land;false;plains;1
903;82;235;237;land;false;plains;1
904;189;250;144;land;false;plains;1
905;214;127;193;land;false;plains;1
906;231;190;225;land;false;plains;1
907;233;206;75;land;false;plains;1
908;245;203;144;land;false;plains;1
909;242;241;140;land;false;plains;1
910;245;81;191;land;false;plains;1
911;245;225;118;land;false;plains;1
912;210;142;191;land;false;plains;1
913;240;238;220;land;false;plains;1
914;233;97;175;land;false;plains;1
915;220;210;177;land;false;plains;1
916;190;135;188;land;false;plains;1
917;231;167;138;land;false;plains;1
918;246;121;246;land;false;plains;1
919;232;235;244;land;false;plains;1
920;212;118;230;land;true;plains;1
921;90;201;249;land;false;plains;1
922;187;147;206;land;false;plains;1
923;168;241;230;land;false;plains;1
924;208;138;252;land;false;plains;1
925;207;191;143;land;false;plains;1
926;205;147;236;land;false;plains;1
927;220;191;149;land;false;plains;1
928;164;201;160;land;false;plains;1
929;234;185;140;land;false;plains;1
930;126;228;247;land;false;plains;1
931;252;149;188;land;false;plains;1
932;167;196;205;land;false;plains;1
933;233;94;219;land;false;plains;1
934;225;208;243;land;false;plains;1
935;215;233;244;land;true;plains;1
936;167;248;248;land;false;plains;1
937;183;185;175;land;false;plains;1
938;249;213;177;land;false;plains;1
939;235;202;96;land;false;plains;1
940;97;160;246;land;false;plains;1
941;169;216;231;land;false;plains;1
942;137;143;228;land;false;plains;1
943;220;149;238;land;false;plains;1
944;198;132;237;land;true;plains;1
945;226;89;209;land;false;plains;1
946;240;171;182;land;false;plains;1
947;118;236;195;land;false;plains;1
948;175;198;210;land;false;plains;1
949;85;245;241;land;false;plains;1
950;228;238;199;land;false;plains;1
951;171;92;253;land;false;plains;1
952;196;202;165;land;false;plains;1
953;241;230;85;land;false;plains;1
954;84;224;241;land;false;plains;1
955;205;149;168;land;false;plains;1
956;219;101;185;land;false;plains;1
957;120;238;211;land;false;plains;1
958;205;114;220;land;false;plains;1
959;177;174;214;land;false;plains;1
960;233;88;250;land;false;plains;1
961;206;187;205;land;false;plains;1
962;197;154;224;land;false;plains;1
963;189;145;213;land;false;plains;1
964;222;150;167;land;false;plains;1
965;217;134;214;land;false;plains;1
966;191;154;187;land;false;plains;1
967;173;223;118;land;false;plains;1
968;201;254;208;land;false;plains;1
969;186;211;181;land;false;plains;1
970;217;200;133;land;false;plains;1
971;203;174;239;land;false;plains;1
972;176;250;166;land;false;plains;1
973;183;218;147;land;false;plains;1
974;236;201;182;land;false;plains;1
975;233;250;229;land;false;plains;1
976;234;69;213;land;false;plains;1
977;245;173;200;land;false;plains;1
978;142;217;187;land;false;plains;1
979;239;194;75;land;false;plains;1
980;245;81;238;land;false;plains;1
981;207;192;190;land;false;plains;1
982;167;236;244;land;false;plains;1
983;182;166;214;land;false;plains;1
984;136;170;214;land;false;plains;1
985;215;142;210;land;false;plains;1
986;232;152;181;land;false;plains;1
987;147;145;250;land;false;plains;1
988;208;109;233;land;false;plains;1
989;246;184;76;land;false;plains;1
990;228;119;227;land;false;plains;1
991;228;181;132;land;false;plains;1
992;240;155;165;land;false;plains;1
993;204;161;195;land;false;plains;1
994;58;247;232;land;false;plains;1
995;155;254;122;land;false;plains;1
996;223;215;217;land;false;plains;1
997;173;155;192;land;false;plains;1
998;228;212;205;land;false;plains;1
999;87;212;228;land;false;plains;1
1000;141;207;213;land;false;plains;1
1001;186;229;99;land;false;plains;1
1002;220;234;185;land;true;plains;1
1003;144;193;249;land;false;plains;1
1004;181;247;157;land;false;plains;1
1005;186;173;144;land;false;plains;1
1006;188;225;226;land;false;plains;1
1007;50;234;223;land;false;plains;1
1008;253;237;85;land;false;plains;1
1009;230;103;195;land;false;plains;1
1010;142;212;246;land;true;plains;1
1011;188;253;160;land;false;plains;1
1012;218;224;65;land;false;plains;1
1013;116;174;248;land;false;plains;1
1014;70;254;218;land;false;plains;1
1015;223;228;57;land;false;plains;1
1016;114;222;241;land;false;plains;1
1017;210;176;220;land;false;plains;1
1018;251;150;150;land;false;plains;1
1019;180;207;224;land;false;plains;1
1020;201;254;47;land;true;plains;1
1021;218;153;228;land;false;plains;1
1022;219;144;237;land;false;plains;1
1023;153;240;155;land;false;plains;1
1024;181;233;142;land;false;plains;1
1025;181;138;215;land;false;plains;1
1026;243;112;163;land;false;plains;1
1027;139;219;210;land;false;plains;1
1028;106;242;193;land;false;plains;1
1029;188;248;217;land;false;plains;1
1030;183;227;230;land;false;plains;1
1031;250;118;154;land;false;plains;1
1032;169;237;253;land;false;plains;1
1033;234;239;140;land;false;plains;1
1034;170;251;187;land;false;plains;1
1035;111;238;152;land;true;plains;1
1036;160;174;216;land;false;plains;1
1037;219;101;201;land;false;plains;1
1038;213;207;134;land;false;plains;1
1039;213;233;219;land;false;plains;1
1040;235;244;218;land;false;plains;1
1041;244;141;149;land;true;plains;1
1042;233;164;129;land;false;plains;1
1043;182;220;145;land;false;plains;1
1044;122;208;236;land;false;plains;1
1045;68;210;250;land;false;plains;1
1046;254;127;228;land;false;plains;1
1047;234;176;248;land;false;plains;1
1048;241;157;193;land;false;plains;1
1049;236;252;70;land;true;plains;1
1050;146;169;218;land;false;plains;1
1051;186;242;176;land;false;plains;1
1052;218;220;108;land;false;plains;1
1053;240;248;81;land;false;plains;1
1054;245;128;203;land;true;plains;1
1055;144;251;190;land;false;plains;1
1056;233;186;240;land;false;plains;1
1057;165;170;231;land;false;plains;1
1058;205;183;150;land;false;plains;1
1059;236;78;230;land;false;plains;1
1060;248;137;147;land;false;plains;1
1061;211;223;180;land;false;plains;1
1062;210;185;214;land;false;plains;1
1063;115;144;252;land;false;plains;1
1064;179;211;189;land;false;plains;1
1065;188;203;228;land;true;plains;1
1066;218;247;158;land;false;plains;1
1067;213;221;86;land;false;plains;1
1068;164;195;152;land;false;plains;1
1069;201;208;186;land;false;plains;1
1070;174;171;186;land;false;plains;1
1071;192;199;224;land;false;plains;1
1072;194;221;98;land;false;plains;1
1073;225;220;153;land;false;plains;1
1074;229;163;110;land;false;plains;1
1075;209;226;94;land;false;plains;1
1076;229;174;218;land;false;plains;1
1077;253;214;155;land;false;plains;1
1078;223;211;169;land;false;plains;1
1079;232;240;219;land;false;plains;1
1080;251;210;121;land;false;plains;1
1081;246;147;223;land;false;plains;1
1082;184;183;147;land;true;plains;1
1083;236;242;171;land;false;plains;1
1084;215;177;191;land;false;plains;1
1085;169;187;247;land;true;plains;1
1086;187;144;237;land;false;plains;1
1087;75;222;230;land;false;plains;1
1088;233;248;79;land;false;plains;1
1089;195;195;199;land;false;plains;1
1090;207;194;114;land;false;plains;1
1091;148;172;240;land;false;plains;1
1092;116;234;215;land;false;plains;1
1093;228;144;167;land;false;plains;1
1094;200;120;237;land;false;plains;1
1095;140;179;233;land;false;plains;1
1096;222;219;111;land;false;plains;1
1097;251;135;243;land;false;plains;1
1098;219;225;126;land;false;plains;1
1099;157;246;166;land;true;plains;1
1100;145;204;237;land;false;plains;1
1101;185;247;220;land;false;plains;1
1102;210;251;203;land;false;plains;1
1103;238;169;147;land;false;plains;1
1104;215;186;136;land;false;plains;1
1105;105;218;180;land;false;plains;1
1106;218;129;231;land;false;plains;1
1107;191;189;215;land;false;plains;1
1108;157;222;134;land;false;plains;1
1109;173;230;229;land;false;plains;1
1110;186;137;212;land;false;plains;1
1111;203;252;205;land;false;plains;1
1112;191;191;234;land;false;plains;1
1113;243;249;214;land;false;plains;1
1114;217;138;205;land;false;plains;1
1115;154;223;222;land;false;plains;1
1116;232;102;241;land;false;plains;1
1117;130;152;227;land;false;plains;1
1118;134;230;249;land;false;plains;1
1119;148;138;230;land;false;plains;1
1120;154;252;156;land;false;plains;1
1121;216;221;224;land;false;plains;1
1122;110;229;182;land;false;plains;1
1123;204;151;220;land;false;plains;1
1124;107;252;232;land;false;plains;1
1125;240;68;235;land;false;plains;1
1126;108;244;201;land;false;plains;1
1127;88;207;243;land;true;plains;1
1128;145;251;193;land;false;plains;1
1129;249;249;95;land;false;plains;1
1130;254;228;170;land;false;plains;1
1131;122;232;214;land;true;plains;1
1132;220;140;169;land;false;plains;1
1133;226;164;244;land;false;plains;1
1134;137;188;229;land;false;plains;1
1135;195;146;234;land;false;plains;1
1136;233;238;229;land;false;plains;1
1137;210;233;247;land;false;plains;1
1138;127;178;219;land;false;plains;1
1139;213;241;69;land;false;plains;1
1140;212;219;132;land;false;plains;1
1141;145;217;212;land;false;plains;1
1142;214;227;146;land;false;plains;1
1143;248;156;216;land;false;plains;1
1144;146;227;188;land;true;plains;1
1145;220;110;198;land;false;plains;1
1146;206;148;228;land;false;plains;1
1147;245;241;142;land;false;plains;1
1148;142;213;219;land;false;plains;1
1149;249;204;167;land;false;plains;1
1150;163;146;226;land;false;plains;1
1151;135;230;224;land;false;plains;1
1152;207;223;247;land;false;plains;1
1153;226;105;219;land;false;plains;1
1154;113;155;250;land;false;plains;1
1155;162;164;198;land;false;plains;1
1156;190;232;229;land;false;plains;1
1157;90;191;220;land;false;plains;1
1158;200;212;162;land;false;plains;1
1159;232;146;204;land;false;plains;1
1160;185;150;202;land;false;plains;1
1161;216;209;216;land;false;plains;1
1162;247;169;207;land;false;plains;1
1163;253;177;147;land;true;plains;1
1164;218;82;230;land;false;plains;1
1165;225;218;184;land;false;plains;1
1166;246;152;121;land;false;plains;1
1167;242;61;246;land;false;plains;1
1168;205;57;241;land;false;plains;1
1169;178;168;186;land;false;plains;1
1170;172;239;92;land;false;plains;1
1171;168;249;218;land;false;plains;1
1172;207;205;229;land;false;plains;1
1173;159;149;194;land;false;plains;1
1174;234;197;203;land;false;plains;1
1175;98;211;248;land;true;plains;1
1176;222;229;158;land;false;plains;1
1177;240;209;222;land;false;plains;1
1178;212;222;216;land;true;plains;1
1179;216;121;172;land;false;plains;1
1180;160;205;228;land;false;plains;1
1181;197;219;173;land;false;plains;1
1182;192;227;185;land;false;plains;1
1183;248;118;238;land;false;plains;1
1184;196;174;163;land;false;plains;1
1185;206;207;222;land;true;plains;1
1186;207;82;232;land;false;plains;1
1187;211;181;218;land;false;plains;1
1188;253;45;254;land;false;plains;1
1189;196;212;148;land;false;plains;1
1190;131;209;204;land;false;plains;1
1191;239;53;250;land;false;plains;1
1192;237;195;173;land;false;plains;1
1193;145;173;206;land;true;plains;1
1194;208;148;198;land;false;plains;1
1195;83;245;228;land;false;plains;1
1196;218;166;137;land;false;plains;1
1197;237;51;231;land;false;plains;1
1198;155;224;211;land;false;plains;1
1199;242;246;47;land;false;plains;1
1200;199;235;231;land;false;plains;1
1201;208;182;219;land;false;plains;1
1202;126;239;151;land;false;plains;1
1203;212;166;224;land;true;plains;1
1204;233;177;196;land;false;plains;1
1205;223;126;240;land;false;plains;1
1206;206;244;152;land;false;plains;1
1207;234;52;251;land;false;plains;1
1208;250;183;145;land;false;plains;1
1209;235;84;217;land;false;plains;1
1210;180;214;239;land;false;plains;1
1211;139;203;174;land;false;plains;1
1212;141;238;164;land;false;plains;1
1213;250;159;117;land;false;plains;1
1214;212;92;242;land;false;plains;1
1215;210;155;223;land;false;plains;1
1216;225;159;130;land;false;plains;1
1217;197;216;229;land;false;plains;1
1218;208;146;203;land;false;plains;1
1219;119;177;217;land;false;plains;1
1220;212;247;163;land;false;plains;1
1221;224;205;110;land;false;plains;1
1222;98;238;173;land;false;plains;1
1223;159;124;246;land;false;plains;1
1224;214;165;172;land;false;plains;1
1225;198;188;148;land;false;plains;1
1226;209;236;164;land;false;plains;1
1227;187;117;233;land;false;plains;1
1228;182;246;89;land;false;plains;1
1229;210;243;243;land;false;plains;1
1230;113;228;168;land;false;plains;1
1231;207;78;221;land;false;plains;1
1232;234;182;244;land;false;plains;1
1233;220;210;137;land;false;plains;1
1234;179;197;187;land;false;plains;1
1235;142;236;195;land;false;plains;1
1236;222;211;126;land;false;plains;1
1237;126;196;245;land;false;plains;1
1238;215;203;173;land;false;plains;1
1239;161;164;215;land;false;plains;1
1240;202;226;79;land;false;plains;1
1241;236;161;105;land;false;plains;1
1242;217;234;182;land;false;plains;1
1243;150;213;199;land;false;plains;1
1244;172;205;133;land;false;plains;1
1245;221;220;63;land;true;plains;1
1246;152;248;211;land;false;plains;1
1247;230;231;141;land;false;plains;1
1248;202;238;116;land;false;plains;1
1249;120;238;244;land;false;plains;1
1250;228;226;102;land;false;plains;1
1251;209;194;110;land;false;plains;1
1252;178;233;117;land;false;plains;1
1253;41;242;252;land;false;plains;1
1254;223;174;112;land;false;plains;1
1255;154;248;171;land;false;plains;1
1256;226;198;164;land;true;plains;1
1257;226;149;237;land;false;plains;1
1258;192;146;178;land;false;plains;1
1259;235;159;188;land;false;plains;1
1260;108;212;212;land;false;plains;1
1261;117;232;188;land;false;plains;1
1262;110;250;158;land;false;plains;1
1263;240;81;235;land;false;plains;1
1264;209;99;211;land;true;plains;1
1265;227;247;36;land;false;plains;1
1266;218;136;174;land;false;plains;1
1267;247;113;203;land;false;plains;1
1268;215;186;183;land;false;plains;1
1269;66;246;241;land;false;plains;1
1270;195;242;141;land;false;plains;1
1271;230;181;226;land;false;plains;1
1272;225;129;160;land;false;plains;1
1273;198;169;185;land;false;plains;1
1274;205;73;248;land;false;plains;1
1275;203;121;253;land;false;plains;1
1276;145;226;156;land;false;plains;1
1277;226;97;211;land;true;plains;1
1278;223;78;209;land;false;plains;1
1279;136;186;194;land;false;plains;1
1280;60;236;211;land;false;plains;1
1281;186;128;216;land;false;plains;1
1282;228;73;216;land;false;plains;1
1283;240;208;205;land;true;plains;1
1284;148;111;249;land;false;plains;1
1285;232;157;145;land;false;plains;1
1286;246;192;97;land;false;plains;1
1287;221;251;51;land;false;plains;1
1288;207;188;145;land;true;plains;1
1289;237;133;156;land;false;plains;1
1290;74;205;250;land;false;plains;1
1291;159;202;164;land;false;plains;1
1292;199;172;163;land;false;plains;1
1293;250;202;58;land;false;plains;1
1294;142;178;222;land;false;plains;1
1295;117;199;245;land;false;plains;1
1296;138;199;224;land;false;plains;1
1297;236;151;143;land;false;plains;1
1298;210;233;192;land;false;plains;1
1299;128;221;157;land;true;plains;1
1300;172;210;241;land;false;plains;1
1301;162;129;241;land;false;plains;1
1302;106;235;234;land;false;plains;1
1303;234;205;168;land;false;plains;1
1304;178;223;214;land;false;plains;1
1305;211;243;247;land;false;plains;1
1306;220;202;217;land;false;plains;1
1307;178;237;251;land;false;plains;1
1308;184;233;193;land;false;plains;1
1309;212;115;190;land;false;plains;1
1310;215;205;156;land;false;plains;1
1311;203;233;126;land;false;plains;1
1312;164;221;122;land;false;plains;1
1313;183;195;151;land;false;plains;1
1314;114;204;217;land;false;plains;1
1315;135;241;247;land;false;plains;1
1316;160;204;247;land;false;plains;1
1317;168;241;221;land;false;plains;1
1318;225;219;216;land;false;plains;1
1319;180;180;180;land;false;plains;1
1320;141;201;237;land;false;plains;1
1321;151;241;218;land;false;plains;1
1322;187;232;165;land;false;plains;1
1323;228;242;111;land;false;plains;1
1324;208;223;181;land;false;plains;1
1325;198;193;188;land;false;plains;1
1326;222;179;212;land;false;plains;1
1327;173;93;237;land;false;plains;1
1328;173;239;165;land;true;plains;1
1329;124;250;198;land;false;plains;1
1330;216;247;55;land;false;plains;1
1331;122;147;253;land;false;plains;1
1332;149;165;190;land;false;plains;1
1333;216;229;209;land;false;plains;1
1334;201;237;123;land;false;plains;1
1335;174;172;169;land;false;plains;1
1336;240;223;158;land;false;plains;1
1337;99;237;217;land;false;plains;1
1338;134;239;197;land;false;plains;1
1339;234;165;130;land;true;plains;1
1340;240;135;204;land;false;plains;1
1341;241;199;232;land;false;plains;1
1342;236;195;167;land;false;plains;1
1343;253;91;169;land;false;plains;1
1344;199;158;196;land;false;plains;1
1345;112;231;248;land;false;plains;1
1346;166;179;206;land;true;plains;1
1347;226;242;86;land;false;plains;1
1348;238;228;139;land;false;plains;1
1349;55;242;237;land;false;plains;1
1350;228;244;97;land;false;plains;1
1351;251;187;85;land;false;plains;1
1352;229;88;248;land;false;plains;1
1353;146;181;174;land;false;plains;1
1354;193;85;247;land;false;plains;1
1355;34;244;233;land;false;plains;1
1356;180;208;226;land;false;plains;1
1357;175;129;216;land;false;plains;1
1358;215;173;236;land;false;plains;1
1359;198;179;158;land;true;plains;1
1360;113;180;209;land;false;plains;1
1361;195;128;234;land;false;plains;1
1362;234;243;242;land;false;plains;1
1363;113;195;216;land;false;plains;1
1364;187;227;171;land;false;plains;1
1365;234;150;134;land;false;plains;1
1366;245;224;43;land;false;plains;1
1367;241;198;245;land;false;plains;1
1368;158;196;247;land;false;plains;1
1369;181;113;230;land;false;plains;1
1370;132;161;238;land;false;plains;1
1371;247;162;192;land;false;plains;1
1372;130;243;209;land;false;plains;1
1373;122;229;152;land;false;plains;1
1374;247;224;183;land;false;plains;1
1375;195;169;224;land;false;plains;1
1376;230;38;251;land;false;plains;1
1377;226;226;75;land;false;plains;1
1378;252;144;135;land;false;plains;1
1379;186;172;232;land;false;plains;1
1380;184;166;192;land;false;plains;1
1381;176;215;241;land;false;plains;1
1382;244;53;243;land;false;plains;1
1383;211;131;233;land;false;plains;1
1384;149;139;236;land;false;plains;1
1385;237;99;227;land;true;plains;1
1386;230;193;222;land;true;plains;1
1387;208;189;211;land;false;plains;1
1388;148;215;236;land;false;plains;1
1389;138;175;242;land;false;plains;1
1390;162;169;187;land;false;plains;1
1391;146;235;222;land;false;plains;1
1392;235;171;136;land;false;plains;1
1393;177;218;181;land;false;plains;1
1394;174;210;163;land;false;plains;1
1395;105;212;206;land;false;plains;1
1396;185;225;196;land;false;plains;1
1397;228;170;140;land;false;plains;1
1398;234;232;86;land;false;plains;1
1399;137;235;171;land;false;plains;1
1400;248;90;189;land;false;plains;1
1401;157;203;253;land;false;plains;1
1402;160;186;196;land;false;plains;1
1403;229;92;212;land;true;plains;1
1404;146;208;184;land;false;plains;1
1405;203;224;89;land;false;plains;1
1406;210;136;179;land;false;plains;1
1407;198;124;232;land;false;plains;1
1408;201;151;247;land;false;plains;1
1409;208;243;226;land;false;plains;1
1410;220;99;234;land;false;plains;1
1411;110;185;246;land;false;plains;1
1412;218;230;75;land;false;plains;1
1413;140;234;212;land;false;plains;1
1414;113;204;189;land;false;plains;1
1415;159;191;249;land;false;plains;1
1416;174;188;171;land;false;plains;1
1417;170;154;212;land;false;plains;1
1418;213;107;237;land;false;plains;1
1419;161;236;178;land;false;plains;1
1420;239;229;35;land;false;plains;1
1421;231;241;54;land;true;plains;1
1422;162;253;212;land;true;plains;1
1423;193;227;230;land;false;plains;1
1424;129;242;227;land;false;plains;1
1425;145;129;240;land;false;plains;1
1426;247;182;211;land;false;plains;1
1427;235;106;181;land;false;plains;1
1428;222;205;174;land;false;plains;1
1429;238;129;166;land;false;plains;1
1430;133;204;220;land;false;plains;1
1431;251;208;218;land;false;plains;1
1432;172;122;216;land;false;plains;1
1433;200;180;165;land;false;plains;1
1434;221;228;155;land;false;plains;1
1435;136;197;213;land;false;plains;1
1436;232;54;243;land;false;plains;1
1437;86;212;212;land;false;plains;1
1438;163;156;214;land;false;plains;1
1439;156;216;186;land;false;plains;1
1440;234;223;245;land;false;plains;1
1441;162;170;196;land;false;plains;1
1442;162;230;236;land;false;plains;1
1443;160;211;164;land;false;plains;1
1444;197;221;216;land;false;plains;1
1445;169;208;175;land;false;plains;1
1446;252;99;216;land;false;plains;1
1447;190;157;235;land;false;plains;1
1448;245;241;150;land;false;plains;1
1449;210;107;214;land;false;plains;1
1450;251;189;219;land;false;plains;1
1451;238;161;237;land;false;plains;1
1452;200;191;148;land;false;plains;1
1453;242;38;221;land;false;plains;1
1454;197;229;173;land;false;plains;1
1455;174;200;189;land;false;plains;1
1456;91;224;250;land;false;plains;1
1457;163;246;98;land;false;plains;1
1458;100;200;217;land;true;plains;1
1459;241;141;177;land;false;plains;1
1460;245;49;218;land;false;plains;1
1461;241;97;188;land;false;plains;1
1462;156;166;196;land;false;plains;1
1463;247;218;200;land;false;plains;1
1464;179;216;188;land;false;plains;1
1465;239;116;158;land;false;plains;1
1466;138;182;227;land;false;plains;1
1467;232;170;176;land;false;plains;1
1468;102;245;188;land;false;plains;1
1469;243;227;238;land;false;plains;1
1470;210;161;162;land;false;plains;1
1471;237;228;66;land;true;plains;1
1472;215;127;183;land;false;plains;1
1473;202;203;168;land;false;plains;1
1474;132;220;214;land;false;plains;1
1475;222;227;189;land;false;plains;1
1476;194;122;239;land;false;plains;1
1477;127;201;246;land;false;plains;1
1478;243;219;80;land;false;plains;1
1479;144;213;174;land;false;plains;1
1480;250;205;135;land;false;plains;1
1481;228;182;181;land;false;plains;1
1482;185;253;225;land;false;plains;1
1483;223;161;179;land;false;plains;1
1484;181;248;108;land;false;plains;1
1485;225;236;173;land;false;plains;1
1486;243;203;242;land;false;plains;1
1487;147;190;192;land;false;plains;1
1488;236;239;100;land;false;plains;1
1489;195;242;172;land;false;plains;1
1490;220;161;194;land;false;plains;1
1491;229;178;245;land;false;plains;1
1492;253;51;217;land;false;plains;1
1493;40;217;244;land;true;plains;1
1494;44;247;210;land;false;plains;1
1495;223;165;163;land;false;plains;1
1496;167;180;221;land;false;plains;1
1497;236;64;254;land;false;plains;1
1498;194;207;166;land;false;plains;1
1499;218;162;146;land;false;plains;1
1500;105;253;173;land;false;plains;1
1501;181;213;224;land;false;plains;1
1502;212;242;123;land;false;plains;1
1503;242;156;119;land;false;plains;1
1504;254;92;193;land;false;plains;1
1505;146;150;240;land;false;plains;1
1506;221;251;56;land;false;plains;1
1507;118;181;230;land;false;plains;1
1508;190;140;211;land;false;plains;1
1509;161;250;194;land;false;plains;1
1510;219;70;225;land;false;plains;1
1511;223;249;45;land;false;plains;1
1512;189;220;141;land;false;plains;1
1513;227;76;240;land;false;plains;1
1514;135;238;131;land;false;plains;1
1515;241;67;209;land;false;plains;1
1516;208;220;86;land;true;plains;1
1517;98;227;198;land;false;plains;1
1518;192;189;206;land;false;plains;1
1519;190;77;247;land;false;plains;1
1520;204;223;236;land;false;plains;1
1521;168;195;169;land;false;plains;1
1522;251;156;190;land;false;plains;1
1523;221;225;112;land;false;plains;1
1524;212;249;98;land;false;plains;1
1525;225;244;254;land;false;plains;1
1526;194;151;237;land;false;plains;1
1527;218;140;184;land;false;plains;1
1528;156;223;124;land;false;plains;1
1529;181;154;203;land;false;plains;1
1530;115;240;227;land;false;plains;1
1531;81;246;234;land;false;plains;1
1532;149;217;212;land;false;plains;1
1533;226;202;173;land;false;plains;1
1534;224;102;252;land;false;plains;1
1535;208;163;187;land;false;plains;1
1536;189;153;188;land;true;plains;1
1537;68;208;251;land;false;plains;1
1538;106;226;224;land;false;plains;1
1539;39;234;237;land;false;plains;1
1540;112;232;186;land;false;plains;1
1541;246;135;125;land;false;plains;1
1542;190;196;194;land;false;plains;1
1543;159;118;247;land;false;plains;1
1544;181;249;165;land;true;plains;1
1545;250;133;119;land;true;plains;1
1546;220;227;231;land;false;plains;1
1547;198;238;69;land;false;plains;1
1548;235;186;225;land;false;plains;1
1549;228;132;233;land;false;plains;1
1550;101;253;188;land;false;plains;1
1551;90;248;182;land;false;plains;1
1552;232;245;206;land;false;plains;1
1553;253;249;95;land;false;plains;1
1554;205;133;248;land;false;plains;1
1555;166;144;225;land;false;plains;1
1556;129;206;212;land;false;plains;1
1557;220;198;103;land;false;plains;1
1558;159;224;138;land;false;plains;1
1559;254;139;115;land;false;plains;1
1560;246;251;136;land;false;plains;1
1561;231;130;181;land;false;plains;1
1562;238;211;64;land;false;plains;1
1563;35;224;243;land;false;plains;1
1564;102;237;170;land;false;plains;1
1565;233;201;173;land;false;plains;1
1566;201;162;164;land;false;plains;1
1567;230;34;251;land;true;plains;1
1568;154;240;222;land;false;plains;1
1569;84;197;224;land;false;plains;1
1570;252;173;175;land;false;plains;1
1571;107;213;254;land;false;plains;1
1572;185;235;177;land;true;plains;1
1573;225;219;126;land;true;plains;1
1574;207;110;232;land;false;plains;1
1575;213;117;179;land;false;plains;1
1576;202;191;244;land;true;plains;1
1577;92;199;225;land;false;plains;1
1578;56;240;246;land;false;plains;1
1579;169;221;218;land;false;plains;1
1580;181;236;153;land;false;plains;1
1581;234;243;175;land;false;plains;1
1582;200;65;253;land;false;plains;1
1583;89;242;234;land;true;plains;1
1584;170;163;182;land;false;plains;1
1585;133;191;230;land;true;plains;1
1586;127;245;229;land;false;plains;1
1587;212;192;224;land;false;plains;1
1588;176;172;247;land;false;plains;1
1589;180;229;104;land;true;plains;1
1590;246;189;225;land;false;plains;1
1591;207;157;238;land;false;plains;1
1592;237;162;119;land;false;plains;1
1593;249;223;181;land;false;plains;1
1594;147;229;243;land;false;plains;1
1595;246;202;222;land;false;plains;1
1596;213;212;205;land;false;plains;1
1597;199;140;242;land;false;plains;1
1598;195;152;234;land;false;plains;1
1599;226;222;75;land;false;plains;1
1600;235;123;215;land;false;plains;1
1601;95;216;251;land;false;plains;1
1602;247;130;161;land;false;plains;1
1603;230;209;148;land;false;plains;1
1604;250;246;171;land;false;plains;1
1605;153;170;203;land;false;plains;1
1606;219;136;170;land;false;plains;1
1607;236;98;231;land;false;plains;1
1608;221;218;119;land;false;plains;1
1609;247;244;66;land;false;plains;1
1610;231;248;121;land;false;plains;1
1611;246;45;218;land;false;plains;1
1612;239;99;231;land;false;plains;1
1613;245;237;163;land;false;plains;1
1614;179;201;216;land;false;plains;1
1615;252;183;111;land;false;plains;1
1616;164;122;225;land;false;plains;1
1617;220;106;190;land;false;plains;1
1618;203;161;169;land;false;plains;1
1619;218;216;160;land;false;plains;1
1620;143;217;199;land;false;plains;1
1621;187;212;232;land;false;plains;1
1622;144;247;162;land;false;plains;1
1623;168;186;232;land;false;plains;1
1624;150;181;177;land;false;plains;1
1625;178;210;172;land;false;plains;1
1626;175;243;235;land;false;plains;1
1627;220;122;245;land;false;plains;1
1628;228;172;218;land;false;plains;1
1629;164;180;217;land;false;plains;1
1630;233;150;180;land;false;plains;1
1631;252;201;212;land;false;plains;1
1632;159;244;136;land;false;plains;1
1633;246;164;250;land;false;plains;1
1634;34;239;248;land;false;plains;1
1635;204;179;127;land;false;plains;1
1636;104;162;246;land;false;plains;1
1637;220;207;168;land;false;plains;1
1638;242;188;179;land;false;plains;1
1639;234;166;138;land;false;plains;1
1640;157;181;197;land;false;plains;1
1641;223;220;243;land;false;plains;1
1642;112;247;190;land;false;plains;1
1643;171;190;248;land;false;plains;1
1644;144;206;187;land;false;plains;1
1645;246;122;168;land;false;plains;1
1646;254;187;203;land;false;plains;1
1647;185;189;187;land;false;plains;1
1648;219;234;215;land;false;plains;1
1649;251;114;175;land;false;plains;1
1650;253;223;231;land;false;plains;1
1651;175;120;247;land;false;plains;1
1652;194;248;209;land;false;plains;1
1653;201;238;133;land;false;plains;1
1654;217;145;180;land;false;plains;1
1655;188;195;222;land;true;plains;1
1656;177;234;226;land;false;plains;1
1657;253;131;250;land;false;plains;1
1658;198;248;61;land;false;plains;1
1659;229;183;107;land;false;plains;1
1660;190;198;124;land;false;plains;1
1661;213;239;210;land;false;plains;1
1662;148;241;170;land;false;plains;1
1663;221;180;251;land;false;plains;1
1664;177;168;228;land;false;plains;1
1665;199;175;177;land;false;plains;1
1666;165;206;214;land;false;plains;1
1667;243;137;124;land;false;plains;1
1668;152;251;114;land;true;plains;1
1669;211;100;214;land;true;plains;1
1670;166;153;206;land;false;plains;1
1671;180;135;223;land;false;plains;1
1672;193;184;236;land;false;plains;1
1673;188;223;96;land;false;plains;1
1674;240;144;247;land;false;plains;1
1675;133;253;180;land;false;plains;1
1676;176;158;228;land;false;plains;1
1677;146;138;249;land;false;plains;1
1678;177;244;127;land;false;plains;1
1679;157;183;202;land;false;plains;1
1680;235;168;139;land;false;plains;1
1681;240;40;244;land;false;plains;1
1682;242;217;147;land;false;plains;1
1683;97;244;228;land;false;plains;1
1684;239;98;165;land;false;plains;1
1685;138;210;237;land;false;plains;1
1686;167;171;202;land;false;plains;1
1687;45;245;254;land;false;plains;1
1688;249;235;154;land;false;plains;1
1689;237;248;121;land;false;plains;1
1690;225;83;232;land;false;plains;1
1691;247;175;214;land;false;plains;1
1692;214;252;114;land;false;plains;1
1693;192;175;208;land;false;plains;1
1694;178;189;208;land;false;plains;1
1695;232;183;89;land;false;plains;1
1696;189;213;197;land;false;plains;1
1697;244;122;186;land;false;plains;1
1698;236;174;174;land;false;plains;1
1699;149;181;185;land;false;plains;1
1700;140;204;229;land;false;plains;1
1701;215;208;221;land;false;plains;1
1702;152;215;204;land;true;plains;1
1703;223;217;109;land;false;plains;1
1704;174;248;220;land;false;plains;1
1705;201;230;110;land;false;plains;1
1706;133;212;199;land;false;plains;1
1707;224;192;119;land;false;plains;1
1708;150;137;226;land;false;plains;1
1709;236;242;140;land;false;plains;1
1710;231;223;102;land;false;plains;1
1711;123;245;175;land;false;plains;1
1712;178;182;152;land;false;plains;1
1713;184;157;234;land;false;plains;1
1714;128;202;247;land;false;plains;1
1715;228;77;198;land;false;plains;1
1716;248;140;253;land;false;plains;1
1717;208;253;93;land;false;plains;1
1718;241;177;228;land;false;plains;1
1719;47;249;234;land;false;plains;1
1720;230;164;168;land;false;plains;1
1721;112;244;234;land;false;plains;1
1722;237;144;203;land;false;plains;1
1723;128;203;217;land;false;plains;1
1724;171;163;225;land;false;plains;1
1725;208;238;239;land;false;plains;1
1726;156;122;229;land;false;plains;1
1727;149;247;177;land;false;plains;1
1728;165;155;218;land;false;plains;1
1729;253;70;225;land;false;plains;1
1730;173;159;213;land;false;plains;1
1731;94;224;233;land;false;plains;1
1732;177;231;180;land;false;plains;1
1733;176;193;242;land;false;plains;1
1734;165;123;220;land;false;plains;1
1735;207;243;85;land;false;plains;1
1736;182;212;226;land;false;plains;1
1737;248;252;75;land;false;plains;1
1738;232;162;196;land;false;plains;1
1739;217;197;203;land;false;plains;1
1740;95;219;188;land;false;plains;1
1741;122;159;222;land;false;plains;1
1742;254;143;129;land;false;plains;1
1743;128;230;216;land;false;plains;1
1744;246;171;213;land;false;plains;1
1745;245;20;245;land;false;plains;1
1746;243;23;253;land;false;plains;1
1747;245;240;51;land;true;plains;1
1748;254;115;179;land;false;plains;1
1749;182;226;180;land;false;plains;1
1750;225;177;251;land;true;plains;1
1751;146;238;208;land;false;plains;1
1752;246;189;119;land;true;plains;1
1753;124;237;176;land;false;plains;1
1754;239;151;249;land;false;plains;1
1755;243;252;240;land;false;plains;1
1756;233;72;229;land;false;plains;1
1757;37;248;226;land;false;plains;1
1758;238;212;78;land;false;plains;1
1759;88;220;244;land;false;plains;1
1760;213;239;63;land;false;plains;1
1761;183;192;188;land;false;plains;1
1762;240;156;115;land;true;plains;1
1763;143;254;194;land;false;plains;1
1764;234;114;230;land;true;plains;1
1765;29;243;230;land;false;plains;1
1766;13;243;246;land;false;plains;1
1767;206;199;177;land;false;plains;1
1768;241;243;62;land;false;plains;1
1769;135;181;218;land;false;plains;1
1770;188;147;217;land;false;plains;1
1771;218;180;159;land;false;plains;1
1772;117;205;204;land;true;plains;1
1773;210;244;165;land;false;plains;1
1774;159;242;224;land;false;plains;1
1775;219;243;242;land;true;plains;1
1776;172;246;85;land;false;plains;1
1777;252;253;241;land;true;plains;1
1778;139;242;168;land;true;plains;1
1779;225;219;111;land;false;plains;1
1780;218;153;135;land;false;plains;1
1781;103;198;235;land;false;plains;1
1782;181;124;198;land;false;plains;1
1783;177;159;167;land;false;plains;1
1784;149;119;234;land;false;plains;1
1785;192;88;252;land;false;plains;1
1786;211;174;223;land;false;plains;1
1787;197;182;160;land;false;plains;1
1788;183;130;209;land;false;plains;1
1789;68;254;198;land;true;plains;1
1790;111;254;167;land;false;plains;1
1791;250;139;162;land;false;plains;1
1792;240;233;151;land;false;plains;1
1793;244;200;142;land;false;plains;1
1794;231;199;163;land;false;plains;1
1795;207;121;244;land;false;plains;1
1796;169;109;234;land;false;plains;1
1797;166;180;209;land;true;plains;1
1798;181;212;151;land;false;plains;1
1799;240;233;50;land;false;plains;1
1800;175;81;252;land;true;plains;1
1801;180;224;125;land;false;plains;1
1802;130;232;238;land;false;plains;1
1803;157;150;248;land;false;plains;1
1804;198;204;199;land;false;plains;1
1805;238;138;146;land;false;plains;1
1806;220;168;157;land;false;plains;1
1807;229;210;236;land;false;plains;1
1808;183;169;166;land;false;plains;1
1809;119;237;209;land;false;plains;1
1810;207;145;192;land;false;plains;1
1811;176;199;143;land;false;plains;1
1812;252;217;189;land;false;plains;1
1813;199;191;158;land;false;plains;1
1814;159;211;254;land;false;plains;1
1815;51;245;230;land;false;plains;1
1816;174;240;87;land;false;plains;1
1817;160;217;228;land;false;plains;1
1818;200;195;109;land;false;plains;1
1819;200;91;216;land;false;plains;1
1820;201;254;158;land;false;plains;1
1821;104;212;198;land;true;plains;1
1822;252;166;177;land;false;plains;1
1823;109;227;226;land;false;plains;1
1824;219;242;167;land;false;plains;1
1825;216;224;134;land;false;plains;1
1826;180;207;194;land;false;plains;1
1827;198;111;251;land;false;plains;1
1828;219;231;242;land;false;plains;1
1829;218;149;215;land;false;plains;1
1830;205;158;164;land;false;plains;1
1831;245;136;175;land;false;plains;1
1832;210;59;246;land;true;plains;1
1833;245;126;227;land;false;plains;1
1834;183;236;153;land;false;plains;1
1835;169;244;119;land;false;plains;1
1836;145;238;231;land;false;plains;1
1837;112;253;169;land;false;plains;1
1838;197;189;126;land;false;plains;1
1839;234;240;198;land;false;plains;1
1840;206;235;200;land;false;plains;1
1841;232;217;98;land;false;plains;1
1842;221;242;141;land;false;urban;1
1843;172;128;223;land;false;plains;1
1844;131;174;233;land;false;plains;1
1845;254;198;99;land;false;plains;1
1846;254;186;170;land;false;plains;1
1847;194;235;191;land;false;plains;1
1848;250;120;132;land;false;plains;1
1849;197;207;196;land;false;plains;1
1850;187;147;180;land;false;plains;1
1851;131;247;150;land;true;plains;1
1852;125;208;187;land;false;plains;1
1853;207;235;99;land;false;plains;1
1854;250;140;225;land;false;plains;1
1855;240;203;225;land;false;plains;1
1856;141;125;254;land;false;plains;1
1857;119;210;249;land;false;plains;1
1858;121;213;249;land;false;plains;1
1859;254;41;215;land;false;plains;1
1860;252;147;219;land;false;plains;1
1861;205;89;222;land;false;plains;1
1862;222;234;172;land;false;plains;1
1863;148;217;175;land;false;plains;1
1864;209;157;215;land;false;plains;1
1865;195;204;192;land;false;plains;1
1866;180;238;165;land;false;plains;1
1867;225;230;46;land;false;plains;1
1868;239;102;233;land;false;plains;1
1869;164;175;211;land;false;plains;1
1870;77;250;194;land;false;plains;1
1871;186;125;206;land;false;plains;1
1872;155;226;232;land;true;plains;1
1873;237;137;160;land;false;plains;1
1874;201;184;170;land;false;plains;1
1875;227;156;253;land;false;plains;1
1876;186;101;226;land;false;plains;1
1877;210;207;162;land;false;plains;1
1878;134;216;249;land;false;plains;1
1879;123;220;254;land;false;plains;1
1880;196;122;191;land;false;plains;1
1881;216;165;149;land;false;plains;1
1882;107;182;248;land;false;plains;1
1883;248;253;174;land;false;plains;1
1884;166;244;221;land;false;plains;1
1885;216;187;238;land;false;plains;1
1886;228;210;169;land;false;plains;1
1887;220;50;254;land;false;plains;1
1888;134;251;253;land;false;plains;1
1889;153;216;155;land;false;plains;1
1890;198;174;212;land;false;plains;1
1891;174;198;159;land;false;plains;1
1892;246;171;200;land;false;plains;1
1893;110;205;192;land;true;plains;1
1894;117;154;245;land;false;plains;1
1895;237;164;237;land;false;plains;1
1896;122;162;251;land;false;plains;1
1897;226;120;182;land;false;plains;1
1898;212;86;210;land;true;plains;1
1899;246;180;81;land;false;plains;1
1900;226;73;218;land;false;plains;1
1901;230;186;215;land;false;plains;1
1902;104;194;240;land;false;plains;1
1903;172;86;254;land;false;plains;1
1904;245;244;251;land;false;plains;1
1905;254;147;106;land;false;plains;1
1906;206;129;182;land;false;plains;1
1907;178;203;133;land;false;plains;1
1908;186;252;112;land;false;plains;1
1909;146;151;210;land;false;plains;1
1910;206;101;233;land;false;plains;1
1911;248;214;179;land;false;plains;1
1912;99;229;246;land;false;plains;1
1913;230;101;252;land;false;plains;1
1914;202;163;151;land;false;plains;1
1915;124;143;239;land;false;plains;1
1916;150;225;158;land;false;plains;1
1917;93;252;210;land;false;plains;1
1918;254;134;238;land;false;plains;1
1919;171;147;254;land;false;plains;1
1920;211;103;227;land;false;plains;1
1921;192;227;146;land;false;plains;1
1922;174;211;174;land;false;plains;1
1923;215;141;163;land;false;plains;1
1924;241;80;229;land;false;plains;1
1925;195;173;159;land;false;plains;1
1926;137;169;234;land;false;plains;1
1927;203;176;251;land;false;plains;1
1928;253;111;173;land;false;plains;1
1929;156;219;239;land;false;plains;1
1930;85;235;224;land;false;plains;1
1931;238;249;22;land;false;plains;1
1932;233;161;166;land;false;plains;1
1933;207;189;131;land;false;plains;1
1934;200;232;176;land;false;plains;1
1935;219;211;163;land;false;plains;1
1936;214;234;206;land;false;plains;1
1937;225;205;174;land;false;plains;1
1938;242;147;194;land;false;plains;1
1939;226;199;146;land;false;plains;1
1940;250;219;207;land;false;plains;1
1941;201;137;240;land;false;plains;1
1942;118;249;223;land;false;plains;1
1943;162;231;146;land;false;plains;1
1944;230;221;209;land;false;plains;1
1945;234;121;196;land;false;plains;1
1946;106;244;236;land;false;plains;1
1947;250;97;215;land;false;plains;1
1948;161;237;105;land;true;plains;1
1949;201;158;185;land;false;plains;1
1950;217;88;218;land;false;plains;1
1951;228;170;132;land;true;plains;1
1952;159;239;233;land;false;plains;1
1953;233;238;73;land;false;plains;1
1954;136;207;216;land;false;plains;1
1955;165;139;221;land;false;plains;1
1956;252;138;125;land;false;plains;1
1957;181;105;235;land;true;plains;1
1958;229;103;240;land;false;plains;1
1959;248;128;167;land;false;plains;1
1960;161;220;234;land;false;plains;1
1961;183;129;237;land;false;plains;1
1962;171;189;157;land;false;plains;1
1963;159;247;141;land;false;plains;1
1964;254;234;253;land;false;plains;1
1965;213;212;82;land;false;plains;1
1966;232;230;165;land;false;plains;1
1967;138;250;148;land;false;plains;1
1968;227;185;150;land;false;plains;1
1969;181;235;159;land;false;plains;1
1970;248;193;191;land;false;plains;1
1971;246;242;225;land;false;plains;1
1972;194;222;194;land;false;plains;1
1973;139;224;162;land;false;plains;1
1974;174;226;119;land;false;plains;1
1975;188;185;224;land;false;plains;1
1976;205;165;149;land;false;plains;1
1977;132;248;132;land;false;plains;1
1978;119;211;248;land;false;plains;1
1979;250;107;189;land;false;plains;1
1980;212;213;238;land;false;plains;1
1981;212;211;139;land;false;plains;1
1982;180;228;114;land;false;plains;1
1983;246;188;84;land;false;plains;1
1984;157;182;187;land;false;plains;1
1985;134;175;213;land;false;plains;1
1986;233;206;237;land;false;plains;1
1987;162;96;246;land;false;plains;1
1988;229;224;180;land;false;plains;1
1989;188;200;215;land;false;plains;1
1990;185;160;195;land;false;plains;1
1991;185;191;216;land;false;plains;1
1992;116;245;168;land;false;plains;1
1993;213;219;89;land;true;plains;1
1994;245;227;57;land;false;plains;1
1995;202;101;250;land;false;plains;1
1996;66;229;219;land;false;plains;1
1997;216;241;149;land;false;plains;1
1998;194;222;155;land;false;plains;1
1999;167;187;250;land;false;plains;1
2000;229;122;165;land;false;plains;1
2001;133;172;238;land;false;plains;1
2002;145;142;226;land;false;plains;1
2003;242;212;198;land;false;plains;1
2004;208;254;92;land;false;plains;1
2005;233;153;137;land;true;plains;1
2006;223;120;184;land;true;plains;1
2007;177;232;126;land;false;plains;1
2008;112;251;179;land;false;plains;1
2009;178;235;213;land;false;plains;1
2010;188;205;169;land;false;plains;1
2011;247;54;222;land;false;plains;1
2012;232;188;153;land;false;plains;1
2013;239;84;208;land;false;plains;1
2014;251;124;202;land;false;plains;1
2015;233;183;221;land;false;plains;1
2016;59;226;251;land;false;plains;1
2017;53;235;213;land;false;plains;1
2018;237;215;85;land;false;plains;1
2019;230;113;224;land;true;plains;1
2020;187;212;146;land;false;plains;1
2021;246;189;231;land;false;plains;1
2022;153;211;227;land;false;plains;1
2023;250;168;216;land;false;plains;1
2024;211;205;170;land;false;plains;1
2025;135;232;137;land;false;plains;1
2026;241;109;242;land;false;plains;1
2027;245;109;193;land;true;plains;1
2028;235;135;232;land;false;plains;1
2029;250;132;224;land;false;plains;1
2030;188;217;245;land;false;plains;1
2031;163;153;248;land;false;plains;1
2032;193;222;123;land;false;plains;1
2033;229;78;214;land;false;plains;1
2034;224;232;224;land;false;plains;1
2035;189;249;138;land;true;plains;1
2036;220;244;160;land;false;plains;1
2037;228;178;170;land;false;plains;1
2038;240;62;231;land;false;plains;1
2039;204;247;248;land;false;plains;1
2040;228;153;250;land;true;plains;1
2041;195;189;198;land;false;urban;1
2042;170;175;237;land;false;plains;1
2043;158;233;117;land;false;plains;1
2044;217;239;240;land;false;plains;1
2045;187;98;237;land;false;urban;1
2046;187;231;172;land;false;plains;1
2047;239;140;149;land;false;plains;1
2048;250;151;139;land;false;plains;1
2049;209;126;172;land;true;plains;1
2050;85;247;228;land;false;plains;1
2051;115;173;235;land;false;plains;1
2052;174;98;244;land;false;plains;1
2053;162;158;253;land;false;plains;1
2054;164;246;106;land;true;plains;1
2055;211;253;173;land;false;plains;1
2056;161;251;89;land;false;plains;1
2057;251;5;248;land;false;plains;1
2058;186;111;244;land;true;plains;1
2059;169;149;207;land;false;plains;1
2060;235;169;247;land;false;plains;1
2061;211;226;243;land;false;plains;1
2062;190;219;186;land;false;plains;1
2063;218;249;75;land;false;plains;1
2064;223;175;188;land;false;plains;1
2065;196;241;91;land;false;plains;1
2066;214;234;154;land;false;plains;1
2067;197;225;123;land;false;plains;1
2068;246;50;234;land;false;plains;1
2069;203;199;178;land;false;plains;1
2070;247;59;219;land;false;plains;1
2071;158;232;198;land;false;plains;1
2072;230;183;137;land;false;plains;1
2073;194;223;144;land;false;plains;1
2074;127;190;185;land;false;plains;1
2075;226;118;209;land;false;plains;1
2076;207;212;192;land;true;plains;1
2077;199;177;219;land;false;plains;1
2078;154;253;254;land;false;plains;1
2079;214;215;250;land;false;plains;1
2080;223;243;72;land;false;plains;1
2081;217;221;120;land;false;plains;1
2082;129;199;211;land;false;plains;1
2083;186;125;237;land;false;plains;1
2084;118;146;244;land;false;plains;1
2085;159;156;233;land;false;plains;1
2086;203;107;223;land;false;plains;1
2087;222;138;148;land;false;plains;1
2088;141;205;163;land;false;plains;1
2089;201;227;240;land;false;plains;1
2090;106;235;225;land;false;plains;1
2091;243;187;105;land;false;plains;1
2092;230;211;104;land;false;plains;1
2093;217;162;131;land;false;plains;1
2094;188;205;253;land;false;plains;1
2095;60;236;223;land;false;plains;1
2096;247;235;178;land;false;plains;1
2097;219;94;230;land;false;plains;1
2098;42;247;253;land;true;plains;1
2099;187;229;144;land;false;plains;1
2100;237;141;209;land;false;plains;1
2101;8;252;253;land;false;plains;1
2102;204;159;210;land;false;plains;1
2103;223;174;185;land;false;plains;1
2104;253;179;182;land;false;plains;1
2105;237;196;196;land;false;plains;1
2106;159;208;161;land;true;plains;1
2107;125;172;240;land;false;plains;1
2108;204;218;117;land;false;plains;1
2109;185;198;184;land;false;plains;1
2110;159;248;152;land;false;plains;1
2111;248;249;203;land;false;plains;1
2112;197;170;177;land;false;plains;1
2113;208;169;179;land;false;plains;1
2114;170;157;244;land;false;plains;1
2115;211;234;92;land;false;plains;1
2116;232;96;198;land;false;plains;1
2117;214;244;221;land;false;plains;1
2118;91;248;177;land;false;plains;1
2119;145;222;168;land;false;plains;1
2120;222;207;197;land;false;plains;1
2121;180;121;236;land;false;plains;1
2122;158;227;168;land;false;plains;1
2123;219;217;241;land;false;plains;1
2124;230;171;221;land;false;plains;1
2125;233;253;184;land;false;plains;1
2126;248;110;239;land;false;plains;1
2127;178;205;196;land;false;plains;1
2128;174;244;219;land;false;plains;1
2129;218;195;204;land;false;plains;1
2130;244;232;211;land;true;plains;1
2131;227;237;82;land;false;plains;1
2132;249;198;57;land;true;plains;1
2133;138;234;197;land;false;plains;1
2134;223;135;165;land;false;plains;1
2135;174;244;225;land;false;plains;1
2136;235;204;251;land;true;plains;1
2137;152;189;225;land;false;plains;1
2138;160;235;174;land;false;plains;1
2139;149;153;236;land;false;plains;1
2140;150;210;206;land;false;plains;1
2141;253;216;184;land;false;plains;1
2142;247;11;245;land;false;plains;1
2143;235;123;175;land;false;plains;1
2144;197;173;193;land;false;plains;1
2145;164;139;219;land;false;plains;1
2146;182;206;146;land;false;plains;1
2147;204;101;199;land;false;plains;1
2148;153;216;199;land;false;plains;1
2149;174;241;122;land;true;plains;1
2150;173;230;195;land;false;plains;1
2151;156;244;215;land;false;plains;1
2152;95;236;248;land;false;plains;1
2153;196;223;190;land;false;plains;1
2154;230;58;252;land;false;plains;1
2155;218;243;194;land;false;plains;1
2156;112;185;239;land;false;plains;1
2157;55;244;237;land;false;plains;1
2158;174;242;223;land;false;plains;1
2159;153;252;129;land;false;plains;1
2160;148;129;228;land;false;plains;1
2161;240;173;114;land;false;plains;1
2162;176;158;226;land;false;plains;1
2163;219;188;239;land;false;plains;1
2164;225;216;238;land;false;plains;1
2165;66;254;202;land;false;plains;1
2166;188;132;228;land;false;plains;1
2167;199;216;212;land;false;plains;1
2168;195;209;113;land;false;plains;1
2169;219;131;186;land;false;plains;1
2170;46;253;224;land;false;plains;1
2171;229;215;63;land;false;plains;1
2172;227;240;95;land;false;plains;1
2173;214;84;215;land;false;plains;1
2174;176;218;214;land;false;plains;1
2175;222;214;75;land;false;plains;1
2176;251;68;248;land;false;plains;1
2177;196;206;106;land;false;plains;1
2178;237;248;173;land;false;plains;1
2179;199;112;247;land;false;plains;1
2180;144;129;253;land;false;plains;1
2181;152;232;250;land;false;plains;1
2182;222;254;175;land;false;plains;1
2183;164;136;230;land;false;plains;1
2184;207;254;147;land;false;plains;1
2185;225;94;184;land;false;plains;1
2186;186;155;242;land;false;plains;1
2187;165;203;171;land;false;plains;1
2188;128;226;169;land;false;plains;1
2189;228;253;127;land;false;plains;1
2190;254;32;229;land;false;plains;1
2191;227;54;233;land;false;plains;1
2192;226;133;229;land;false;plains;1
2193;241;207;162;land;true;plains;1
2194;206;162;191;land;false;plains;1
2195;95;234;185;land;false;plains;1
2196;99;236;209;land;false;plains;1
2197;194;218;210;land;false;plains;1
2198;231;134;165;land;false;plains;1
2199;164;129;239;land;false;plains;1
2200;176;167;173;land;false;plains;1
2201;125;153;245;land;false;plains;1
2202;211;199;104;land;false;plains;1
2203;170;253;163;land;false;plains;1
2204;155;218;239;land;false;plains;1
2205;169;216;206;land;false;plains;1
2206;233;161;240;land;false;plains;1
2207;187;245;71;land;false;plains;1
2208;216;184;251;land;false;plains;1
2209;210;248;243;land;false;plains;1
2210;193;230;179;land;false;plains;1
2211;203;105;252;land;false;plains;1
2212;182;204;244;land;false;plains;1
2213;93;206;240;land;false;plains;1
2214;137;252;164;land;false;plains;1
2215;222;244;236;land;false;plains;1
2216;232;244;97;land;false;plains;1
2217;158;241;198;land;false;plains;1
2218;231;187;239;land;false;plains;1
2219;248;218;130;land;false;plains;1
2220;114;227;211;land;false;plains;1
2221;195;253;130;land;false;plains;1
2222;170;228;138;land;false;plains;1
2223;63;251;192;land;false;plains;1
2224;214;247;170;land;false;plains;1
2225;236;186;100;land;false;plains;1
2226;223;225;183;land;false;plains;1
2227;179;156;245;land;false;plains;1
2228;244;191;232;land;false;plains;1
2229;159;169;175;land;false;plains;1
2230;171;140;232;land;false;plains;1
2231;45;212;251;land;false;plains;1
2232;153;227;148;land;false;plains;1
2233;247;220;133;land;false;plains;1
2234;139;170;228;land;false;plains;1
2235;217;200;147;land;false;plains;1
2236;210;115;221;land;false;plains;1
2237;222;78;207;land;false;plains;1
2238;207;151;191;land;false;plains;1
2239;108;186;251;land;false;plains;1
2240;152;206;165;land;false;plains;1
2241;248;115;240;land;false;plains;1
2242;158;239;217;land;false;plains;1
2243;252;145;119;land;true;plains;1
2244;248;142;112;land;false;plains;1
2245;238;185;105;land;false;plains;1
2246;164;112;243;land;false;plains;1
2247;124;167;250;land;true;plains;1
2248;234;202;216;land;false;plains;1
2249;197;208;139;land;false;plains;1
2250;237;119;208;land;false;plains;1
2251;214;111;230;land;false;plains;1
2252;247;221;133;land;false;plains;1
2253;227;200;84;land;false;plains;1
2254;233;165;181;land;false;plains;1
2255;217;212;248;land;false;plains;1
2256;158;218;231;land;false;plains;1
2257;214;207;170;land;false;plains;1
2258;118;215;228;land;false;plains;1
2259;167;170;201;land;false;plains;1
2260;140;203;197;land;false;plains;1
2261;252;223;95;land;false;plains;1
2262;136;238;161;land;false;plains;1
2263;223;86;198;land;false;plains;1
2264;101;227;173;land;false;plains;1
2265;207;242;168;land;false;plains;1
2266;231;87;225;land;false;plains;1
2267;240;79;220;land;false;plains;1
2268;234;207;196;land;false;plains;1
2269;28;239;238;land;false;plains;1
2270;175;218;168;land;false;plains;1
2271;245;139;162;land;false;plains;1
2272;201;241;138;land;false;plains;1
2273;181;202;213;land;false;plains;1
2274;211;192;221;land;false;plains;1
2275;241;138;226;land;true;plains;1
2276;217;169;179;land;false;plains;1
2277;229;209;150;land;false;plains;1
2278;111;239;197;land;false;plains;1
2279;218;250;93;land;false;plains;1
2280;242;188;208;land;false;plains;1
2281;231;63;211;land;false;plains;1
2282;239;102;234;land;false;plains;1
2283;234;219;178;land;false;plains;1
2284;159;195;186;land;false;plains;1
2285;62;240;235;land;false;plains;1
2286;197;136;191;land;false;plains;1
2287;244;183;195;land;false;plains;1
2288;249;93;214;land;false;plains;1
2289;252;210;56;land;false;plains;1
2290;166;141;217;land;false;plains;1
2291;235;225;231;land;false;plains;1
2292;112;158;236;land;false;plains;1
2293;196;175;202;land;false;plains;1
2294;200;238;65;land;false;plains;1
2295;170;252;146;land;false;plains;1
2296;181;205;227;land;false;plains;1
2297;139;253;122;land;false;plains;1
2298;230;245;36;land;false;plains;1
2299;230;51;235;land;true;plains;1
2300;187;246;93;land;false;plains;1
2301;249;53;207;land;false;plains;1
2302;239;220;191;land;false;plains;1
2303;197;248;119;land;false;plains;1
2304;169;182;238;land;true;plains;1
2305;137;231;230;land;false;plains;1
2306;189;95;231;land;false;plains;1
2307;161;246;223;land;false;plains;1
2308;229;126;196;land;false;plains;1
2309;188;247;214;land;false;plains;1
2310;221;175;151;land;false;plains;1
2311;189;199;122;land;false;plains;1
2312;245;249;74;land;false;plains;1
2313;245;226;214;land;false;plains;1
2314;96;243;173;land;false;plains;1
2315;251;235;64;land;true;plains;1
2316;156;183;186;land;false;plains;1
2317;242;182;148;land;false;plains;1
2318;240;178;159;land;false;plains;1
2319;163;204;197;land;false;plains;1
2320;253;84;192;land;false;plains;1
2321;198;244;207;land;false;plains;1
2322;89;202;223;land;false;plains;1
2323;184;197;175;land;false;plains;1
2324;133;159;222;land;false;plains;1
2325;235;146;247;land;false;plains;1
2326;230;124;180;land;false;plains;1
2327;100;207;215;land;false;plains;1
2328;111;224;232;land;false;plains;1
2329;244;91;241;land;false;plains;1
2330;225;236;214;land;false;plains;1
2331;182;242;189;land;false;plains;1
2332;168;173;215;land;true;plains;1
2333;158;205;247;land;false;plains;1
2334;215;253;142;land;false;plains;1
2335;198;109;210;land;false;plains;1
2336;244;82;191;land;false;plains;1
2337;231;252;35;land;false;plains;1
2338;222;140;141;land;false;plains;1
2339;226;201;230;land;false;plains;1
2340;235;58;224;land;false;plains;1
2341;223;130;195;land;false;plains;1
2342;241;193;152;land;false;plains;1
2343;200;234;112;land;false;plains;1
2344;191;159;229;land;false;plains;1
2345;209;250;175;land;false;plains;1
2346;158;105;244;land;false;plains;1
2347;178;250;232;land;false;plains;1
2348;254;94;203;land;true;plains;1
2349;192;209;232;land;false;plains;1
2350;205;240;103;land;false;plains;1
2351;253;40;215;land;false;plains;1
2352;227;186;219;land;false;plains;1
2353;196;202;128;land;false;plains;1
2354;145;231;130;land;false;plains;1
2355;87;234;212;land;false;plains;1
2356;227;203;181;land;false;plains;1
2357;210;128;249;land;false;plains;1
2358;254;205;90;land;false;plains;1
2359;219;213;239;land;true;plains;1
2360;216;206;166;land;false;plains;1
2361;116;153;234;land;false;plains;1
2362;232;140;159;land;false;plains;1
2363;140;146;221;land;false;plains;1
2364;205;76;247;land;true;plains;1
2365;251;244;102;land;false;plains;1
2366;142;123;237;land;false;plains;1
2367;251;46;252;land;true;plains;1
2368;245;143;213;land;true;plains;1
2369;234;73;203;land;false;plains;1
2370;225;86;190;land;false;plains;1
2371;169;198;227;land;false;plains;1
2372;172;222;129;land;false;plains;1
2373;124;247;188;land;false;plains;1
2374;67;241;244;land;false;plains;1
2375;198;166;234;land;false;plains;1
2376;197;233;172;land;false;plains;1
2377;225;250;127;land;false;plains;1
2378;239;154;246;land;false;plains;1
2379;135;207;245;land;false;plains;1
2380;243;200;189;land;false;plains;1
2381;212;132;238;land;true;plains;1
2382;254;80;250;land;false;plains;1
2383;210;141;221;land;true;plains;1
2384;194;214;117;land;false;plains;1
2385;110;247;184;land;false;plains;1
2386;132;249;235;land;false;plains;1
2387;132;223;254;land;false;plains;1
2388;44;209;251;land;false;plains;1
2389;124;174;254;land;false;plains;1
2390;163;202;247;land;false;plains;1
2391;187;107;234;land;false;plains;1
2392;207;186;157;land;false;plains;1
2393;113;189;202;land;false;plains;1
2394;169;204;194;land;false;plains;1
2395;232;144;165;land;false;plains;1
2396;213;201;238;land;false;plains;1
2397;245;86;197;land;false;plains;1
2398;228;76;239;land;false;plains;1
2399;244;203;202;land;false;plains;1
2400;183;130;224;land;false;plains;1
2401;228;171;252;land;false;plains;1
2402;178;176;184;land;false;plains;1
2403;173;174;193;land;false;plains;1
2404;242;210;248;land;false;plains;1
2405;108;249;193;land;true;plains;1
2406;209;139;196;land;false;plains;1
2407;208;146;233;land;false;plains;1
2408;154;219;152;land;true;plains;1
2409;226;208;85;land;false;plains;1
2410;173;248;188;land;false;plains;1
2411;198;142;162;land;false;plains;1
2412;242;184;159;land;false;plains;1
2413;138;222;230;land;false;plains;1
2414;199;209;251;land;false;plains;1
2415;253;123;170;land;false;plains;1
2416;249;176;205;land;false;plains;1
2417;222;202;179;land;false;plains;1
2418;201;224;183;land;false;plains;1
2419;217;254;111;land;false;plains;1
2420;105;227;197;land;false;plains;1
2421;185;206;145;land;false;plains;1
2422;206;152;174;land;false;plains;1
2423;111;197;206;land;false;plains;1
2424;185;246;106;land;false;plains;1
2425;194;163;225;land;false;plains;1
2426;174;157;183;land;false;plains;1
2427;165;202;215;land;false;plains;1
2428;157;206;174;land;false;plains;1
2429;67;197;244;land;false;plains;1
2430;45;220;240;land;false;plains;1
2431;208;66;236;land;false;plains;1
2432;204;224;90;land;false;plains;1
2433;108;162;251;land;false;plains;1
2434;237;79;252;land;false;plains;1
2435;217;139;244;land;false;plains;1
2436;229;31;249;land;false;plains;1
2437;204;254;67;land;false;plains;1
2438;247;120;228;land;false;plains;1
2439;226;77;245;land;false;plains;1
2440;92;250;206;land;false;plains;1
2441;135;207;221;land;false;plains;1
2442;164;210;128;land;false;plains;1
2443;158;198;149;land;false;plains;1
2444;152;249;133;land;false;plains;1
2445;194;234;237;land;false;plains;1
2446;227;179;196;land;false;plains;1
2447;216;168;177;land;false;plains;1
2448;202;151;222;land;false;plains;1
2449;144;170;214;land;true;plains;1
2450;150;219;156;land;false;plains;1
2451;212;217;138;land;false;plains;1
2452;215;138;172;land;false;plains;1
2453;224;251;76;land;false;plains;1
2454;182;167;187;land;false;plains;1
2455;249;242;197;land;false;plains;1
2456;194;174;144;land;false;plains;1
2457;161;251;214;land;false;plains;1
2458;104;238;213;land;false;plains;1
2459;185;104;216;land;false;plains;1
2460;46;243;227;land;false;plains;1
2461;186;206;181;land;true;plains;1
2462;200;231;134;land;false;plains;1
2463;232;231;248;land;false;plains;1
2464;176;197;165;land;false;plains;1
2465;198;219;177;land;false;plains;1
2466;204;250;176;land;false;plains;1
2467;244;208;140;land;false;plains;1
2468;150;246;226;land;false;plains;1
2469;216;218;201;land;false;plains;1
2470;76;225;239;land;false;plains;1
2471;226;193;146;land;false;plains;1
2472;238;249;149;land;true;plains;1
2473;127;240;190;land;false;plains;1
2474;134;222;212;land;false;plains;1
2475;177;231;99;land;false;plains;1
2476;205;229;113;land;false;plains;1
2477;213;120;230;land;false;plains;1
2478;229;206;82;land;false;plains;1
2479;244;145;187;land;false;plains;1
2480;128;237;202;land;false;plains;1
2481;170;191;237;land;false;plains;1
2482;211;241;188;land;false;plains;1
2483;231;112;224;land;false;plains;1
2484;126;235;150;land;true;plains;1
2485;123;237;177;land;false;plains;1
2486;185;98;254;land;false;plains;1
2487;238;118;146;land;false;plains;1
2488;217;217;107;land;false;plains;1
2489;190;180;209;land;false;plains;1
2490;186;90;247;land;false;plains;1
2491;213;156;199;land;false;plains;1
2492;128;241;142;land;false;plains;1
2493;236;143;254;land;false;plains;1
2494;221;155;233;land;false;plains;1
2495;192;145;252;land;false;plains;1
2496;225;145;181;land;true;plains;1
2497;155;171;195;land;false;plains;1
2498;223;205;84;land;false;plains;1
2499;185;215;162;land;false;plains;1
2500;239;242;157;land;false;plains;1
2501;162;177;169;land;false;plains;1
2502;236;149;199;land;true;plains;1
2503;228;157;195;land;false;plains;1
2504;214;147;227;land;false;plains;1
2505;213;88;253;land;false;plains;1
2506;134;252;140;land;false;plains;1
2507;173;231;252;land;false;plains;1
2508;203;243;243;land;false;plains;1
2509;168;151;216;land;true;plains;1
2510;190;99;231;land;false;plains;1
2511;241;77;236;land;false;plains;1
2512;250;201;124;land;false;plains;1
2513;222;79;203;land;false;plains;1
2514;119;252;195;land;false;plains;1
2515;250;230;192;land;false;plains;1
2516;168;221;248;land;false;plains;1
2517;114;238;231;land;false;plains;1
2518;233;54;218;land;false;plains;1
2519;123;169;241;land;true;plains;1
2520;145;159;198;land;false;plains;1
2521;204;233;151;land;false;plains;1
2522;123;223;193;land;false;plains;1
2523;248;74;221;land;true;plains;1
2524;208;205;147;land;false;plains;1
2525;186;205;194;land;false;plains;1
2526;222;236;227;land;false;plains;1
2527;247;46;240;land;false;plains;1
2528;158;171;189;land;true;plains;1
2529;202;168;153;land;false;plains;1
2530;137;218;225;land;false;plains;1
2531;231;241;73;land;true;plains;1
2532;215;71;216;land;false;plains;1
2533;158;151;223;land;false;plains;1
2534;246;224;151;land;false;plains;1
2535;236;184;124;land;false;plains;1
2536;249;232;150;land;false;plains;1
2537;98;208;198;land;false;plains;1
2538;184;254;134;land;false;plains;1
2539;239;155;138;land;false;plains;1
2540;195;192;203;land;false;plains;1
2541;188;251;108;land;false;plains;1
2542;201;236;173;land;false;plains;1
2543;141;146;235;land;false;plains;1
2544;187;174;219;land;false;plains;1
2545;224;244;100;land;false;plains;1
2546;99;202;253;land;false;plains;1
2547;247;164;143;land;false;plains;1
2548;242;73;223;land;false;plains;1
2549;249;226;137;land;false;plains;1
2550;241;110;237;land;false;plains;1
2551;172;199;199;land;false;plains;1
2552;180;162;241;land;false;plains;1
2553;185;200;129;land;false;plains;1
2554;177;246;78;land;false;plains;1
2555;196;241;127;land;false;plains;1
2556;209;119;250;land;false;plains;1
2557;251;200;167;land;true;plains;1
2558;29;229;244;land;true;plains;1
2559;203;124;238;land;false;plains;1
2560;239;249;246;land;false;plains;1
2561;225;51;245;land;false;plains;1
2562;215;175;162;land;false;plains;1
2563;103;253;183;land;false;plains;1
2564;141;124;244;land;false;plains;1
2565;242;170;238;land;false;plains;1
2566;160;162;215;land;false;plains;1
2567;220;128;244;land;false;plains;1
2568;223;174;165;land;false;plains;1
2569;158;234;143;land;false;plains;1
2570;204;204;234;land;false;plains;1
2571;202;226;142;land;false;plains;1
2572;148;252;167;land;false;plains;1
2573;191;152;240;land;false;plains;1
2574;248;191;98;land;false;plains;1
2575;211;138;157;land;false;plains;1
2576;204;153;189;land;true;plains;1
2577;132;159;237;land;false;plains;1
2578;237;20;248;land;false;plains;1
2579;150;241;150;land;false;plains;1
2580;186;136;203;land;false;plains;1
2581;150;219;171;land;false;plains;1
2582;207;214;150;land;false;plains;1
2583;253;136;121;land;false;plains;1
2584;21;244;247;land;false;plains;1
2585;251;242;62;land;false;plains;1
2586;148;228;233;land;false;plains;1
2587;146;164;197;land;true;plains;1
2588;139;182;250;land;false;plains;1
2589;229;235;48;land;false;plains;1
2590;209;207;110;land;false;plains;1
2591;219;247;171;land;true;plains;1
2592;229;110;224;land;false;plains;1
2593;190;88;248;land;false;plains;1
2594;127;202;226;land;false;plains;1
2595;83;216;236;land;false;plains;1
2596;193;138;217;land;false;plains;1
2597;180;228;248;land;false;plains;1
2598;158;243;113;land;false;plains;1
2599;139;182;184;land;false;plains;1
2600;106;209;249;land;false;plains;1
2601;238;61;253;land;false;plains;1
2602;159;238;232;land;false;plains;1
2603;49;233;224;land;false;plains;1
2604;208;103;192;land;false;plains;1
2605;217;140;153;land;false;plains;1
2606;121;202;178;land;true;plains;1
2607;198;138;236;land;false;plains;1
2608;233;194;189;land;false;plains;1
2609;231;253;103;land;false;plains;1
2610;229;46;239;land;false;plains;1
2611;195;163;235;land;false;plains;1
2612;239;254;82;land;false;plains;1
2613;185;114;219;land;false;plains;1
2614;187;201;116;land;false;plains;1
2615;138;243;195;land;false;plains;1
2616;187;177;234;land;false;plains;1
2617;231;218;138;land;false;plains;1
2618;213;127;241;land;false;plains;1
2619;93;245;203;land;false;plains;1
2620;142;249;128;land;false;plains;1
2621;244;94;179;land;false;plains;1
2622;236;182;123;land;false;plains;1
2623;197;225;89;land;false;plains;1
2624;228;237;211;land;true;plains;1
2625;40;253;236;land;false;plains;1
2626;112;225;166;land;false;plains;1
2627;45;248;224;land;false;plains;1
2628;137;186;252;land;false;plains;1
2629;63;253;203;land;true;plains;1
2630;241;143;215;land;false;plains;1
2631;218;127;162;land;false;plains;1
2632;179;254;86;land;false;plains;1
2633;154;195;180;land;false;plains;1
2634;237;123;200;land;false;plains;1
2635;188;204;185;land;true;plains;1
2636;200;114;237;land;false;plains;1
2637;94;218;242;land;false;plains;1
2638;182;145;226;land;false;plains;1
2639;202;231;85;land;false;plains;1
2640;144;182;228;land;false;plains;1
2641;218;217;137;land;false;plains;1
2642;125;171;226;land;false;plains;1
2643;115;150;245;land;false;plains;1
2644;208;208;216;land;false;plains;1
2645;185;146;175;land;false;plains;1
2646;97;198;218;land;false;plains;1
2647;188;174;251;land;false;plains;1
2648;208;181;114;land;false;plains;1
2649;141;170;192;land;false;plains;1
2650;228;221;71;land;false;plains;1
2651;235;38;235;land;false;plains;1
2652;228;178;246;land;true;plains;1
2653;250;105;191;land;false;plains;1
2654;167;237;123;land;false;plains;1
2655;226;205;125;land;false;plains;1
2656;224;172;113;land;false;plains;1
2657;162;148;242;land;false;plains;1
2658;124;187;230;land;false;plains;1
2659;213;209;176;land;false;plains;1
2660;207;164;178;land;true;plains;1
2661;214;202;167;land;false;plains;1
2662;242;133;137;land;false;plains;1
2663;182;141;234;land;false;plains;1
2664;162;253;102;land;false;plains;1
2665;239;119;254;land;true;plains;1
2666;98;240;239;land;false;plains;1
2667;235;67;230;land;false;plains;1
2668;229;235;219;land;false;plains;1
2669;153;233;237;land;false;plains;1
2670;197;128;228;land;false;plains;1
2671;246;190;165;land;false;plains;1
2672;211;146;162;land;false;plains;1
2673;204;130;172;land;false;plains;1
2674;186;122;220;land;false;plains;1
2675;235;215;181;land;false;plains;1
2676;233;237;179;land;false;plains;1
2677;135;201;213;land;false;plains;1
2678;248;73;232;land;false;plains;1
2679;198;252;145;land;false;plains;1
2680;232;211;102;land;false;plains;1
2681;59;224;223;land;false;plains;1
2682;236;192;89;land;false;plains;1
2683;197;228;161;land;false;plains;1
2684;216;190;197;land;false;plains;1
2685;163;222;234;land;false;plains;1
2686;211;253;81;land;false;plains;1
2687;190;167;157;land;false;plains;1
2688;199;254;206;land;false;plains;1
2689;130;196;197;land;false;plains;1
2690;224;244;163;land;true;plains;1
2691;211;170;218;land;false;plains;1
2692;194;192;249;land;false;plains;1
2693;204;201;122;land;false;plains;1
2694;136;212;175;land;false;plains;1
2695;206;145;160;land;false;plains;1
2696;216;151;137;land;false;plains;1
2697;245;234;22;land;false;plains;1
2698;146;223;244;land;false;plains;1
2699;178;140;185;land;true;plains;1
2700;254;190;252;land;false;plains;1
2701;157;243;248;land;false;plains;1
2702;254;238;229;land;false;plains;1
2703;228;254;21;land;false;plains;1
2704;197;166;198;land;false;plains;1
2705;163;206;150;land;false;plains;1
2706;171;193;169;land;false;plains;1
2707;197;205;239;land;false;plains;1
2708;237;176;101;land;false;plains;1
2709;224;161;121;land;false;plains;1
2710;177;126;205;land;false;plains;1
2711;106;188;207;land;false;plains;1
2712;140;204;200;land;false;plains;1
2713;242;168;143;land;false;plains;1
2714;214;166;180;land;false;plains;1
2715;110;208;205;land;false;plains;1
2716;94;196;227;land;false;plains;1
2717;134;190;227;land;false;plains;1
2718;184;229;126;land;true;plains;1
2719;75;249;240;land;false;plains;1
2720;120;246;190;land;false;plains;1
2721;192;85;225;land;false;plains;1
2722;250;229;48;land;false;plains;1
2723;195;93;244;land;false;plains;1
2724;248;189;130;land;false;plains;1
2725;242;204;203;land;false;plains;1
2726;218;202;161;land;true;plains;1
2727;228;106;168;land;false;plains;1
2728;247;249;134;land;false;plains;1
2729;239;81;187;land;false;plains;1
2730;42;218;244;land;false;plains;1
2731;182;176;247;land;true;plains;1
2732;220;174;240;land;false;plains;1
2733;205;182;201;land;true;plains;1
2734;204;228;229;land;false;plains;1
2735;71;226;231;land;false;plains;1
2736;200;238;227;land;false;plains;1
2737;169;131;214;land;false;plains;1
2738;152;220;245;land;false;plains;1
2739;249;103;174;land;false;plains;1
2740;246;101;173;land;false;plains;1
2741;220;201;134;land;false;plains;1
2742;254;231;27;land;false;plains;1
2743;209;243;126;land;false;plains;1
2744;233;219;120;land;false;plains;1
2745;249;202;90;land;false;plains;1
2746;174;166;222;land;false;plains;1
2747;179;203;141;land;false;plains;1
2748;244;94;181;land;true;plains;1
2749;234;238;126;land;false;plains;1
2750;239;67;226;land;false;plains;1
2751;211;209;108;land;false;plains;1
2752;135;167;209;land;false;plains;1
2753;86;194;247;land;true;plains;1
2754;238;160;123;land;false;plains;1
2755;182;226;160;land;false;plains;1
2756;220;97;217;land;false;plains;1
2757;183;125;223;land;false;plains;1
2758;222;121;230;land;false;plains;1
2759;224;79;237;land;false;plains;1
2760;200;219;241;land;false;plains;1
2761;190;176;217;land;false;plains;1
2762;129;243;159;land;false;plains;1
2763;133;250;174;land;true;plains;1
2764;240;119;243;land;false;plains;1
2765;119;173;245;land;false;plains;1
2766;77;230;200;land;false;plains;1
2767;183;150;185;land;true;plains;1
2768;162;196;237;land;false;plains;1
2769;248;94;206;land;true;plains;1
2770;91;172;245;land;false;plains;1
2771;140;177;230;land;false;plains;1
2772;187;136;210;land;false;plains;1
2773;253;236;254;land;false;plains;1
2774;185;118;233;land;true;plains;1
2775;213;178;131;land;false;plains;1
2776;206;254;225;land;false;plains;1
2777;243;253;26;land;false;plains;1
2778;142;252;147;land;false;plains;1
2779;128;192;210;land;false;plains;1
2780;227;183;174;land;false;plains;1
2781;142;124;251;land;true;plains;1
2782;200;227;210;land;false;plains;1
2783;203;205;106;land;true;plains;1
2784;150;220;193;land;false;plains;1
2785;226;201;224;land;false;plains;1
2786;254;250;81;land;false;plains;1
2787;206;240;186;land;false;plains;1
2788;193;81;231;land;false;plains;1
2789;81;209;246;land;false;plains;1
2790;176;128;246;land;false;plains;1
2791;172;239;121;land;false;plains;1
2792;105;232;188;land;false;plains;1
2793;100;219;189;land;false;plains;1
2794;186;206;182;land;false;plains;1
2795;240;232;162;land;false;plains;1
2796;135;237;130;land;false;plains;1
2797;247;243;190;land;false;plains;1
2798;253;67;213;land;false;plains;1
2799;140;227;159;land;false;plains;1
2800;253;123;240;land;false;plains;1
2801;229;76;198;land;false;plains;1
2802;219;105;245;land;false;plains;1
2803;217;248;139;land;false;plains;1
2804;195;199;252;land;false;plains;1
2805;114;221;201;land;false;plains;1
2806;159;219;238;land;false;plains;1
2807;193;160;249;land;false;plains;1
2808;210;245;110;land;false;plains;1
2809;245;37;239;land;false;plains;1
2810;212;179;175;land;false;plains;1
2811;171;176;223;land;false;plains;1
2812;172;137;210;land;false;plains;1
2813;222;159;184;land;false;plains;1
2814;238;228;215;land;false;plains;1
2815;56;220;241;land;false;plains;1
2816;231;175;221;land;false;plains;1
2817;80;199;252;land;true;plains;1
2818;77;251;208;land;false;plains;1
2819;216;184;180;land;true;plains;1
2820;164;241;174;land;false;plains;1
2821;159;254;166;land;false;plains;1
2822;235;196;190;land;false;plains;1
2823;232;112;229;land;false;plains;1
2824;146;209;250;land;false;plains;1
2825;141;192;201;land;false;plains;1
2826;207;248;102;land;false;plains;1
2827;213;147;231;land;false;plains;1
2828;243;138;163;land;false;plains;1
2829;177;242;164;land;false;plains;1
2830;134;243;191;land;false;plains;1
2831;181;225;104;land;false;plains;1
2832;249;138;210;land;false;plains;1
2833;249;174;102;land;false;plains;1
2834;220;241;42;land;false;plains;1
2835;202;243;70;land;false;plains;1
2836;203;206;250;land;false;plains;1
2837;156;240;226;land;false;plains;1
2838;116;179;246;land;false;plains;1
2839;228;59;252;land;false;plains;1
2840;242;229;208;land;false;plains;1
2841;116;252;192;land;false;plains;1
2842;226;185;169;land;false;plains;1
2843;180;158;249;land;false;plains;1
2844;191;134;244;land;false;plains;1
2845;235;244;94;land;false;plains;1
2846;160;143;244;land;false;plains;1
2847;178;219;249;land;true;plains;1
2848;121;205;222;land;true;plains;1
2849;193;244;206;land;false;plains;1
2850;193;229;114;land;false;plains;1
2851;218;66;233;land;false;plains;1
2852;101;240;162;land;false;plains;1
2853;175;217;214;land;false;plains;1
2854;88;221;253;land;false;plains;1
2855;223;192;149;land;false;plains;1
2856;241;204;140;land;false;plains;1
2857;210;214;175;land;false;plains;1
2858;117;251;241;land;false;plains;1
2859;242;50;210;land;false;plains;1
2860;163;185;231;land;false;plains;1
2861;236;237;123;land;true;plains;1
2862;238;210;192;land;false;plains;1
2863;211;226;150;land;true;plains;1
2864;249;219;189;land;false;plains;1
2865;153;166;226;land;false;plains;1
2866;116;247;141;land;false;plains;1
2867;182;150;179;land;false;plains;1
2868;217;163;159;land;false;plains;1
2869;198;202;125;land;false;plains;1
2870;191;173;185;land;false;plains;1
2871;207;213;168;land;false;plains;1
2872;175;247;217;land;false;plains;1
2873;207;172;163;land;false;plains;1
2874;241;233;95;land;false;plains;1
2875;154;234;116;land;false;plains;1
2876;204;242;93;land;false;plains;1
2877;87;243;207;land;true;plains;1
2878;67;245;214;land;false;plains;1
2879;223;163;184;land;false;plains;1
2880;215;210;109;land;false;plains;1
2881;239;231;50;land;false;plains;1
2882;70;223;237;land;false;plains;1
2883;226;251;24;land;false;plains;1
2884;135;245;173;land;false;plains;1
2885;251;151;110;land;false;plains;1
2886;228;204;89;land;false;plains;1
2887;133;237;233;land;false;plains;1
2888;114;198;211;land;false;plains;1
2889;250;122;239;land;false;plains;1
2890;223;135;210;land;false;plains;1
2891;244;135;134;land;false;plains;1
2892;156;205;235;land;false;plains;1
2893;184;191;168;land;false;plains;1
2894;239;87;249;land;false;plains;1
2895;227;234;184;land;false;plains;1
2896;142;206;240;land;false;plains;1
2897;190;216;211;land;false;plains;1
2898;252;101;247;land;false;plains;1
2899;252;60;217;land;false;plains;1
2900;176;179;198;land;false;plains;1
2901;201;246;57;land;false;plains;1
2902;225;232;90;land;false;plains;1
2903;151;247;169;land;false;plains;1
2904;237;151;128;land;false;plains;1
2905;223;82;204;land;false;plains;1
2906;194;209;230;land;false;plains;1
2907;89;209;229;land;true;plains;1
2908;165;137;205;land;false;plains;1
2909;244;145;135;land;true;plains;1
2910;248;226;246;land;false;plains;1
2911;254;236;162;land;false;plains;1
2912;207;207;202;land;false;plains;1
2913;86;200;244;land;false;plains;1
2914;231;41;246;land;false;plains;1
2915;246;200;62;land;false;plains;1
2916;121;236;163;land;false;plains;1
2917;214;190;126;land;false;plains;1
2918;151;226;200;land;false;plains;1
2919;202;165;242;land;true;plains;1
2920;98;223;217;land;false;plains;1
2921;170;172;174;land;false;plains;1
2922;229;168;208;land;false;plains;1
2923;77;233;243;land;false;plains;1
2924;209;223;194;land;false;plains;1
2925;205;235;155;land;false;plains;1
2926;224;223;64;land;false;plains;1
2927;206;111;193;land;false;plains;1
2928;225;167;171;land;false;plains;1
2929;253;133;159;land;false;plains;1
2930;244;214;123;land;false;plains;1
2931;223;211;143;land;false;plains;1
2932;196;146;245;land;false;plains;1
2933;99;234;209;land;false;plains;1
2934;159;213;174;land;false;plains;1
2935;73;230;244;land;false;plains;1
2936;224;188;210;land;false;plains;1
2937;154;212;156;land;false;plains;1
2938;249;179;248;land;false;plains;1
2939;182;190;247;land;true;plains;1
2940;247;198;103;land;false;plains;1
2941;188;243;200;land;false;plains;1
2942;147;201;182;land;false;plains;1
2943;178;143;197;land;false;plains;1
2944;179;195;167;land;false;plains;1
2945;56;238;239;land;false;plains;1
2946;166;160;251;land;false;plains;1
2947;252;249;212;land;true;plains;1
2948;101;195;238;land;false;plains;1
2949;38;253;239;land;true;plains;1
2950;187;236;155;land;false;plains;1
2951;218;252;146;land;false;plains;1
2952;234;205;192;land;false;plains;1
2953;133;206;180;land;false;plains;1
2954;240;228;46;land;false;plains;1
2955;188;138;216;land;false;plains;1
2956;73;254;249;land;false;plains;1
2957;227;131;243;land;false;plains;1
2958;187;216;160;land;false;plains;1
2959;88;254;174;land;false;plains;1
2960;16;243;242;land;false;plains;1
2961;84;226;229;land;false;plains;1
2962;207;245;229;land;false;plains;1
2963;195;240;164;land;false;plains;1
2964;228;238;92;land;false;plains;1
2965;232;244;211;land;true;plains;1
2966;236;63;206;land;false;plains;1
2967;216;195;161;land;false;plains;1
2968;160;227;244;land;false;plains;1
2969;196;223;90;land;false;plains;1
2970;234;185;174;land;false;plains;1
2971;137;251;130;land;false;plains;1
2972;225;83;231;land;false;plains;1
2973;202;236;244;land;false;plains;1
2974;246;245;33;land;true;plains;1
2975;238;230;111;land;false;plains;1
2976;58;247;229;land;false;plains;1
2977;230;185;91;land;false;plains;1
2978;191;72;238;land;false;plains;1
2979;69;230;208;land;false;plains;1
2980;238;187;147;land;false;plains;1
2981;133;215;252;land;false;plains;1
2982;192;208;191;land;false;plains;1
2983;140;167;245;land;false;plains;1
2984;112;195;237;land;false;plains;1
2985;162;178;181;land;false;plains;1
2986;154;215;205;land;false;plains;1
2987;216;212;181;land;false;plains;1
2988;240;133;147;land;false;plains;1
2989;26;243;244;land;false;plains;1
2990;231;232;142;land;true;plains;1
2991;202;94;242;land;true;plains;1
2992;230;213;208;land;false;plains;1
2993;232;203;110;land;false;plains;1
2994;199;234;77;land;false;plains;1
2995;243;240;40;land;false;plains;1
2996;254;88;229;land;false;plains;1
2997;248;92;203;land;false;plains;1
2998;131;241;252;land;false;plains;1
2999;158;156;193;land;false;plains;1
3000;86;216;218;land;false;plains;1
3001;235;213;229;land;false;plains;1
3002;231;200;175;land;true;plains;1
3003;216;225;207;land;false;plains;1
3004;151;196;170;land;false;plains;1
3005;162;113;249;land;true;plains;1
3006;207;252;154;land;true;plains;1
3007;206;98;202;land;false;plains;1
3008;246;191;135;land;false;plains;1
3009;236;165;103;land;false;plains;1
3010;106;235;212;land;false;plains;1
3011;220;192;228;land;false;plains;1
3012;203;147;187;land;false;plains;1
3013;230;242;80;land;false;plains;1
3014;224;179;127;land;false;plains;1
3015;130;248;168;land;true;plains;1
3016;230;210;168;land;false;plains;1
3017;226;121;174;land;true;plains;1
3018;141;229;176;land;false;plains;1
3019;210;185;228;land;false;plains;1
3020;127;205;188;land;false;plains;1
3021;194;195;249;land;false;plains;1
3022;232;236;121;land;false;plains;1
3023;200;214;195;land;false;plains;1
3024;146;241;199;land;false;plains;1
3025;254;197;247;land;false;plains;1
3026;173;178;231;land;false;plains;1
3027;137;208;185;land;false;plains;1
3028;142;254;144;land;false;plains;1
3029;63;199;247;land;true;plains;1
3030;236;187;102;land;false;plains;1
3031;243;131;251;land;true;plains;1
3032;8;252;254;land;false;plains;1
3033;155;234;236;land;false;plains;1
3034;140;202;217;land;false;plains;1
3035;233;160;226;land;false;plains;1
3036;254;247;73;land;false;plains;1
3037;252;203;64;land;false;plains;1
3038;186;141;234;land;false;plains;1
3039;137;168;205;land;false;plains;1
3040;59;211;234;land;false;plains;1
3041;200;222;90;land;false;plains;1
3042;215;187;119;land;false;plains;1
3043;86;200;215;land;false;plains;1
3044;223;38;243;land;false;plains;1
3045;144;152;209;land;false;plains;1
3046;182;187;159;land;true;plains;1
3047;219;178;169;land;false;plains;1
3048;142;247;164;land;false;plains;1
3049;170;246;94;land;true;plains;1
3050;252;187;93;land;false;plains;1
3051;157;217;151;land;false;plains;1
3052;161;145;214;land;false;plains;1
3053;248;213;133;land;false;plains;1
3054;216;150;181;land;false;plains;1
3055;195;173;236;land;false;plains;1
3056;164;200;248;land;false;plains;1
3057;187;251;115;land;false;plains;1
3058;180;236;103;land;false;plains;1
3059;181;250;158;land;false;plains;1
3060;212;137;171;land;false;plains;1
3061;236;89;188;land;false;plains;1
3062;210;252;87;land;false;plains;1
3063;177;176;232;land;false;plains;1
3064;157;248;206;land;false;plains;1
3065;247;132;128;land;false;plains;1
3066;241;198;192;land;false;plains;1
3067;252;105;223;land;false;plains;1
3068;127;173;245;land;false;plains;1
3069;201;174;134;land;true;plains;1
3070;139;221;199;land;true;plains;1
3071;22;233;248;land;false;plains;1
3072;202;143;243;land;false;plains;1
3073;242;125;189;land;false;plains;1
3074;172;110;253;land;false;plains;1
3075;128;244;133;land;false;plains;1
3076;242;194;182;land;false;plains;1
3077;196;96;221;land;false;plains;1
3078;221;186;202;land;false;plains;1
3079;185;234;88;land;false;plains;1
3080;160;251;193;land;false;plains;1
3081;233;220;138;land;false;plains;1
3082;100;166;242;land;false;plains;1
3083;198;230;211;land;false;plains;1
3084;154;238;218;land;false;plains;1
3085;250;83;189;land;false;plains;1
3086;249;236;105;land;false;plains;1
3087;205;215;225;land;false;plains;1
3088;225;235;253;land;false;plains;1
3089;139;125;241;land;false;plains;1
3090;248;44;231;land;false;plains;1
3091;200;153;229;land;false;plains;1
3092;84;233;211;land;false;plains;1
3093;245;210;152;land;false;plains;1
3094;202;189;200;land;false;plains;1
3095;168;150;189;land;false;plains;1
3096;110;242;193;land;true;plains;1
3097;240;131;144;land;false;plains;1
3098;112;210;206;land;false;plains;1
3099;226;213;153;land;false;plains;1
3100;223;212;132;land;false;plains;1
3101;211;105;235;land;false;plains;1
3102;250;179;141;land;false;plains;1
3103;235;185;129;land;false;plains;1
3104;237;82;249;land;true;plains;1
3105;112;211;244;land;false;plains;1
3106;213;136;167;land;false;plains;1
3107;253;242;36;land;false;plains;1
3108;179;103;246;land;false;plains;1
3109;95;242;187;land;false;plains;1
3110;234;179;198;land;false;plains;1
3111;182;117;224;land;false;plains;1
3112;207;249;48;land;false;plains;1
3113;219;172;116;land;false;plains;1
3114;97;242;232;land;true;plains;1
3115;247;155;252;land;false;plains;1
3116;228;76;207;land;true;plains;1
3117;82;183;237;land;false;plains;1
3118;145;207;228;land;false;plains;1
3119;194;171;245;land;false;plains;1
3120;165;247;113;land;false;plains;1
3121;81;234;213;land;true;plains;1
3122;109;198;214;land;false;plains;1
3123;203;183;159;land;false;plains;1
3124;242;223;118;land;true;plains;1
3125;142;231;133;land;false;plains;1
3126;186;131;247;land;false;plains;1
3127;187;119;209;land;false;plains;1
3128;105;191;213;land;false;plains;1
3129;121;224;251;land;true;plains;1
3130;146;237;143;land;false;plains;1
3131;185;236;242;land;false;plains;1
3132;193;156;242;land;false;plains;1
3133;160;254;150;land;false;plains;1
3134;198;157;197;land;false;plains;1
3135;127;226;242;land;false;plains;1
3136;197;230;77;land;false;plains;1
3137;213;184;152;land;true;plains;1
3138;93;225;189;land;false;plains;1
3139;198;142;252;land;false;plains;1
3140;150;249;217;land;true;plains;1
3141;185;236;109;land;false;plains;1
3142;217;92;242;land;false;plains;1
3143;248;243;49;land;false;plains;1
3144;168;214;243;land;false;plains;1
3145;154;166;186;land;false;plains;1
3146;253;98;155;land;false;plains;1
3147;233;202;150;land;false;plains;1
3148;188;222;144;land;false;plains;1
3149;238;251;34;land;false;plains;1
3150;245;232;51;land;false;plains;1
3151;179;155;174;land;false;plains;1
3152;231;102;194;land;false;plains;1
3153;244;98;172;land;false;plains;1
3154;192;231;133;land;false;plains;1
3155;229;141;148;land;false;plains;1
3156;168;95;245;land;false;plains;1
3157;202;245;59;land;false;plains;1
3158;194;229;188;land;false;plains;1
3159;223;139;180;land;false;plains;1
3160;107;235;190;land;false;plains;1
3161;212;230;157;land;false;plains;1
3162;224;185;200;land;false;plains;1
3163;156;149;203;land;false;plains;1
3164;240;163;118;land;false;plains;1
3165;190;197;231;land;false;plains;1
3166;144;210;183;land;false;plains;1
3167;160;236;164;land;false;plains;1
3168;142;254;228;land;false;plains;1
3169;208;96;222;land;true;plains;1
3170;244;152;222;land;false;plains;1
3171;238;213;169;land;false;plains;1
3172;222;182;173;land;false;plains;1
3173;167;199;254;land;false;plains;1
3174;254;186;148;land;false;plains;1
3175;150;207;231;land;false;plains;1
3176;225;162;197;land;false;plains;1
3177;244;232;105;land;false;plains;1
3178;229;71;229;land;false;plains;1
3179;195;175;185;land;false;plains;1
3180;216;195;131;land;false;plains;1
3181;215;152;150;land;false;plains;1
3182;249;193;122;land;false;plains;1
3183;100;230;219;land;false;plains;1
3184;244;105;229;land;false;plains;1
3185;234;218;198;land;false;plains;1
3186;123;254;248;land;false;plains;1
3187;208;128;169;land;false;plains;1
3188;164;147;240;land;true;plains;1
3189;101;251;215;land;false;plains;1
3190;240;134;191;land;false;plains;1
3191;253;174;182;land;false;plains;1
3192;254;105;226;land;false;plains;1
3193;39;249;251;land;false;plains;1
3194;211;209;213;land;false;plains;1
3195;123;169;240;land;true;plains;1
3196;171;222;170;land;false;plains;1
3197;202;148;223;land;false;plains;1
3198;239;249;16;land;false;plains;1
3199;222;209;127;land;false;plains;1
3200;229;142;174;land;false;plains;1
3201;54;202;252;land;false;plains;1
3202;219;77;226;land;true;plains;1
3203;213;152;144;land;false;plains;1
3204;156;195;153;land;true;plains;1
3205;203;163;214;land;true;plains;1
3206;243;216;220;land;false;plains;1
3207;231;168;220;land;false;plains;1
3208;219;222;142;land;false;plains;1
3209;235;66;241;land;false;plains;1
3210;247;206;227;land;false;plains;1
3211;170;122;230;land;false;plains;1
3212;207;223;93;land;false;plains;1
3213;47;216;253;land;false;plains;1
3214;108;209;212;land;false;plains;1
3215;30;240;241;land;false;plains;1
3216;218;109;243;land;false;plains;1
3217;41;254;208;land;false;plains;1
3218;242;245;149;land;false;plains;1
3219;236;210;148;land;false;plains;1
3220;192;201;154;land;false;plains;1
3221;129;207;202;land;false;plains;1
3222;93;200;213;land;false;plains;1
3223;164;146;233;land;false;plains;1
3224;232;228;150;land;false;plains;1
3225;215;204;123;land;false;plains;1
3226;252;222;74;land;false;plains;1
3227;243;244;85;land;false;plains;1
3228;254;183;115;land;false;plains;1
3229;207;169;164;land;false;plains;1
3230;251;130;225;land;false;plains;1
3231;214;193;210;land;false;plains;1
3232;87;176;240;land;false;plains;1
3233;67;198;242;land;false;plains;1
3234;213;202;135;land;false;plains;1
3235;237;171;114;land;false;plains;1
3236;179;170;202;land;false;plains;1
3237;250;213;213;land;false;plains;1
3238;138;248;148;land;false;plains;1
3239;166;225;246;land;false;plains;1
3240;241;249;176;land;false;plains;1
3241;149;207;250;land;false;plains;1
3242;198;232;164;land;true;plains;1
3243;140;197;186;land;false;plains;1
3244;190;180;146;land;false;plains;1
3245;218;216;70;land;false;plains;1
3246;137;180;205;land;false;plains;1
3247;238;116;202;land;false;plains;1
3248;245;79;193;land;false;plains;1
3249;230;176;104;land;true;plains;1
3250;211;251;173;land;false;plains;1
3251;61;251;219;land;true;plains;1
3252;231;53;252;land;false;plains;1
3253;210;239;194;land;false;plains;1
3254;254;236;92;land;false;plains;1
3255;134;191;187;land;false;plains;1
3256;179;196;213;land;false;plains;1
3257;187;199;136;land;false;plains;1
3258;239;247;145;land;false;plains;1
3259;190;185;157;land;false;plains;1
3260;232;175;251;land;false;plains;1
3261;194;241;254;land;false;plains;1
3262;102;227;178;land;false;plains;1
3263;236;22;243;land;false;plains;1
3264;230;67;209;land;false;plains;1
3265;218;205;118;land;true;plains;1
3266;192;187;191;land;false;plains;1
3267;200;214;127;land;false;plains;1
3268;224;186;94;land;false;plains;1
3269;126;172;219;land;false;plains;1
3270;193;233;147;land;false;plains;1
3271;229;183;137;land;false;plains;1
3272;181;128;219;land;false;plains;1
3273;225;155;232;land;false;plains;1
3274;146;117;247;land;true;plains;1
3275;177;168;187;land;false;plains;1
3276;251;174;226;land;false;plains;1
3277;186;159;172;land;false;plains;1
3278;219;122;199;land;false;plains;1
3279;190;128;222;land;false;plains;1
3280;188;209;143;land;false;plains;1
3281;132;132;252;land;false;plains;1
3282;179;174;236;land;false;plains;1
3283;128;204;231;land;false;plains;1
3284;193;250;59;land;false;plains;1
3285;230;179;114;land;false;plains;1
3286;171;171;172;land;false;plains;1
3287;162;219;145;land;false;plains;1
3288;213;122;232;land;false;plains;1
3289;232;241;93;land;false;plains;1
3290;23;250;240;land;false;plains;1
3291;227;171;134;land;false;plains;1
3292;246;107;172;land;false;plains;1
3293;218;145;242;land;false;plains;1
3294;183;228;206;land;false;plains;1
3295;218;243;226;land;true;plains;1
3296;162;223;149;land;false;plains;1
3297;253;219;70;land;false;plains;1
3298;179;127;236;land;false;plains;1
3299;148;232;132;land;false;plains;1
3300;55;245;241;land;false;plains;1
3301;90;237;212;land;false;plains;1
3302;244;132;167;land;false;plains;1
3303;248;205;62;land;false;plains;1
3304;222;201;249;land;false;plains;1
3305;187;109;248;land;false;plains;1
3306;210;148;242;land;false;plains;1
3307;145;247;197;land;false;plains;1
3308;208;186;204;land;false;plains;1
3309;92;184;245;land;false;plains;1
3310;197;247;232;land;false;plains;1
3311;248;249;71;land;false;plains;1
3312;224;226;163;land;false;plains;1
3313;214;164;162;land;false;plains;1
3314;172;201;223;land;false;plains;1
3315;164;159;212;land;false;plains;1
3316;178;246;156;land;false;plains;1
3317;206;214;192;land;false;plains;1
3318;203;235;138;land;true;plains;1
3319;214;168;216;land;false;plains;1
3320;142;248;196;land;false;plains;1
3321;187;207;185;land;false;plains;1
3322;253;50;213;land;false;plains;1
3323;140;200;201;land;false;plains;1
3324;225;185;159;land;true;plains;1
3325;134;215;175;land;false;plains;1
3326;174;162;234;land;false;plains;1
3327;246;95;219;land;false;plains;1
3328;254;153;156;land;false;plains;1
3329;242;231;93;land;false;plains;1
3330;135;215;190;land;false;plains;1
3331;223;206;186;land;false;plains;1
3332;192;242;170;land;false;plains;1
3333;181;215;254;land;false;plains;1
3334;159;225;146;land;false;plains;1
3335;237;220;109;land;false;plains;1
3336;162;208;138;land;false;plains;1
3337;211;208;235;land;false;plains;1
3338;222;178;103;land;false;plains;1
3339;224;231;141;land;false;plains;1
3340;174;234;149;land;false;plains;1
3341;253;71;200;land;false;plains;1
3342;140;160;253;land;false;plains;1
3343;237;201;124;land;false;plains;1
3344;216;183;149;land;false;plains;1
3345;210;169;223;land;false;plains;1
3346;219;248;231;land;false;plains;1
3347;169;228;115;land;false;plains;1
3348;250;241;252;land;true;plains;1
3349;243;253;28;land;false;plains;1
3350;99;223;250;land;false;plains;1
3351;195;74;234;land;false;plains;1
3352;178;231;233;land;false;plains;1
3353;220;80;219;land;false;plains;1
3354;214;245;78;land;false;plains;1
3355;164;206;141;land;false;plains;1
3356;244;146;121;land;false;plains;1
3357;160;214;225;land;false;plains;1
3358;252;59;200;land;false;plains;1
3359;49;211;249;land;false;plains;1
3360;38;227;244;land;false;plains;1
3361;245;253;198;land;false;plains;1
3362;237;206;196;land;false;plains;1
3363;254;251;243;land;false;plains;1
3364;155;222;177;land;false;plains;1
3365;209;64;254;land;false;plains;1
3366;143;146;251;land;false;plains;1
3367;202;248;217;land;false;plains;1
3368;238;243;239;land;false;plains;1
3369;246;192;115;land;false;plains;1
3370;248;15;241;land;false;plains;1
3371;129;187;227;land;false;plains;1
3372;222;135;199;land;false;plains;1
3373;202;227;147;land;false;plains;1
3374;219;250;135;land;false;plains;1
3375;153;124;244;land;false;plains;1
3376;62;188;251;land;false;plains;1
3377;252;92;178;land;false;plains;1
3378;150;220;236;land;false;plains;1
3379;219;176;217;land;false;plains;1
3380;167;115;248;land;false;plains;1
3381;162;155;249;land;true;plains;1
3382;176;171;158;land;false;plains;1
3383;252;246;72;land;false;plains;1
3384;245;89;247;land;true;plains;1
3385;201;207;204;land;true;plains;1
3386;220;244;209;land;false;plains;1
3387;239;234;126;land;false;plains;1
3388;254;143;139;land;false;plains;1
3389;206;51;253;land;true;plains;1
3390;236;155;111;land;false;plains;1
3391;153;181;211;land;false;plains;1
3392;166;152;218;land;false;plains;1
3393;230;83;204;land;false;plains;1
3394;206;164;131;land;false;plains;1
3395;243;246;240;land;false;plains;1
3396;173;174;252;land;false;plains;1
3397;119;216;182;land;false;plains;1
3398;131;174;236;land;false;plains;1
3399;183;224;108;land;false;plains;1
3400;206;243;246;land;false;plains;1
3401;89;248;203;land;false;plains;1
3402;237;117;167;land;false;plains;1
3403;188;235;89;land;false;plains;1
3404;229;157;152;land;false;plains;1
3405;238;202;111;land;false;plains;1
3406;204;248;81;land;false;plains;1
3407;156;206;254;land;false;plains;1
3408;170;237;163;land;false;plains;1
3409;249;250;89;land;false;plains;1
3410;238;223;124;land;false;plains;1
3411;178;125;248;land;false;plains;1
3412;181;199;189;land;false;plains;1
3413;250;253;7;land;false;plains;1
3414;236;224;130;land;false;plains;1
3415;187;148;216;land;false;plains;1
3416;181;248;150;land;false;plains;1
3417;195;155;230;land;false;plains;1
3418;236;152;196;land;false;plains;1
3419;146;187;194;land;false;plains;1
3420;237;246;142;land;false;plains;1
3421;189;182;237;land;true;plains;1
3422;243;237;45;land;false;plains;1
3423;233;214;146;land;false;plains;1
3424;152;219;130;land;false;plains;1
3425;233;190;167;land;false;plains;1
3426;236;181;252;land;false;plains;1
3427;174;163;210;land;true;plains;1
3428;173;253;85;land;false;plains;1
3429;77;217;252;land;false;plains;1
3430;209;72;233;land;false;plains;1
3431;247;111;192;land;false;plains;1
3432;213;249;47;land;false;plains;1
3433;224;134;245;land;false;plains;1
3434;251;162;111;land;false;plains;1
3435;126;175;225;land;true;plains;1
3436;103;252;247;land;false;plains;1
3437;182;169;192;land;false;plains;1
3438;176;235;208;land;false;plains;1
3439;251;249;46;land;false;plains;1
3440;144;115;246;land;false;plains;1
3441;136;226;221;land;false;plains;1
3442;234;87;223;land;true;plains;1
3443;214;185;110;land;false;plains;1
3444;102;245;194;land;false;plains;1
3445;211;73;236;land;false;plains;1
3446;113;234;247;land;false;plains;1
3447;201;242;125;land;false;plains;1
3448;195;133;232;land;false;plains;1
3449;128;186;209;land;false;plains;1
3450;162;229;207;land;false;plains;1
3451;247;89;217;land;false;plains;1
3452;182;188;248;land;false;plains;1
3453;189;216;224;land;false;plains;1
3454;235;188;118;land;false;plains;1
3455;233;156;143;land;false;plains;1
3456;14;242;249;land;false;plains;1
3457;198;209;208;land;false;plains;1
3458;186;234;230;land;false;plains;1
3459;240;149;217;land;false;plains;1
3460;186;192;132;land;true;plains;1
3461;128;252;121;land;false;plains;1
3462;108;179;237;land;false;plains;1
3463;170;243;170;land;false;plains;1
3464;241;248;164;land;false;plains;1
3465;221;152;140;land;false;plains;1
3466;184;251;127;land;false;plains;1
3467;196;236;102;land;false;plains;1
3468;42;232;254;land;false;plains;1
3469;198;247;250;land;false;plains;1
3470;200;155;152;land;false;plains;1
3471;238;209;88;land;false;plains;1
3472;225;242;254;land;false;plains;1
3473;203;197;132;land;false;plains;1
3474;182;133;230;land;false;plains;1
3475;254;195;155;land;false;plains;1
3476;66;240;213;land;false;plains;1
3477;212;155;205;land;false;plains;1
3478;203;175;170;land;false;plains;1
3479;120;226;246;land;false;plains;1
3480;237;237;141;land;false;plains;1
3481;247;204;222;land;false;plains;1
3482;238;247;113;land;false;plains;1
3483;152;167;203;land;false;plains;1
3484;162;240;130;land;false;plains;1
3485;201;235;247;land;false;plains;1
3486;218;152;172;land;false;plains;1
3487;202;250;154;land;false;plains;1
3488;205;250;82;land;false;plains;1
3489;244;232;102;land;false;plains;1
3490;72;250;199;land;false;plains;1
3491;235;133;226;land;false;plains;1
3492;241;133;224;land;true;plains;1
3493;237;46;235;land;false;plains;1
3494;222;164;127;land;false;plains;1
3495;210;207;212;land;false;plains;1
3496;196;236;73;land;false;plains;1
3497;197;193;247;land;false;plains;1
3498;179;227;109;land;false;plains;1
3499;240;230;127;land;false;plains;1
3500;140;233;152;land;false;plains;1
3501;246;163;120;land;true;plains;1
3502;237;200;251;land;false;plains;1
3503;180;251;221;land;true;plains;1
3504;200;117;202;land;true;plains;1
3505;112;214;185;land;false;plains;1
3506;217;246;232;land;false;plains;1
3507;213;229;181;land;false;plains;1
3508;199;119;198;land;false;plains;1
3509;228;99;183;land;false;plains;1
3510;168;238;153;land;false;plains;1
3511;224;116;217;land;false;plains;1
3512;134;221;184;land;false;plains;1
3513;156;253;218;land;false;plains;1
3514;220;221;243;land;false;plains;1
3515;237;187;232;land;false;plains;1
3516;218;162;183;land;false;plains;1
3517;154;238;186;land;true;plains;1
3518;195;74;240;land;false;plains;1
3519;92;183;229;land;false;plains;1
3520;139;220;239;land;false;plains;1
3521;100;248;227;land;false;plains;1
3522;194;90;239;land;false;plains;1
3523;120;223;216;land;false;plains;1
3524;141;253;227;land;false;plains;1
3525;238;253;169;land;false;plains;1
3526;203;156;163;land;false;plains;1
3527;181;136;250;land;false;plains;1
3528;237;144;196;land;false;plains;1
3529;249;253;77;land;false;plains;1
3530;100;207;252;land;false;plains;1
3531;239;193;224;land;false;plains;1
3532;206;134;198;land;false;plains;1
3533;188;159;232;land;true;plains;1
3534;46;245;254;land;true;plains;1
3535;88;220;249;land;false;plains;1
3536;234;176;202;land;false;plains;1
3537;147;238;211;land;false;plains;1
3538;236;92;202;land;false;plains;1
3539;171;229;139;land;false;plains;1
3540;238;86;188;land;false;plains;1
3541;177;222;150;land;false;plains;1
3542;244;245;176;land;false;plains;1
3543;148;145;250;land;false;plains;1
3544;229;170;151;land;false;plains;1
3545;247;191;240;land;false;plains;1
3546;229;234;95;land;false;plains;1
3547;240;110;191;land;false;plains;1
3548;246;187;154;land;false;plains;1
3549;245;215;106;land;false;plains;1
3550;236;87;211;land;false;plains;1
3551;155;211;143;land;false;plains;1
3552;246;136;133;land;false;plains;1
3553;143;218;156;land;false;plains;1
3554;220;146;203;land;false;plains;1
3555;106;227;199;land;true;plains;1
3556;227;116;245;land;false;plains;1
3557;220;89;226;land;false;plains;1
3558;225;82;231;land;false;plains;1
3559;186;176;180;land;false;plains;1
3560;74;238;247;land;false;plains;1
3561;248;239;230;land;true;plains;1
3562;213;225;143;land;false;plains;1
3563;149;195;229;land;false;plains;1
3564;126;241;231;land;false;plains;1
3565;246;223;111;land;false;plains;1
3566;218;186;220;land;false;plains;1
3567;209;201;246;land;false;plains;1
3568;254;190;122;land;false;plains;1
3569;170;163;171;land;false;plains;1
3570;232;227;85;land;false;plains;1
3571;198;114;232;land;false;plains;1
3572;175;246;107;land;false;plains;1
3573;141;148;216;land;false;plains;1
3574;217;221;154;land;false;plains;1
3575;214;181;206;land;false;plains;1
3576;141;177;195;land;false;plains;1
3577;106;235;209;land;false;plains;1
3578;138;171;242;land;false;plains;1
3579;241;251;154;land;false;plains;1
3580;240;214;161;land;false;plains;1
3581;241;108;248;land;false;plains;1
3582;194;226;176;land;false;plains;1
3583;242;161;195;land;false;plains;1
3584;159;178;239;land;false;plains;1
3585;128;199;241;land;true;plains;1
3586;218;83;215;land;false;plains;1
3587;135;132;250;land;false;plains;1
3588;237;147;244;land;false;plains;1
3589;171;223;212;land;false;plains;1
3590;194;187;132;land;false;plains;1
3591;230;245;96;land;false;plains;1
3592;122;199;180;land;false;plains;1
3593;230;162;125;land;false;plains;1
3594;247;159;170;land;false;plains;1
3595;207;55;244;land;false;plains;1
3596;227;230;134;land;false;plains;1
3597;173;218;213;land;false;plains;1
3598;242;249;223;land;false;plains;1
3599;223;238;244;land;false;plains;1
3600;223;221;234;land;true;plains;1
3601;165;253;157;land;false;plains;1
3602;204;249;58;land;true;plains;1
3603;147;208;159;land;false;plains;1
3604;169;174;204;land;false;plains;1
3605;224;223;116;land;false;plains;1
3606;150;160;217;land;false;plains;1
3607;251;214;213;land;false;plains;1
3608;181;166;226;land;false;plains;1
3609;125;175;247;land;false;plains;1
3610;134;237;142;land;false;plains;1
3611;175;242;138;land;false;plains;1
3612;163;241;237;land;false;plains;1
3613;216;145;209;land;false;plains;1
3614;252;164;196;land;false;plains;1
3615;180;225;134;land;false;plains;1
3616;242;214;251;land;false;plains;1
3617;82;216;205;land;false;plains;1
3618;175;250;235;land;false;plains;1
3619;56;224;238;land;true;plains;1
3620;152;172;227;land;false;plains;1
3621;211;219;215;land;false;plains;1
3622;251;147;193;land;false;plains;1
3623;238;166;224;land;false;plains;1
3624;194;227;176;land;false;plains;1
3625;221;189;101;land;false;plains;1
3626;226;197;131;land;false;plains;1
3627;246;78;241;land;true;plains;1
3628;243;92;180;land;false;plains;1
3629;161;116;233;land;false;plains;1
3630;126;227;212;land;false;plains;1
3631;139;227;143;land;false;plains;1
3632;145;241;165;land;false;plains;1
3633;165;169;246;land;false;plains;1
3634;254;190;142;land;false;plains;1
3635;197;229;93;land;false;plains;1
3636;149;221;172;land;false;plains;1
3637;216;177;214;land;false;plains;1
3638;226;166;116;land;false;plains;1
3639;231;156;114;land;false;plains;1
3640;179;194;253;land;false;plains;1
3641;84;207;229;land;false;plains;1
3642;235;213;138;land;true;plains;1
3643;94;254;163;land;true;plains;1
3644;235;212;175;land;false;plains;1
3645;200;222;142;land;false;plains;1
3646;200;229;145;land;true;plains;1
3647;128;239;254;land;false;plains;1
3648;164;199;168;land;false;plains;1
3649;81;252;228;land;false;plains;1
3650;191;237;252;land;false;plains;1
3651;149;146;253;land;false;plains;1
3652;253;209;153;land;false;plains;1
3653;232;163;190;land;false;plains;1
3654;196;177;210;land;false;plains;1
3655;118;158;245;land;true;plains;1
3656;232;176;226;land;true;plains;1
3657;172;253;140;land;false;plains;1
3658;249;240;99;land;false;plains;1
3659;94;226;203;land;false;plains;1
3660;157;238;224;land;false;plains;1
3661;207;188;153;land;false;plains;1
3662;235;191;92;land;false;plains;1
3663;212;186;154;land;false;plains;1
3664;176;182;196;land;false;plains;1
3665;248;133;247;land;false;plains;1
3666;30;253;235;land;false;plains;1
3667;153;216;251;land;false;plains;1
3668;226;246;86;land;false;plains;1
3669;215;195;174;land;false;plains;1
3670;191;198;185;land;false;plains;1
3671;152;200;236;land;false;plains;1
3672;169;234;168;land;false;plains;1
3673;252;138;163;land;false;plains;1
3674;185;156;171;land;false;plains;1
3675;244;238;60;land;false;plains;1
3676;247;187;103;land;false;plains;1
3677;235;194;104;land;false;plains;1
3678;190;254;71;land;false;plains;1
3679;154;208;222;land;false;plains;1
3680;250;157;233;land;false;plains;1
3681;232;232;242;land;true;plains;1
3682;115;252;175;land;false;plains;1
3683;208;180;146;land;false;plains;1
3684;254;24;225;land;false;plains;1
3685;210;207;154;land;false;plains;1
3686;241;232;234;land;false;plains;1
3687;166;190;216;land;false;plains;1
3688;252;221;210;land;false;plains;1
3689;158;232;170;land;false;plains;1
3690;246;221;43;land;false;plains;1
3691;242;70;223;land;false;plains;1
3692;246;183;242;land;false;plains;1
3693;242;242;20;land;false;plains;1
3694;232;127;254;land;false;plains;1
3695;231;175;100;land;false;plains;1
3696;200;203;248;land;false;plains;1
3697;148;240;221;land;false;plains;1
3698;213;254;185;land;false;plains;1
3699;167;250;194;land;false;plains;1
3700;30;246;228;land;false;plains;1
3701;250;232;219;land;false;plains;1
3702;29;219;254;land;false;plains;1
3703;184;145;176;land;false;plains;1
3704;130;227;207;land;false;plains;1
3705;172;247;241;land;false;plains;1
3706;210;236;217;land;false;plains;1
3707;215;237;117;land;false;plains;1
3708;170;254;170;land;false;plains;1
3709;198;161;175;land;false;plains;1
3710;192;104;231;land;true;plains;1
3711;232;197;181;land;true;plains;1
3712;237;177;204;land;false;plains;1
3713;245;60;197;land;false;plains;1
3714;203;112;233;land;false;plains;1
3715;240;221;110;land;false;plains;1
3716;208;250;225;land;false;plains;1
3717;157;240;148;land;false;plains;1
3718;135;145;233;land;true;plains;1
3719;150;180;207;land;false;plains;1
3720;203;112;221;land;false;plains;1
3721;223;161;147;land;false;plains;1
3722;219;107;178;land;false;plains;1
3723;243;199;106;land;true;plains;1
3724;162;217;152;land;false;plains;1
3725;204;162;198;land;false;plains;1
3726;153;177;182;land;false;plains;1
3727;241;166;138;land;true;plains;1
3728;157;243;118;land;false;plains;1
3729;227;83;219;land;false;plains;1
3730;46;240;229;land;false;plains;1
3731;87;218;237;land;false;plains;1
3732;243;149;115;land;true;plains;1
3733;186;184;149;land;false;plains;1
3734;95;209;210;land;false;plains;1
3735;253;53;252;land;false;plains;1
3736;190;226;90;land;false;plains;1
3737;127;125;252;land;false;plains;1
3738;223;253;142;land;false;plains;1
3739;204;197;247;land;false;plains;1
3740;220;66;241;land;false;plains;1
3741;205;104;246;land;false;plains;1
3742;216;203;122;land;false;plains;1
3743;221;248;101;land;false;plains;1
3744;103;206;213;land;false;plains;1
3745;147;250;115;land;false;plains;1
3746;253;166;193;land;false;plains;1
3747;201;177;210;land;false;plains;1
3748;58;223;230;land;false;plains;1
3749;173;202;150;land;false;plains;1
3750;228;247;95;land;false;plains;1
3751;135;237;183;land;false;plains;1
3752;155;140;207;land;true;plains;1
3753;237;238;74;land;false;plains;1
3754;159;202;202;land;false;plains;1
3755;80;194;253;land;false;plains;1
3756;236;155;135;land;false;plains;1
3757;238;196;108;land;false;plains;1
3758;158;174;193;land;true;plains;1
3759;239;224;125;land;false;plains;1
3760;254;176;130;land;false;plains;1
3761;167;177;178;land;false;plains;1
3762;232;192;98;land;false;plains;1
3763;254;188;202;land;false;plains;1
3764;86;232;197;land;false;plains;1
3765;196;162;252;land;false;plains;1
3766;140;210;186;land;false;plains;1
3767;148;220;241;land;false;plains;1
3768;240;215;74;land;false;plains;1
3769;231;191;108;land;false;plains;1
3770;198;171;133;land;false;plains;1
3771;89;228;216;land;false;plains;1
3772;209;81;220;land;false;plains;1
3773;113;212;181;land;false;plains;1
3774;185;147;169;land;false;plains;1
3775;249;120;181;land;false;plains;1
3776;237;197;71;land;false;plains;1
3777;207;82;243;land;false;plains;1
3778;221;220;241;land;false;plains;1
3779;142;204;200;land;false;plains;1
3780;254;195;208;land;false;plains;1
3781;139;241;189;land;false;plains;1
3782;254;238;66;land;false;plains;1
3783;151;239;134;land;false;plains;1
3784;127;250;161;land;true;plains;1
3785;206;235;177;land;false;plains;1
3786;165;229;239;land;false;plains;1
3787;216;153;236;land;true;plains;1
3788;247;80;220;land;false;plains;1
3789;156;162;246;land;true;plains;1
3790;95;249;197;land;false;plains;1
3791;209;193;193;land;true;plains;1
3792;176;162;169;land;false;plains;1
3793;237;190;211;land;false;plains;1
3794;181;97;244;land;false;plains;1
3795;242;88;176;land;false;plains;1
3796;164;243;253;land;false;plains;1
3797;254;66;252;land;false;plains;1
3798;130;227;218;land;false;plains;1
3799;228;65;237;land;false;plains;1
3800;126;216;192;land;false;plains;1
3801;184;166;219;land;false;plains;1
3802;199;164;233;land;false;plains;1
3803;198;210;145;land;true;plains;1
3804;225;139;143;land;false;plains;1
3805;254;172;119;land;false;plains;1
3806;223;188;225;land;false;plains;1
3807;232;84;222;land;false;plains;1
3808;176;235;214;land;false;plains;1
3809;117;219;234;land;false;plains;1
3810;209;251;64;land;false;plains;1
3811;253;116;173;land;false;plains;1
3812;215;244;187;land;false;plains;1
3813;229;190;91;land;false;plains;1
3814;214;125;222;land;false;plains;1
3815;137;215;178;land;false;plains;1
3816;24;242;254;land;false;plains;1
3817;240;145;213;land;false;plains;1
3818;147;200;159;land;false;plains;1
3819;174;186;234;land;false;plains;1
3820;250;130;173;land;false;plains;1
3821;203;174;208;land;false;plains;1
3822;232;233;109;land;false;plains;1
3823;182;126;234;land;false;plains;1
3824;130;130;253;land;false;plains;1
3825;136;223;215;land;false;plains;1
3826;232;82;193;land;false;plains;1
3827;227;106;229;land;false;plains;1
3828;239;190;229;land;false;plains;1
3829;220;189;179;land;true;plains;1
3830;217;209;189;land;false;plains;1
3831;252;209;75;land;false;plains;1
3832;201;229;98;land;false;plains;1
3833;224;186;107;land;false;plains;1
3834;208;245;85;land;false;plains;1
3835;163;211;138;land;false;plains;1
3836;250;244;109;land;false;plains;1
3837;144;210;206;land;false;plains;1
3838;185;203;162;land;false;plains;1
3839;155;251;222;land;false;plains;1
3840;51;251;208;land;false;plains;1
3841;252;106;254;land;false;plains;1
3842;250;227;195;land;false;plains;1
3843;205;236;217;land;false;plains;1
3844;174;179;253;land;false;plains;1
3845;204;185;115;land;true;plains;1
3846;213;228;84;land;false;plains;1
3847;114;155;247;land;false;plains;1
3848;225;128;218;land;false;plains;1
3849;180;177;242;land;false;plains;1
3850;221;142;214;land;false;plains;1
3851;135;225;212;land;false;plains;1
3852;195;155;174;land;false;plains;1
3853;179;243;169;land;false;plains;1
3854;196;201;111;land;false;plains;1
3855;219;101;207;land;false;plains;1
3856;130;183;202;land;false;plains;1
3857;247;163;103;land;true;plains;1
3858;230;102;178;land;false;plains;1
3859;162;204;253;land;false;plains;1
3860;193;104;235;land;false;plains;1
3861;211;98;219;land;false;plains;1
3862;181;198;164;land;false;plains;1
3863;253;243;39;land;false;plains;1
3864;77;242;217;land;false;plains;1
3865;222;237;96;land;false;plains;1
3866;172;145;251;land;false;plains;1
3867;145;244;202;land;true;plains;1
3868;239;250;69;land;false;plains;1
3869;158;175;178;land;false;plains;1
3870;223;108;216;land;false;plains;1
3871;219;195;108;land;false;plains;1
3872;231;45;244;land;false;plains;1
3873;190;191;253;land;false;plains;1
3874;111;236;184;land;false;plains;1
3875;246;154;245;land;false;plains;1
3876;244;202;193;land;false;plains;1
3877;219;212;71;land;false;plains;1
3878;207;56;248;land;false;plains;1
3879;187;186;212;land;false;plains;1
3880;251;164;215;land;false;plains;1
3881;132;204;239;land;false;plains;1
3882;182;167;214;land;true;plains;1
3883;200;189;143;land;true;plains;1
3884;191;188;138;land;false;plains;1
3885;206;201;178;land;false;plains;1
3886;151;198;213;land;false;plains;1
3887;186;207;227;land;false;plains;1
3888;123;165;221;land;false;plains;1
3889;127;212;188;land;false;plains;1
3890;221;197;148;land;false;plains;1
3891;170;206;194;land;false;plains;1
3892;183;234;93;land;false;plains;1
3893;97;170;253;land;false;plains;1
3894;111;248;242;land;false;plains;1
3895;170;203;151;land;false;plains;1
3896;222;251;48;land;false;plains;1
3897;192;194;168;land;false;plains;1
3898;76;206;225;land;false;plains;1
3899;236;227;151;land;false;plains;1
3900;189;242;135;land;false;plains;1
3901;157;239;166;land;false;plains;1
3902;138;212;151;land;false;plains;1
3903;182;106;239;land;false;plains;1
3904;185;172;173;land;false;plains;1
3905;251;125;223;land;false;plains;1
3906;212;205;246;land;false;plains;1
3907;217;251;44;land;false;plains;1
3908;124;226;246;land;false;plains;1
3909;94;172;253;land;false;plains;1
3910;218;215;169;land;true;plains;1
3911;167;184;239;land;false;plains;1
3912;217;170;252;land;false;plains;1
3913;212;250;55;land;false;plains;1
3914;82;254;190;land;false;plains;1
3915;182;242;106;land;false;plains;1
3916;178;166;184;land;false;plains;1
3917;159;185;178;land;true;plains;1
3918;86;194;242;land;true;plains;1
3919;251;73;201;land;false;plains;1
3920;158;222;147;land;true;plains;1
3921;216;215;212;land;false;plains;1
3922;147;168;248;land;false;plains;1
3923;232;44;244;land;false;plains;1
3924;220;216;68;land;false;plains;1
3925;164;147;224;land;false;plains;1
3926;231;184;128;land;false;plains;1
3927;161;191;154;land;false;plains;1
3928;124;246;164;land;false;plains;1
3929;110;214;184;land;false;plains;1
3930;100;225;228;land;false;plains;1
3931;174;230;120;land;false;plains;1
3932;241;219;199;land;false;plains;1
3933;73;238;195;land;false;plains;1
3934;207;204;254;land;false;plains;1
3935;213;174;132;land;false;plains;1
3936;169;220;207;land;false;plains;1
3937;208;151;166;land;false;plains;1
3938;251;89;206;land;false;plains;1
3939;164;105;241;land;false;plains;1
3940;81;220;228;land;false;plains;1
3941;106;215;184;land;false;plains;1
3942;222;191;114;land;false;plains;1
3943;105;249;231;land;false;plains;1
3944;156;155;237;land;false;plains;1
3945;193;112;211;land;false;plains;1
3946;179;176;187;land;false;plains;1
3947;112;215;203;land;false;plains;1
3948;207;219;166;land;false;plains;1
3949;244;229;49;land;false;plains;1
3950;228;204;124;land;false;plains;1
3951;227;206;103;land;false;plains;1
3952;211;159;214;land;false;plains;1
3953;218;173;185;land;false;plains;1
3954;137;191;250;land;false;plains;1
3955;209;208;123;land;true;plains;1
3956;176;196;193;land;false;plains;1
3957;232;79;237;land;false;plains;1
3958;135;162;231;land;false;plains;1
3959;179;231;123;land;false;plains;1
3960;244;186;107;land;false;plains;1
3961;237;51;228;land;false;plains;1
3962;206;153;158;land;true;plains;1
3963;253;15;247;land;false;plains;1
3964;237;254;231;land;false;plains;1
3965;186;126;201;land;false;plains;1
3966;199;125;209;land;false;plains;1
3967;49;211;250;land;false;plains;1
3968;216;230;148;land;false;plains;1
3969;249;140;211;land;false;plains;1
3970;226;215;106;land;false;plains;1
3971;96;207;225;land;true;plains;1
3972;166;218;209;land;false;plains;1
3973;154;249;214;land;false;plains;1
3974;80;186;253;land;false;plains;1
3975;239;81;252;land;false;plains;1
3976;199;197;176;land;false;plains;1
3977;246;239;36;land;false;plains;1
3978;91;206;250;land;false;plains;1
3979;105;249;194;land;false;plains;1
3980;252;178;75;land;false;plains;1
3981;248;232;160;land;false;plains;1
3982;174;223;137;land;false;plains;1
3983;221;236;229;land;false;plains;1
3984;27;247;250;land;false;plains;1
3985;217;186;195;land;false;plains;1
3986;241;105;217;land;false;plains;1
3987;26;246;240;land;false;plains;1
3988;254;187;117;land;true;plains;1
3989;130;148;233;land;true;plains;1
3990;156;220;251;land;false;plains;1
3991;197;138;251;land;false;plains;1
3992;227;198;204;land;false;plains;1
3993;244;200;104;land;false;plains;1
3994;222;216;136;land;false;plains;1
3995;83;221;200;land;false;plains;1
3996;191;100;225;land;false;plains;1
3997;207;136;215;land;false;plains;1
3998;246;140;169;land;false;plains;1
3999;185;207;227;land;false;plains;1
4000;250;199;180;land;false;plains;1
4001;147;245;199;land;false;plains;1
4002;137;143;245;land;false;plains;1
4003;179;198;167;land;false;plains;1
4004;210;124;188;land;false;plains;1
4005;178;150;188;land;false;plains;1
4006;227;168;129;land;false;plains;1
4007;212;155;187;land;false;plains;1
4008;126;252;199;land;false;plains;1
4009;89;221;215;land;false;plains;1
4010;144;111;252;land;true;plains;1
4011;203;215;241;land;false;plains;1
4012;180;161;165;land;false;plains;1
4013;198;163;176;land;false;plains;1
4014;248;144;230;land;false;plains;1
4015;191;157;186;land;false;plains;1
4016;180;226;126;land;false;plains;1
4017;153;224;149;land;false;plains;1
4018;227;253;52;land;false;plains;1
4019;142;218;238;land;false;plains;1
4020;238;179;201;land;false;plains;1
4021;172;157;233;land;false;plains;1
4022;253;140;149;land;true;plains;1
4023;202;208;252;land;false;plains;1
4024;197;165;254;land;false;plains;1
4025;159;189;165;land;true;plains;1
4026;183;210;234;land;false;plains;1
4027;152;184;225;land;false;plains;1
4028;44;251;207;land;false;plains;1
4029;87;191;244;land;false;plains;1
4030;165;252;124;land;false;plains;1
4031;232;197;249;land;false;plains;1
4032;205;242;142;land;false;plains;1
4033;226;156;158;land;false;plains;1
4034;254;239;113;land;false;plains;1
4035;54;254;245;land;false;plains;1
4036;230;191;170;land;false;plains;1
4037;150;202;220;land;false;plains;1
4038;239;223;201;land;false;plains;1
4039;95;212;227;land;false;plains;1
4040;173;244;243;land;false;plains;1
4041;168;160;248;land;false;plains;1
4042;254;53;200;land;false;plains;1
4043;197;80;232;land;false;plains;1
4044;103;190;231;land;false;plains;1
4045;130;233;222;land;false;plains;1
4046;150;205;230;land;false;plains;1
4047;68;238;225;land;false;plains;1
4048;212;132;226;land;true;plains;1
4049;235;236;171;land;false;plains;1
4050;245;249;136;land;false;plains;1
4051;52;215;248;land;false;plains;1
4052;246;97;163;land;false;plains;1
4053;112;230;190;land;false;plains;1
4054;223;221;95;land;false;plains;1
4055;161;186;239;land;false;plains;1
4056;237;99;172;land;false;plains;1
4057;232;156;205;land;false;plains;1
4058;195;225;213;land;true;plains;1
4059;114;187;210;land;false;plains;1
4060;192;250;191;land;false;plains;1
4061;111;231;197;land;false;plains;1
4062;235;189;127;land;false;plains;1
4063;246;107;234;land;false;plains;1
4064;133;245;192;land;true;plains;1
4065;250;178;138;land;false;plains;1
4066;198;231;100;land;false;plains;1
4067;254;204;200;land;false;plains;1
4068;176;239;212;land;false;plains;1
4069;177;204;163;land;false;plains;1
4070;185;187;164;land;false;plains;1
4071;234;159;129;land;false;plains;1
4072;184;192;142;land;false;plains;1
4073;135;185;204;land;false;plains;1
4074;186;93;245;land;false;plains;1
4075;172;214;247;land;false;plains;1
4076;251;239;180;land;false;plains;1
4077;240;116;205;land;false;plains;1
4078;215;50;239;land;false;plains;1
4079;240;196;195;land;false;plains;1
4080;180;219;182;land;false;plains;1
4081;145;186;226;land;false;plains;1
4082;231;118;247;land;false;plains;1
4083;174;232;180;land;false;plains;1
4084;233;131;144;land;false;plains;1
4085;116;178;221;land;false;plains;1
4086;84;230;234;land;false;plains;1
4087;191;220;167;land;false;plains;1
4088;209;167;226;land;false;plains;1
4089;145;162;248;land;false;plains;1
4090;196;203;194;land;false;plains;1
4091;217;123;230;land;false;plains;1
4092;215;206;85;land;false;plains;1
4093;217;180;148;land;false;plains;1
4094;208;230;123;land;false;plains;1
4095;215;141;212;land;false;plains;1
4096;240;223;89;land;false;plains;1
4097;204;55;250;land;false;plains;1
4098;190;71;249;land;false;plains;1
4099;211;223;167;land;false;plains;1
4100;246;210;235;land;false;plains;1
4101;115;192;228;land;false;plains;1
4102;167;106;254;land;false;plains;1
4103;84;210;228;land;false;plains;1
4104;160;204;240;land;false;plains;1
4105;252;240;12;land;true;plains;1
4106;79;244;241;land;false;plains;1
4107;206;178;205;land;false;plains;1
4108;159;160;221;land;false;plains;1
4109;132;194;205;land;false;plains;1
4110;57;248;236;land;false;plains;1
4111;161;125;221;land;false;plains;1
4112;234;140;223;land;false;plains;1
4113;235;169;179;land;false;plains;1
4114;162;159;202;land;false;plains;1
4115;163;88;250;land;false;plains;1
4116;186;217;158;land;false;plains;1
4117;201;189;158;land;false;plains;1
4118;200;168;239;land;true;plains;1
4119;183;196;220;land;false;plains;1
4120;176;97;236;land;false;plains;1
4121;172;174;214;land;false;plains;1
4122;228;196;128;land;false;plains;1
4123;131;246;149;land;false;plains;1
4124;208;203;200;land;false;plains;1
4125;141;203;251;land;false;plains;1
4126;173;160;187;land;false;plains;1
4127;230;139;138;land;false;plains;1
4128;186;209;200;land;false;plains;1
4129;195;215;177;land;false;plains;1
4130;188;250;142;land;false;plains;1
4131;216;46;244;land;false;plains;1
4132;251;195;80;land;false;plains;1
4133;134;193;252;land;false;plains;1
4134;249;58;224;land;false;plains;1
4135;149;247;140;land;false;plains;1
4136;213;172;119;land;false;plains;1
4137;165;140;226;land;true;plains;1
4138;115;236;211;land;false;plains;1
4139;234;227;211;land;false;plains;1
4140;168;238;114;land;false;plains;1
4141;246;101;222;land;false;plains;1
4142;253;127;245;land;false;plains;1
4143;183;232;237;land;false;plains;1
4144;220;172;196;land;false;plains;1
4145;246;97;207;land;false;plains;1
4146;83;238;249;land;false;plains;1
4147;133;251;145;land;false;plains;1
4148;208;184;188;land;false;plains;1
4149;220;153;241;land;false;plains;1
4150;88;209;221;land;false;plains;1
4151;209;193;239;land;false;plains;1
4152;251;185;193;land;false;plains;1
4153;90;250;249;land;false;plains;1
4154;156;187;206;land;false;plains;1
4155;208;221;79;land;false;plains;1
4156;117;168;226;land;false;plains;1
4157;208;228;183;land;false;plains;1
4158;137;196;200;land;false;plains;1
4159;191;205;198;land;false;plains;1
4160;193;181;242;land;true;plains;1
4161;19;245;238;land;false;plains;1
4162;176;194;207;land;false;plains;1
4163;242;236;51;land;false;plains;1
4164;99;177;230;land;false;plains;1
4165;199;223;198;land;false;plains;1
4166;191;251;194;land;false;plains;1
4167;213;201;143;land;false;plains;1
4168;241;92;183;land;false;plains;1
4169;224;137;236;land;false;plains;1
4170;222;190;205;land;false;plains;1
4171;225;137;225;land;false;plains;1
4172;218;90;237;land;false;plains;1
4173;158;156;198;land;false;plains;1
4174;199;253;220;land;false;plains;1
4175;191;123;206;land;false;plains;1
4176;204;226;121;land;false;plains;1
4177;232;168;194;land;false;plains;1
4178;242;193;173;land;false;plains;1
4179;167;244;214;land;false;plains;1
4180;123;218;190;land;false;plains;1
4181;227;115;252;land;false;plains;1
4182;120;211;199;land;false;plains;1
4183;248;186;119;land;false;plains;1
4184;156;145;219;land;false;plains;1
4185;152;251;246;land;false;plains;1
4186;238;80;225;land;true;plains;1
4187;162;180;164;land;false;plains;1
4188;167;214;143;land;false;plains;1
4189;223;244;45;land;false;plains;1
4190;249;143;206;land;false;plains;1
4191;192;240;106;land;false;plains;1
4192;190;253;195;land;false;plains;1
4193;163;182;228;land;false;plains;1
4194;203;221;160;land;false;plains;1
4195;229;157;241;land;false;plains;1
4196;63;246;195;land;false;plains;1
4197;244;64;243;land;true;plains;1
4198;245;50;241;land;false;plains;1
4199;141;172;192;land;false;plains;1
4200;223;216;129;land;true;plains;1
4201;125;210;175;land;false;plains;1
4202;253;146;188;land;false;plains;1
4203;216;180;109;land;false;plains;1
4204;206;179;204;land;false;plains;1
4205;219;240;198;land;false;plains;1
4206;137;251;116;land;false;plains;1
4207;226;158;168;land;false;plains;1
4208;215;206;117;land;false;plains;1
4209;181;238;210;land;false;plains;1
4210;250;196;251;land;false;plains;1
4211;234;103;174;land;false;plains;1
4212;185;175;190;land;false;plains;1
4213;198;245;168;land;false;plains;1
4214;190;111;246;land;false;plains;1
4215;222;113;244;land;false;plains;1
4216;229;217;201;land;false;plains;1
4217;173;200;177;land;false;plains;1
4218;252;249;2;land;false;plains;1
4219;155;157;192;land;false;plains;1
4220;209;157;213;land;false;plains;1
4221;225;159;234;land;false;plains;1
4222;155;186;172;land;false;plains;1
4223;246;178;251;land;false;plains;1
4224;166;245;178;land;false;plains;1
4225;228;243;222;land;false;plains;1
4226;245;192;110;land;false;plains;1
4227;134;155;213;land;false;plains;1
4228;187;249;94;land;false;plains;1
4229;174;205;250;land;false;plains;1
4230;157;187;246;land;false;plains;1
4231;88;190;252;land;false;plains;1
4232;138;217;192;land;false;plains;1
4233;185;172;195;land;false;plains;1
4234;236;239;216;land;false;plains;1
4235;184;246;158;land;false;plains;1
4236;148;251;132;land;false;plains;1
4237;192;142;248;land;false;plains;1
4238;155;175;224;land;false;plains;1
4239;132;229;161;land;false;plains;1
4240;218;129;159;land;false;plains;1
4241;220;236;173;land;false;plains;1
4242;229;132;204;land;false;plains;1
4243;158;130;224;land;false;plains;1
4244;127;245;182;land;false;plains;1
4245;189;250;243;land;false;plains;1
4246;203;243;186;land;false;plains;1
4247;191;250;74;land;false;plains;1
4248;165;171;193;land;false;plains;1
4249;168;226;154;land;true;plains;1
4250;197;224;220;land;false;plains;1
4251;242;173;221;land;false;plains;1
4252;243;85;204;land;true;plains;1
4253;235;112;221;land;false;plains;1
4254;123;221;197;land;false;plains;1
4255;181;134;191;land;false;plains;1
4256;210;237;81;land;false;plains;1
4257;254;103;210;land;false;plains;1
4258;144;212;232;land;false;plains;1
4259;75;212;235;land;false;plains;1
4260;190;115;222;land;false;plains;1
4261;248;134;144;land;false;plains;1
4262;195;208;223;land;false;plains;1
4263;131;210;208;land;true;plains;1
4264;200;207;180;land;false;plains;1
4265;244;130;222;land;true;plains;1
4266;178;116;220;land;false;plains;1
4267;235;145;185;land;true;plains;1
4268;201;137;165;land;false;plains;1
4269;154;253;164;land;false;plains;1
4270;229;232;231;land;true;plains;1
4271;116;211;231;land;false;plains;1
4272;208;209;218;land;false;plains;1
4273;254;249;173;land;false;plains;1
4274;134;155;231;land;false;plains;1
4275;244;181;216;land;false;plains;1
4276;251;239;162;land;false;plains;1
4277;250;235;159;land;false;plains;1
4278;205;217;219;land;false;plains;1
4279;180;200;172;land;false;plains;1
4280;233;72;208;land;false;plains;1
4281;46;229;247;land;false;plains;1
4282;253;131;231;land;true;plains;1
4283;185;177;158;land;false;plains;1
4284;134;206;172;land;false;plains;1
4285;248;244;58;land;false;plains;1
4286;223;113;179;land;false;plains;1
4287;158;239;181;land;false;plains;1
4288;127;177;233;land;false;plains;1
4289;166;244;117;land;false;plains;1
4290;247;254;65;land;false;plains;1
4291;214;174;164;land;false;plains;1
4292;130;208;206;land;true;plains;1
4293;244;205;217;land;false;plains;1
4294;67;214;225;land;false;plains;1
4295;129;159;235;land;false;plains;1
4296;174;190;224;land;false;plains;1
4297;14;249;239;land;false;plains;1
4298;179;202;228;land;false;plains;1
4299;204;77;241;land;false;plains;1
4300;64;230;242;land;false;plains;1
4301;249;190;85;land;false;plains;1
4302;239;196;238;land;false;plains;1
4303;250;26;240;land;false;plains;1
4304;188;254;79;land;false;plains;1
4305;204;74;227;land;false;plains;1
4306;249;122;242;land;false;plains;1
4307;254;211;215;land;false;plains;1
4308;187;193;213;land;false;plains;1
4309;198;254;205;land;false;plains;1
4310;236;128;149;land;false;plains;1
4311;114;184;206;land;false;plains;1
4312;162;252;98;land;false;plains;1
4313;209;165;158;land;false;plains;1
4314;188;235;213;land;false;plains;1
4315;127;241;149;land;false;plains;1
4316;119;157;232;land;false;plains;1
4317;193;66;253;land;false;plains;1
4318;103;177;224;land;false;plains;1
4319;251;84;243;land;false;plains;1
4320;181;238;94;land;false;plains;1
4321;223;204;132;land;false;plains;1
4322;249;228;118;land;false;plains;1
4323;221;220;70;land;false;plains;1
4324;185;119;249;land;false;plains;1
4325;157;187;234;land;false;plains;1
4326;247;197;87;land;false;plains;1
4327;158;126;222;land;false;plains;1
4328;240;206;100;land;false;plains;1
4329;121;252;129;land;false;plains;1
4330;224;220;161;land;false;plains;1
4331;101;194;212;land;false;plains;1
4332;195;90;236;land;false;plains;1
4333;183;223;242;land;false;plains;1
4334;201;172;236;land;false;plains;1
4335;210;241;210;land;false;plains;1
4336;236;201;121;land;false;plains;1
4337;198;116;251;land;false;plains;1
4338;253;156;226;land;false;plains;1
4339;236;163;194;land;true;plains;1
4340;226;228;250;land;true;plains;1
4341;226;134;189;land;false;plains;1
4342;139;232;189;land;false;plains;1
4343;175;234;211;land;false;plains;1
4344;172;203;180;land;false;plains;1
4345;222;87;246;land;true;plains;1
4346;254;169;138;land;false;plains;1
4347;212;124;248;land;false;plains;1
4348;236;184;216;land;false;plains;1
4349;101;202;219;land;true;plains;1
4350;241;244;223;land;false;plains;1
4351;146;247;112;land;false;plains;1
4352;248;198;74;land;false;plains;1
4353;92;247;202;land;false;plains;1
4354;206;227;73;land;false;plains;1
4355;252;190;195;land;false;plains;1
4356;190;224;104;land;true;plains;1
4357;248;196;64;land;false;plains;1
4358;242;133;193;land;false;plains;1
4359;247;231;162;land;false;plains;1
4360;25;252;228;land;false;plains;1
4361;236;169;192;land;false;plains;1
4362;151;249;178;land;false;plains;1
4363;250;224;144;land;false;plains;1
4364;182;193;138;land;false;plains;1
4365;242;98;194;land;false;plains;1
4366;39;253;213;land;false;plains;1
4367;236;143;172;land;false;plains;1
4368;134;166;235;land;false;plains;1
4369;190;121;220;land;false;plains;1
4370;142;227;218;land;false;plains;1
4371;206;230;119;land;false;plains;1
4372;239;240;191;land;false;plains;1
4373;219;219;63;land;false;plains;1
4374;221;204;243;land;false;plains;1
4375;193;208;105;land;false;plains;1
4376;232;229;218;land;false;plains;1
4377;157;141;227;land;false;plains;1
4378;140;252;235;land;false;plains;1
4379;172;242;254;land;false;plains;1
4380;236;177;140;land;false;plains;1
4381;209;178;185;land;false;plains;1
4382;230;51;249;land;false;plains;1
4383;238;170;169;land;false;urban;1
4384;198;175;132;land;false;plains;1
4385;191;211;130;land;false;plains;1
4386;208;168;231;land;false;plains;1
4387;200;189;138;land;false;plains;1
4388;130;145;240;land;false;plains;1
4389;230;142;241;land;false;plains;1
4390;83;226;239;land;false;plains;1
4391;167;229;207;land;false;plains;1
4392;254;208;137;land;true;plains;1
4393;198;105;229;land;false;plains;1
4394;188;225;147;land;false;plains;1
4395;177;203;242;land;false;plains;1
4396;122;140;242;land;false;plains;1
4397;246;53;243;land;false;plains;1
4398;231;183;96;land;false;plains;1
4399;173;238;146;land;false;plains;1
4400;245;225;71;land;false;plains;1
4401;228;122;254;land;false;plains;1
4402;217;157;192;land;false;plains;1
4403;82;235;247;land;false;plains;1
4404;160;199;174;land;false;plains;1
4405;195;135;253;land;false;plains;1
4406;235;147;190;land;false;plains;1
4407;157;215;206;land;false;plains;1
4408;134;218;172;land;false;plains;1
4409;232;228;144;land;false;plains;1
4410;207;204;213;land;false;plains;1
4411;203;173;161;land;true;plains;1
4412;231;235;205;land;false;plains;1
4413;215;67;225;land;false;plains;1
4414;216;198;128;land;true;plains;1
4415;138;242;129;land;false;plains;1
4416;219;152;217;land;false;plains;1
4417;228;167;132;land;false;plains;1
4418;136;223;226;land;false;plains;1
4419;233;69;241;land;false;plains;1
4420;102;205;230;land;false;plains;1
4421;136;219;168;land;false;plains;1
4422;205;189;191;land;false;plains;1
4423;229;86;206;land;false;plains;1
4424;104;215;218;land;false;plains;1
4425;207;148;252;land;false;plains;1
4426;114;252;140;land;false;plains;1
4427;194;178;141;land;true;plains;1
4428;143;142;220;land;false;plains;1
4429;199;199;158;land;false;plains;1
4430;109;240;220;land;false;plains;1
4431;116;211;215;land;false;plains;1
4432;222;231;199;land;false;plains;1
4433;89;228;185;land;false;plains;1
4434;71;189;246;land;false;plains;1
4435;102;212;187;land;false;plains;1
4436;242;220;135;land;false;plains;1
4437;115;233;178;land;false;plains;1
4438;228;197;193;land;false;plains;1
4439;238;103;233;land;false;plains;1
4440;68;227;251;land;false;plains;1
4441;203;150;211;land;false;plains;1
4442;217;151;201;land;false;plains;1
4443;248;194;151;land;false;plains;1
4444;148;218;166;land;false;plains;1
4445;239;106;191;land;false;plains;1
4446;147;214;171;land;false;plains;1
4447;213;109;207;land;true;plains;1
4448;211;147;246;land;false;plains;1
4449;102;208;241;land;false;plains;1
4450;119;205;207;land;false;plains;1
4451;138;245;218;land;true;plains;1
4452;175;194;242;land;false;plains;1
4453;118;164;223;land;false;plains;1
4454;214;53;251;land;false;plains;1
4455;196;102;218;land;false;plains;1
4456;248;212;123;land;false;plains;1
4457;207;159;230;land;false;plains;1
4458;207;170;160;land;false;plains;1
4459;180;226;243;land;false;plains;1
4460;238;114;161;land;true;plains;1
4461;145;222;180;land;false;plains;1
4462;220;180;114;land;false;plains;1
4463;197;129;228;land;true;plains;1
4464;166;169;193;land;false;plains;1
4465;180;196;181;land;false;plains;1
4466;202;233;94;land;false;plains;1
4467;238;253;122;land;false;plains;1
4468;216;152;162;land;false;plains;1
4469;254;141;240;land;false;plains;1
4470;228;244;60;land;false;plains;1
4471;218;32;254;land;false;plains;1
4472;195;174;249;land;false;plains;1
4473;197;120;199;land;false;plains;1
4474;240;94;175;land;false;plains;1
4475;102;218;182;land;false;plains;1
4476;198;175;238;land;false;plains;1
4477;159;200;208;land;false;plains;1
4478;162;225;180;land;false;plains;1
4479;166;161;208;land;false;plains;1
4480;138;216;197;land;false;plains;1
4481;254;141;170;land;false;plains;1
4482;145;176;243;land;false;plains;1
4483;202;157;233;land;false;plains;1
4484;204;254;134;land;false;plains;1
4485;239;138;210;land;false;plains;1
4486;253;147;152;land;false;plains;1
4487;247;113;210;land;false;plains;1
4488;214;233;141;land;false;plains;1
4489;163;207;169;land;false;plains;1
4490;153;187;181;land;false;plains;1
4491;196;219;242;land;false;plains;1
4492;166;152;254;land;false;plains;1
4493;238;202;152;land;false;plains;1
4494;185;152;176;land;false;plains;1
4495;230;93;178;land;false;plains;1
4496;232;232;113;land;false;plains;1
4497;233;68;200;land;false;plains;1
4498;224;235;90;land;false;plains;1
4499;223;166;250;land;false;plains;1
4500;111;231;238;land;false;plains;1
4501;212;221;131;land;false;plains;1
4502;246;253;98;land;false;plains;1
4503;133;220;153;land;false;plains;1
4504;243;253;180;land;false;plains;1
4505;214;73;244;land;true;plains;1
4506;190;246;226;land;false;plains;1
4507;125;228;176;land;false;plains;1
4508;245;122;158;land;false;plains;1
4509;240;185;155;land;false;plains;1
4510;202;132;185;land;false;plains;1
4511;162;219;128;land;false;plains;1
4512;253;196;157;land;false;plains;1
4513;239;133;157;land;false;plains;1
4514;240;214;132;land;true;plains;1
4515;197;93;244;land;false;plains;1
4516;223;193;201;land;false;plains;1
4517;94;198;252;land;false;plains;1
4518;135;155;241;land;false;plains;1
4519;154;233;132;land;false;plains;1
4520;108;202;241;land;true;plains;1
4521;228;242;151;land;false;plains;1
4522;190;205;213;land;false;plains;1
4523;138;241;241;land;false;plains;1
4524;228;226;79;land;true;plains;1
4525;73;242;254;land;false;plains;1
4526;242;109;174;land;false;plains;1
4527;242;154;147;land;false;plains;1
4528;220;133;210;land;false;plains;1
4529;132;215;222;land;false;plains;1
4530;131;217;199;land;false;plains;1
4531;128;233;209;land;false;plains;1
4532;213;101;215;land;false;plains;1
4533;227;22;254;land;false;plains;1
4534;212;214;227;land;false;plains;1
4535;87;243;226;land;false;plains;1
4536;166;189;170;land;false;plains;1
4537;231;242;183;land;false;plains;1
4538;244;147;138;land;false;plains;1
4539;251;208;135;land;false;plains;1
4540;220;158;129;land;false;plains;1
4541;176;133;242;land;false;plains;1
4542;155;128;229;land;false;plains;1
4543;210;185;162;land;true;plains;1
4544;190;207;221;land;false;plains;1
4545;249;160;175;land;false;plains;1
4546;198;253;162;land;false;plains;1
4547;219;111;220;land;false;plains;1
4548;225;227;160;land;false;plains;1
4549;208;154;164;land;false;plains;1
4550;142;212;239;land;false;plains;1
4551;202;213;225;land;false;plains;1
4552;225;166;123;land;false;plains;1
4553;73;251;253;land;false;plains;1
4554;235;229;201;land;false;plains;1
4555;245;99;215;land;false;plains;1
4556;111;241;163;land;false;plains;1
4557;252;110;175;land;false;plains;1
4558;188;234;117;land;false;plains;1
4559;229;218;71;land;false;plains;1
4560;215;111;176;land;false;plains;1
4561;224;217;178;land;false;plains;1
4562;95;202;235;land;false;plains;1
4563;253;218;96;land;false;plains;1
4564;194;161;178;land;false;plains;1
4565;216;221;68;land;false;plains;1
4566;196;249;226;land;false;plains;1
4567;120;220;161;land;false;plains;1
4568;112;171;237;land;false;plains;1
4569;106;150;251;land;false;plains;1
4570;232;251;48;land;false;plains;1
4571;251;162;229;land;false;plains;1
4572;252;209;136;land;false;plains;1
4573;242;99;172;land;false;plains;1
4574;192;124;222;land;false;plains;1
4575;74;252;175;land;true;plains;1
4576;253;208;102;land;false;plains;1
4577;179;220;155;land;false;plains;1
4578;219;191;131;land;false;plains;1
4579;229;140;155;land;false;plains;1
4580;218;248;247;land;false;plains;1
4581;147;220;191;land;false;plains;1
4582;213;194;212;land;false;plains;1
4583;242;238;166;land;false;plains;1
4584;244;53;225;land;false;plains;1
4585;234;165;198;land;false;plains;1
4586;161;253;187;land;false;plains;1
4587;218;160;145;land;true;plains;1
4588;253;131;158;land;false;plains;1
4589;191;153;179;land;false;plains;1
4590;180;110;221;land;false;plains;1
4591;216;79;249;land;false;plains;1
4592;252;250;34;land;false;plains;1
4593;231;91;182;land;false;plains;1
4594;126;220;164;land;false;plains;1
4595;96;238;184;land;false;plains;1
4596;198;79;240;land;false;plains;1
4597;184;236;90;land;false;plains;1
4598;166;201;186;land;false;plains;1
4599;194;92;230;land;false;plains;1
4600;100;248;211;land;false;plains;1
4601;225;223;109;land;false;plains;1
4602;212;242;161;land;true;plains;1
4603;190;181;139;land;false;plains;1
4604;249;151;241;land;false;plains;1
4605;173;165;201;land;false;plains;1
4606;165;247;238;land;false;plains;1
4607;214;241;166;land;true;plains;1
4608;167;182;204;land;false;plains;1
4609;223;81;238;land;false;plains;1
4610;204;134;204;land;false;plains;1
4611;209;140;228;land;false;plains;1
4612;82;249;246;land;true;plains;1
4613;191;157;171;land;false;plains;1
4614;193;220;251;land;true;plains;1
4615;239;116;226;land;false;plains;1
4616;188;200;193;land;false;plains;1
4617;218;156;129;land;true;plains;1
4618;195;253;127;land;false;plains;1
4619;189;129;221;land;false;plains;1
4620;149;189;252;land;false;plains;1
4621;72;240;194;land;false;plains;1
4622;229;239;130;land;false;plains;1
4623;237;151;184;land;false;plains;1
4624;118;250;145;land;false;plains;1
4625;251;139;222;land;false;plains;1
4626;251;119;174;land;false;plains;1
4627;11;252;247;land;false;plains;1
4628;224;105;178;land;false;plains;1
4629;215;231;80;land;false;plains;1
4630;91;196;238;land;false;plains;1
4631;210;81;231;land;false;plains;1
4632;148;222;252;land;false;plains;1
4633;209;169;134;land;false;plains;1
4634;215;171;138;land;false;plains;1
4635;154;249;133;land;false;plains;1
4636;217;168;163;land;false;plains;1
4637;205;219;158;land;false;plains;1
4638;193;234;173;land;false;plains;1
4639;208;163;139;land;false;plains;1
4640;211;179;245;land;false;plains;1
4641;194;155;225;land;false;plains;1
4642;141;240;254;land;false;plains;1
4643;208;138;174;land;false;plains;1
4644;236;216;84;land;false;plains;1
4645;197;103;252;land;false;plains;1
4646;194;204;115;land;false;plains;1
4647;232;165;192;land;false;plains;1
4648;138;221;203;land;false;plains;1
4649;76;242;237;land;false;plains;1
4650;211;203;241;land;false;plains;1
4651;20;239;249;land;false;plains;1
4652;235;208;186;land;false;plains;1
4653;247;246;20;land;false;plains;1
4654;184;194;139;land;false;plains;1
4655;221;194;124;land;false;plains;1
4656;201;243;189;land;false;plains;1
4657;234;72;221;land;false;plains;1
4658;166;96;253;land;true;plains;1
4659;185;186;170;land;false;plains;1
4660;202;118;185;land;false;plains;1
4661;205;210;249;land;false;plains;1
4662;130;209;207;land;false;plains;1
4663;148;172;247;land;false;plains;1
4664;181;210;248;land;false;plains;1
4665;203;129;239;land;false;plains;1
4666;234;95;241;land;false;plains;1
4667;235;135;248;land;false;plains;1
4668;99;162;249;land;false;plains;1
4669;248;178;180;land;false;plains;1
4670;244;113;153;land;false;plains;1
4671;153;234;126;land;false;plains;1
4672;207;112;247;land;false;plains;1
4673;252;208;144;land;false;plains;1
4674;153;168;191;land;false;plains;1
4675;139;174;197;land;false;plains;1
4676;235;200;90;land;false;plains;1
4677;241;104;228;land;false;plains;1
4678;210;195;111;land;false;plains;1
4679;151;155;245;land;false;plains;1
4680;110;244;245;land;false;plains;1
4681;76;234;193;land;false;plains;1
4682;239;223;114;land;false;plains;1
4683;154;241;167;land;false;plains;1
4684;142;202;166;land;false;plains;1
4685;248;213;143;land;false;plains;1
4686;129;231;218;land;false;plains;1
4687;236;72;225;land;false;plains;1
4688;78;217;249;land;false;plains;1
4689;227;184;92;land;false;plains;1
4690;216;66;219;land;false;plains;1
4691;242;70;217;land;false;plains;1
4692;141;247;227;land;false;plains;1
4693;154;207;158;land;true;plains;1
4694;79;252;251;land;true;plains;1
4695;175;244;88;land;false;plains;1
4696;200;233;225;land;false;plains;1
4697;209;133;160;land;false;plains;1
4698;125;251;223;land;false;plains;1
4699;182;211;138;land;false;plains;1
4700;205;118;194;land;false;plains;1
4701;199;218;242;land;false;plains;1
4702;250;59;200;land;false;plains;1
4703;199;64;250;land;false;plains;1
4704;81;185;247;land;false;plains;1
4705;215;183;237;land;false;plains;1
4706;228;156;246;land;false;plains;1
4707;217;251;171;land;false;plains;1
4708;136;148;231;land;false;plains;1
4709;186;238;98;land;false;plains;1
4710;188;154;212;land;false;plains;1
4711;233;241;35;land;false;plains;1
4712;205;232;94;land;false;plains;1
4713;241;227;202;land;false;plains;1
4714;231;205;185;land;false;plains;1
4715;235;222;118;land;false;plains;1
4716;238;115;225;land;false;plains;1
4717;231;155;140;land;false;plains;1
4718;188;215;197;land;false;plains;1
4719;167;194;152;land;false;plains;1
4720;187;151;210;land;false;plains;1
4721;125;235;189;land;false;plains;1
4722;232;67;206;land;false;plains;1
4723;147;235;176;land;true;plains;1
4724;166;170;236;land;false;plains;1
4725;246;190;175;land;false;plains;1
4726;202;199;193;land;false;plains;1
4727;137;140;224;land;false;plains;1
4728;136;203;221;land;false;plains;1
4729;247;142;192;land;false;plains;1
4730;163;213;173;land;false;plains;1
4731;116;196;244;land;true;plains;1
4732;232;95;178;land;false;plains;1
4733;226;242;175;land;false;plains;1
4734;107;194;247;land;false;plains;1
4735;144;209;152;land;false;plains;1
4736;254;139;232;land;false;plains;1
4737;240;181;218;land;false;plains;1
4738;197;138;246;land;false;plains;1
4739;113;254;171;land;false;plains;1
4740;189;238;209;land;true;plains;1
4741;226;119;245;land;false;plains;1
4742;244;102;200;land;true;plains;1
4743;163;235;153;land;false;plains;1
4744;188;254;127;land;false;plains;1
4745;112;199;234;land;false;plains;1
4746;61;247;212;land;false;plains;1
4747;231;230;187;land;false;plains;1
4748;253;150;107;land;false;plains;1
4749;167;210;175;land;false;plains;1
4750;166;236;130;land;false;plains;1
4751;52;242;225;land;false;plains;1
4752;154;209;146;land;false;plains;1
4753;242;244;16;land;false;plains;1
4754;252;140;218;land;true;plains;1
4755;198;75;251;land;false;plains;1
4756;154;178;214;land;false;plains;1
4757;245;254;246;land;false;plains;1
4758;244;195;184;land;false;plains;1
4759;226;225;139;land;false;plains;1
4760;164;162;235;land;false;plains;1
4761;220;188;110;land;false;plains;1
4762;192;241;93;land;false;plains;1
4763;215;147;218;land;false;plains;1
4764;247;207;118;land;false;plains;1
4765;228;103;218;land;false;plains;1
4766;251;250;101;land;false;plains;1
4767;197;130;244;land;false;plains;1
4768;251;163;118;land;true;plains;1
4769;209;191;141;land;false;plains;1
4770;217;225;115;land;false;plains;1
4771;235;232;252;land;false;plains;1
4772;185;119;221;land;false;plains;1
4773;213;188;117;land;false;plains;1
4774;229;131;147;land;false;plains;1
4775;240;198;103;land;true;plains;1
4776;221;128;182;land;false;plains;1
4777;103;199;199;land;false;plains;1
4778;222;210;161;land;false;plains;1
4779;77;241;184;land;false;plains;1
4780;231;216;153;land;false;plains;1
4781;253;193;194;land;false;plains;1
4782;210;248;77;land;true;plains;1
4783;192;169;146;land;false;plains;1
4784;197;233;176;land;false;plains;1
4785;197;189;135;land;false;plains;1
4786;103;216;236;land;false;plains;1
4787;250;116;162;land;false;plains;1
4788;113;188;227;land;false;plains;1
4789;138;152;234;land;true;plains;1
4790;177;235;231;land;false;plains;1
4791;240;39;245;land;false;plains;1
4792;123;217;202;land;true;plains;1
4793;170;200;153;land;false;plains;1
4794;232;86;221;land;false;plains;1
4795;182;249;203;land;false;plains;1
4796;61;246;219;land;false;plains;1
4797;222;149;171;land;false;plains;1
4798;199;203;194;land;false;plains;1
4799;225;88;191;land;false;plains;1
4800;183;126;205;land;false;plains;1
4801;198;213;223;land;false;plains;1
4802;248;122;211;land;false;plains;1
4803;228;234;103;land;false;plains;1
4804;218;196;196;land;false;plains;1
4805;95;214;219;land;false;plains;1
4806;239;205;151;land;true;plains;1
4807;197;209;240;land;false;plains;1
4808;204;186;134;land;false;plains;1
4809;251;184;66;land;false;plains;1
4810;220;174;221;land;false;plains;1
4811;209;215;216;land;false;plains;1
4812;211;225;87;land;false;plains;1
4813;138;243;218;land;false;plains;1
4814;249;200;201;land;false;plains;1
4815;250;160;240;land;false;plains;1
4816;247;112;243;land;false;plains;1
4817;205;200;209;land;false;plains;1
4818;196;100;219;land;false;plains;1
4819;239;135;251;land;false;plains;1
4820;159;244;163;land;false;plains;1
4821;186;160;180;land;false;plains;1
4822;200;113;252;land;false;plains;1
4823;242;175;239;land;false;plains;1
4824;212;236;236;land;false;plains;1
4825;246;44;239;land;false;plains;1
4826;135;244;145;land;false;plains;1
4827;227;198;117;land;false;plains;1
4828;222;193;91;land;false;plains;1
4829;137;216;175;land;false;plains;1
4830;234;220;158;land;false;plains;1
4831;191;138;253;land;false;plains;1
4832;172;231;149;land;false;plains;1
4833;187;193;124;land;false;plains;1
4834;241;241;171;land;false;plains;1
4835;196;88;252;land;false;plains;1
4836;243;167;229;land;false;plains;1
4837;215;117;190;land;false;plains;1
4838;153;119;239;land;false;plains;1
4839;172;114;254;land;false;plains;1
4840;200;168;251;land;false;plains;1
4841;254;216;150;land;false;plains;1
4842;158;140;207;land;false;plains;1
4843;249;139;202;land;false;plains;1
4844;225;248;235;land;false;plains;1
4845;197;176;223;land;false;plains;1
4846;226;242;56;land;false;plains;1
4847;148;218;228;land;true;plains;1
4848;190;138;173;land;false;plains;1
4849;104;240;203;land;false;plains;1
4850;161;133;216;land;false;plains;1
4851;210;105;214;land;false;plains;1
4852;199;230;79;land;false;plains;1
4853;249;231;25;land;false;plains;1
4854;247;252;112;land;false;plains;1
4855;169;197;222;land;false;plains;1
4856;241;244;165;land;false;plains;1
4857;244;208;195;land;true;plains;1
4858;96;193;253;land;false;plains;1
4859;197;239;101;land;false;plains;1
4860;96;234;243;land;false;plains;1
4861;173;211;246;land;false;plains;1
4862;210;224;105;land;false;plains;1
4863;227;117;199;land;false;plains;1
4864;253;204;197;land;false;plains;1
4865;191;231;172;land;false;plains;1
4866;218;141;177;land;false;plains;1
4867;234;192;120;land;false;plains;1
4868;177;250;182;land;false;plains;1
4869;236;56;228;land;false;plains;1
4870;191;224;209;land;false;plains;1
4871;247;249;75;land;false;plains;1
4872;140;220;188;land;true;plains;1
4873;188;180;216;land;false;plains;1
4874;200;189;166;land;false;plains;1
4875;249;213;227;land;false;plains;1
4876;189;184;164;land;false;plains;1
4877;239;162;184;land;false;plains;1
4878;225;183;172;land;false;plains;1
4879;155;170;183;land;false;plains;1
4880;164;198;200;land;true;plains;1
4881;248;152;150;land;true;plains;1
4882;176;240;167;land;false;plains;1
4883;199;204;242;land;false;plains;1
4884;242;24;252;land;false;plains;1
4885;225;253;189;land;false;plains;1
4886;161;201;213;land;false;plains;1
4887;215;200;135;land;false;plains;1
4888;171;149;230;land;false;plains;1
4889;160;206;174;land;false;plains;1
4890;200;105;197;land;true;plains;1
4891;246;254;17;land;false;plains;1
4892;163;110;240;land;false;plains;1
4893;251;252;135;land;true;plains;1
4894;120;153;238;land;false;plains;1
4895;117;211;233;land;false;plains;1
4896;198;178;215;land;false;plains;1
4897;225;253;119;land;false;plains;1
4898;193;226;161;land;false;plains;1
4899;213;208;253;land;false;plains;1
4900;250;219;193;land;false;plains;1
4901;243;126;218;land;false;plains;1
4902;116;220;188;land;false;plains;1
4903;168;213;180;land;false;plains;1
4904;252;216;118;land;false;plains;1
4905;164;241;172;land;false;plains;1
4906;32;247;251;land;false;plains;1
4907;100;196;209;land;false;plains;1
4908;229;82;204;land;false;plains;1
4909;168;157;188;land;false;plains;1
4910;51;229;235;land;false;plains;1
4911;189;208;172;land;false;plains;1
4912;226;198;197;land;false;plains;1
4913;136;176;252;land;false;plains;1
4914;225;190;186;land;false;plains;1
4915;243;180;159;land;false;plains;1
4916;233;83;219;land;true;plains;1
4917;227;51;239;land;false;plains;1
4918;229;223;169;land;false;plains;1
4919;234;79;230;land;false;plains;1
4920;221;177;183;land;false;plains;1
4921;249;251;121;land;false;plains;1
4922;231;228;200;land;false;plains;1
4923;236;189;120;land;false;plains;1
4924;202;235;154;land;false;plains;1
4925;129;240;217;land;false;plains;1
4926;216;135;174;land;false;plains;1
4927;189;245;199;land;false;plains;1
4928;185;211;215;land;false;plains;1
4929;131;248;124;land;false;plains;1
4930;217;211;99;land;false;plains;1
4931;91;250;203;land;false;plains;1
4932;182;200;124;land;false;plains;1
4933;104;249;170;land;false;plains;1
4934;175;254;125;land;false;plains;1
4935;249;153;197;land;false;plains;1
4936;172;170;196;land;false;plains;1
4937;227;226;136;land;false;plains;1
4938;220;135;182;land;false;plains;1
4939;247;19;254;land;false;plains;1
4940;120;241;236;land;false;plains;1
4941;205;253;157;land;false;plains;1
4942;108;244;165;land;false;plains;1
4943;228;141;166;land;false;plains;1
4944;173;173;225;land;false;plains;1
4945;125;245;242;land;false;plains;1
4946;235;127;142;land;false;plains;1
4947;210;60;232;land;false;plains;1
4948;184;204;166;land;false;plains;1
4949;195;254;220;land;false;plains;1
4950;165;123;222;land;false;plains;1
4951;113;211;186;land;false;plains;1
4952;218;98;192;land;false;plains;1
4953;253;76;220;land;false;plains;1
4954;169;248;249;land;false;plains;1
4955;239;228;94;land;false;plains;1
4956;241;229;159;land;false;plains;1
4957;124;228;194;land;false;plains;1
4958;183;165;204;land;false;plains;1
4959;193;163;248;land;false;plains;1
4960;179;244;162;land;false;plains;1
4961;248;165;232;land;false;plains;1
4962;228;201;77;land;true;plains;1
4963;228;226;71;land;false;plains;1
4964;206;143;193;land;false;plains;1
4965;134;232;155;land;false;plains;1
4966;191;124;238;land;false;plains;1
4967;136;228;144;land;false;plains;1
4968;99;246;156;land;false;plains;1
4969;232;78;232;land;false;plains;1
4970;214;129;207;land;false;plains;1
4971;248;216;199;land;false;plains;1
4972;171;206;206;land;false;plains;1
4973;109;184;240;land;true;plains;1
4974;235;192;233;land;false;plains;1
4975;238;215;211;land;false;plains;1
4976;156;219;209;land;false;plains;1
4977;225;206;95;land;false;plains;1
4978;213;177;142;land;true;plains;1
4979;249;185;175;land;false;plains;1
4980;114;170;251;land;false;plains;1
4981;226;230;225;land;true;plains;1
4982;179;91;234;land;false;plains;1
4983;130;230;160;land;false;plains;1
4984;185;247;77;land;false;plains;1
4985;230;219;59;land;false;plains;1
4986;173;198;230;land;false;plains;1
4987;249;27;230;land;false;plains;1
4988;133;164;219;land;false;plains;1
4989;162;237;216;land;false;plains;1
4990;144;133;249;land;false;plains;1
4991;44;225;243;land;false;plains;1
4992;216;246;244;land;false;plains;1
4993;190;166;219;land;false;plains;1
4994;185;152;243;land;false;plains;1
4995;155;240;161;land;false;plains;1
4996;254;38;231;land;false;plains;1
4997;216;198;104;land;false;plains;1
4998;214;239;99;land;false;plains;1
4999;218;216;163;land;false;plains;1
5000;240;218;104;land;true;plains;1
5001;134;177;217;land;false;plains;1
5002;158;217;159;land;true;plains;1
5003;175;109;218;land;false;plains;1
5004;226;87;203;land;false;plains;1
5005;218;168;143;land;true;plains;1
5006;201;246;182;land;false;plains;1
5007;126;161;253;land;false;plains;1
5008;229;70;241;land;false;plains;1
5009;63;245;242;land;false;plains;1
5010;211;198;159;land;true;plains;1
5011;240;120;195;land;false;plains;1
5012;202;203;136;land;false;plains;1
5013;172;128;240;land;false;plains;1
5014;144;222;136;land;false;plains;1
5015;90;171;243;land;false;plains;1
5016;193;109;237;land;false;plains;1
5017;177;210;133;land;false;plains;1
5018;175;130;208;land;false;plains;1
5019;197;133;230;land;false;plains;1
5020;219;210;132;land;false;plains;1
5021;183;176;206;land;false;plains;1
5022;65;253;198;land;false;plains;1
5023;74;212;221;land;true;plains;1
5024;177;218;229;land;false;plains;1
5025;189;224;146;land;false;plains;1
5026;250;206;155;land;false;plains;1
5027;197;151;231;land;false;plains;1
5028;168;172;216;land;false;plains;1
5029;249;212;171;land;true;plains;1
5030;244;228;211;land;false;plains;1
5031;245;250;111;land;false;plains;1
5032;187;184;163;land;false;plains;1
5033;251;77;188;land;false;plains;1
5034;252;229;20;land;false;plains;1
5035;179;246;86;land;false;plains;1
5036;171;216;196;land;false;plains;1
5037;154;179;192;land;false;plains;1
5038;248;113;242;land;false;plains;1
5039;138;198;241;land;false;plains;1
5040;189;125;208;land;true;plains;1
5041;219;221;235;land;false;plains;1
5042;206;250;101;land;false;plains;1
5043;194;243;243;land;false;plains;1
5044;221;138;238;land;false;plains;1
5045;101;254;222;land;false;plains;1
5046;149;217;197;land;false;plains;1
5047;221;203;217;land;false;plains;1
5048;200;189;248;land;false;plains;1
5049;193;75;253;land;false;plains;1
5050;112;209;191;land;false;plains;1
5051;179;239;186;land;false;plains;1
5052;254;91;205;land;false;plains;1
5053;135;206;168;land;false;plains;1
5054;242;148;196;land;false;plains;1
5055;157;232;250;land;false;plains;1
5056;222;89;190;land;false;plains;1
5057;235;115;205;land;false;plains;1
5058;211;198;200;land;true;plains;1
5059;158;196;216;land;true;plains;1
5060;64;232;250;land;true;plains;1
5061;120;229;239;land;false;plains;1
5062;230;151;165;land;false;plains;1
5063;102;240;226;land;false;plains;1
5064;237;179;128;land;false;plains;1
5065;164;217;123;land;false;plains;1
5066;197;163;181;land;false;plains;1
5067;170;138;249;land;false;plains;1
5068;171;244;170;land;false;plains;1
5069;179;250;186;land;false;plains;1
5070;245;236;233;land;false;plains;1
5071;158;249;140;land;false;plains;1
5072;183;175;146;land;true;plains;1
5073;234;214;166;land;false;plains;1
5074;239;177;239;land;false;plains;1
5075;238;60;221;land;false;plains;1
5076;169;190;254;land;false;plains;1
5077;250;193;162;land;false;plains;1
5078;234;188;101;land;false;plains;1
5079;243;222;84;land;false;plains;1
5080;231;241;63;land;false;plains;1
5081;209;206;150;land;false;plains;1
5082;93;207;207;land;false;plains;1
5083;109;244;236;land;false;plains;1
5084;120;235;169;land;false;plains;1
5085;253;212;246;land;false;plains;1
5086;232;152;180;land;false;plains;1
5087;181;215;142;land;false;plains;1
5088;179;212;139;land;false;plains;1
5089;39;254;248;land;false;plains;1
5090;234;193;244;land;false;plains;1
5091;235;247;225;land;false;plains;1
5092;154;158;235;land;false;plains;1
5093;97;241;221;land;false;plains;1
5094;229;180;120;land;false;plains;1
5095;159;201;174;land;false;plains;1
5096;178;105;249;land;false;plains;1
5097;167;184;240;land;false;plains;1
5098;173;119;253;land;false;plains;1
5099;232;253;213;land;false;plains;1
5100;223;178;203;land;false;plains;1
5101;124;239;167;land;false;plains;1
5102;184;196;192;land;false;plains;1
5103;243;134;226;land;false;plains;1
5104;131;236;239;land;false;plains;1
5105;157;241;197;land;false;plains;1
5106;198;232;98;land;false;plains;1
5107;79;214;241;land;false;plains;1
5108;203;202;215;land;false;plains;1
5109;58;242;208;land;true;plains;1
5110;242;139;236;land;false;plains;1
5111;174;181;193;land;false;plains;1
5112;123;251;182;land;false;plains;1
5113;133;119;252;land;false;plains;1
5114;222;228;93;land;false;plains;1
5115;240;250;15;land;false;plains;1
5116;155;245;128;land;false;plains;1
5117;165;197;219;land;false;plains;1
5118;237;40;226;land;false;plains;1
5119;220;222;156;land;false;plains;1
5120;238;247;184;land;false;plains;1
5121;222;114;250;land;false;plains;1
5122;245;135;125;land;false;plains;1
5123;233;103;182;land;false;plains;1
5124;162;197;219;land;false;plains;1
5125;215;250;134;land;false;plains;1
5126;245;216;137;land;true;plains;1
5127;134;213;254;land;false;plains;1
5128;152;221;189;land;false;plains;1
5129;225;138;160;land;true;plains;1
5130;132;219;193;land;false;plains;1
5131;201;154;204;land;false;plains;1
5132;223;99;238;land;false;plains;1
5133;182;239;173;land;false;plains;1
5134;141;222;191;land;false;plains;1
5135;243;226;235;land;false;plains;1
5136;219;131;174;land;true;plains;1
5137;89;242;201;land;false;plains;1
5138;114;243;229;land;false;plains;1
5139;253;133;183;land;false;plains;1
5140;164;222;157;land;false;plains;1
5141;229;93;205;land;false;plains;1
5142;240;230;200;land;false;plains;1
5143;166;209;144;land;false;plains;1
5144;176;216;149;land;false;plains;1
5145;116;228;200;land;false;plains;1
5146;47;249;215;land;false;plains;1
5147;132;215;176;land;false;plains;1
5148;231;215;84;land;false;plains;1
5149;195;143;245;land;false;plains;1
5150;212;223;199;land;false;plains;1
5151;239;91;175;land;false;plains;1
5152;176;202;204;land;false;plains;1
5153;216;113;230;land;false;plains;1
5154;171;236;158;land;false;plains;1
5155;125;232;241;land;false;plains;1
5156;119;213;249;land;false;plains;1
5157;253;248;226;land;false;plains;1
5158;232;207;82;land;false;plains;1
5159;253;138;127;land;false;plains;1
5160;80;234;226;land;false;plains;1
5161;181;97;225;land;false;plains;1
5162;245;250;210;land;false;plains;1
5163;121;202;222;land;true;plains;1
5164;194;226;190;land;true;plains;1
5165;19;238;244;land;false;plains;1
5166;234;193;92;land;false;plains;1
5167;243;41;217;land;true;plains;1
5168;222;53;232;land;false;plains;1
5169;200;114;236;land;false;plains;1
5170;237;175;202;land;false;plains;1
5171;125;247;208;land;false;plains;1
5172;148;151;235;land;false;plains;1
5173;204;216;250;land;false;plains;1
5174;236;185;151;land;false;plains;1
5175;49;205;248;land;true;plains;1
5176;111;167;239;land;false;plains;1
5177;152;199;160;land;false;plains;1
5178;116;221;208;land;false;plains;1
5179;154;189;167;land;false;plains;1
5180;132;220;154;land;false;plains;1
5181;242;216;137;land;false;plains;1
5182;197;179;214;land;false;plains;1
5183;156;176;210;land;true;plains;1
5184;240;224;249;land;false;plains;1
5185;190;208;177;land;false;plains;1
5186;191;110;206;land;false;plains;1
5187;245;150;162;land;false;plains;1
5188;141;241;188;land;false;plains;1
5189;172;237;199;land;false;plains;1
5190;192;145;181;land;false;plains;1
5191;121;233;154;land;true;plains;1
5192;150;238;203;land;false;plains;1
5193;242;70;226;land;false;plains;1
5194;219;207;145;land;false;plains;1
5195;248;131;189;land;false;plains;1
5196;150;240;196;land;true;plains;1
5197;207;199;175;land;false;plains;1
5198;106;189;233;land;false;plains;1
5199;203;157;252;land;false;plains;1
5200;245;168;115;land;false;plains;1
5201;248;237;36;land;false;plains;1
5202;153;250;209;land;false;plains;1
5203;186;233;176;land;true;plains;1
5204;214;167;122;land;true;plains;1
5205;208;232;196;land;false;plains;1
5206;49;228;225;land;false;plains;1
5207;107;233;240;land;false;plains;1
5208;140;188;251;land;true;plains;1
5209;183;179;159;land;false;plains;1
5210;239;63;238;land;false;plains;1
5211;253;100;239;land;false;plains;1
5212;241;96;207;land;false;plains;1
5213;153;155;212;land;false;plains;1
5214;175;90;253;land;false;plains;1
5215;251;60;224;land;false;plains;1
5216;243;232;246;land;false;plains;1
5217;133;168;220;land;false;plains;1
5218;174;224;215;land;false;plains;1
5219;186;202;243;land;false;plains;1
5220;46;254;218;land;false;plains;1
5221;151;186;166;land;false;plains;1
5222;227;134;225;land;false;plains;1
5223;208;122;190;land;false;plains;1
5224;124;158;221;land;false;plains;1
5225;144;184;230;land;false;plains;1
5226;243;178;209;land;false;plains;1
5227;123;183;244;land;false;plains;1
5228;207;252;49;land;false;plains;1
5229;215;200;173;land;false;plains;1
5230;207;106;242;land;false;plains;1
5231;199;183;147;land;false;plains;1
5232;224;244;220;land;false;plains;1
5233;195;138;209;land;true;plains;1
5234;239;167;120;land;false;plains;1
5235;248;58;195;land;false;plains;1
5236;229;199;75;land;false;plains;1
5237;114;179;243;land;false;plains;1
5238;162;251;132;land;false;plains;1
5239;62;252;218;land;false;plains;1
5240;164;169;242;land;false;plains;1
5241;231;234;215;land;true;plains;1
5242;254;47;247;land;false;plains;1
5243;167;197;189;land;false;plains;1
5244;81;225;252;land;false;plains;1
5245;166;241;145;land;true;plains;1
5246;127;231;198;land;true;plains;1
5247;189;99;238;land;false;plains;1
5248;93;244;216;land;false;plains;1
5249;232;201;224;land;false;plains;1
5250;248;114;157;land;false;plains;1
5251;195;227;226;land;false;plains;1
5252;149;226;141;land;false;plains;1
5253;64;240;203;land;false;plains;1
5254;145;245;114;land;false;plains;1
5255;172;250;111;land;false;plains;1
5256;224;230;191;land;false;plains;1
5257;188;227;185;land;false;plains;1
5258;158;177;223;land;false;plains;1
5259;99;240;188;land;false;plains;1
5260;105;201;234;land;false;plains;1
5261;90;210;248;land;false;plains;1
5262;99;223;187;land;false;plains;1
5263;239;196;223;land;false;plains;1
5264;219;157;183;land;false;plains;1
5265;169;207;215;land;false;plains;1
5266;201;139;221;land;false;plains;1
5267;158;225;136;land;false;plains;1
5268;188;208;123;land;false;plains;1
5269;246;36;227;land;false;plains;1
5270;245;251;64;land;false;plains;1
5271;159;189;221;land;false;plains;1
5272;73;217;228;land;false;plains;1
5273;202;163;170;land;false;plains;1
5274;171;233;98;land;false;plains;1
5275;133;191;214;land;false;plains;1
5276;205;187;214;land;false;plains;1
5277;55;242;204;land;false;plains;1
5278;177;141;239;land;false;plains;1
5279;222;56;246;land;false;plains;1
5280;198;193;118;land;false;plains;1
5281;126;212;177;land;false;plains;1
5282;234;118;250;land;false;plains;1
5283;243;158;231;land;false;plains;1
5284;251;249;184;land;false;plains;1
5285;75;251;179;land;false;plains;1
5286;94;218;230;land;false;plains;1
5287;197;164;223;land;true;plains;1
5288;92;193;243;land;false;plains;1
5289;211;167;209;land;false;plains;1
5290;15;243;254;land;false;plains;1
5291;200;135;211;land;false;plains;1
5292;230;226;219;land;false;plains;1
5293;129;220;213;land;false;plains;1
5294;132;251;210;land;false;plains;1
5295;228;179;130;land;false;plains;1
5296;158;133;241;land;false;plains;1
5297;171;91;253;land;false;plains;1
5298;247;120;159;land;false;plains;1
5299;246;247;117;land;false;plains;1
5300;38;219;248;land;false;plains;1
5301;104;248;217;land;false;plains;1
5302;188;198;168;land;false;plains;1
5303;207;239;246;land;false;plains;1
5304;236;75;241;land;true;plains;1
5305;187;120;202;land;false;plains;1
5306;208;121;231;land;false;plains;1
5307;147;209;229;land;false;plains;1
5308;209;221;76;land;false;plains;1
5309;202;253;78;land;false;plains;1
5310;210;212;205;land;false;plains;1
5311;202;232;208;land;false;plains;1
5312;210;188;121;land;false;plains;1
5313;51;231;249;land;false;plains;1
5314;202;201;221;land;false;plains;1
5315;206;151;195;land;false;plains;1
5316;99;210;206;land;false;plains;1
5317;220;64;254;land;false;plains;1
5318;236;71;195;land;false;plains;1
5319;245;148;217;land;false;plains;1
5320;218;120;195;land;true;plains;1
5321;250;186;128;land;false;plains;1
5322;186;103;233;land;false;plains;1
5323;248;176;236;land;false;plains;1
5324;252;167;102;land;false;plains;1
5325;190;168;223;land;false;plains;1
5326;185;159;243;land;false;plains;1
5327;117;231;250;land;false;plains;1
5328;138;225;246;land;false;plains;1
5329;146;139;249;land;false;plains;1
5330;212;107;213;land;false;plains;1
5331;238;202;210;land;false;plains;1
5332;182;147;242;land;false;plains;1
5333;132;193;232;land;false;plains;1
5334;216;61;227;land;false;plains;1
5335;236;233;210;land;false;plains;1
5336;226;77;231;land;false;plains;1
5337;251;239;138;land;false;plains;1
5338;191;133;242;land;true;plains;1
5339;202;193;145;land;false;plains;1
5340;82;215;206;land;false;plains;1
5341;200;231;84;land;false;plains;1
5342;69;222;245;land;false;plains;1
5343;169;245;150;land;false;plains;1
5344;175;213;209;land;false;plains;1
5345;110;230;176;land;false;plains;1
5346;171;216;238;land;false;plains;1
5347;192;218;250;land;false;plains;1
5348;234;211;221;land;false;plains;1
5349;176;157;194;land;false;plains;1
5350;210;147;201;land;false;plains;1
5351;160;191;191;land;false;plains;1
5352;195;131;211;land;false;plains;1
5353;247;162;175;land;false;plains;1
5354;223;150;177;land;false;plains;1
5355;184;229;206;land;false;plains;1
5356;217;220;112;land;false;plains;1
5357;140;232;133;land;false;plains;1
5358;203;239;61;land;false;plains;1
5359;182;181;155;land;false;plains;1
5360;194;186;153;land;false;plains;1
5361;69;208;247;land;false;plains;1
5362;223;190;156;land;false;plains;1
5363;213;110;195;land;false;plains;1
5364;253;181;80;land;false;plains;1
5365;217;198;165;land;true;plains;1
5366;90;232;210;land;false;plains;1
5367;216;128;192;land;false;plains;1
5368;238;254;64;land;false;plains;1
5369;136;207;224;land;false;plains;1
5370;232;140;149;land;true;plains;1
5371;232;217;82;land;false;plains;1
5372;234;225;94;land;false;plains;1
5373;209;229;244;land;false;plains;1
5374;132;253;242;land;false;plains;1
5375;248;221;57;land;false;plains;1
5376;203;184;132;land;false;plains;1
5377;176;219;119;land;false;plains;1
5378;245;122;164;land;false;plains;1
5379;215;122;168;land;false;plains;1
5380;179;85;242;land;false;plains;1
5381;200;186;186;land;false;plains;1
5382;232;226;61;land;false;plains;1
5383;166;240;189;land;false;plains;1
5384;210;178;248;land;false;plains;1
5385;215;166;183;land;false;plains;1
5386;172;211;251;land;false;plains;1
5387;206;248;108;land;false;plains;1
5388;214;254;223;land;false;plains;1
5389;197;137;204;land;false;plains;1
5390;94;218;219;land;true;plains;1
5391;194;236;81;land;true;plains;1
5392;235;204;162;land;false;plains;1
5393;148;245;210;land;false;plains;1
5394;186;189;172;land;false;plains;1
5395;241;149;147;land;false;plains;1
5396;215;78;244;land;false;plains;1
5397;195;231;245;land;true;plains;1
5398;238;156;162;land;false;plains;1
5399;105;160;237;land;false;plains;1
5400;245;253;228;land;false;plains;1
5401;140;129;240;land;false;plains;1
5402;200;199;218;land;false;plains;1
5403;234;180;197;land;false;plains;1
5404;153;237;140;land;false;plains;1
5405;216;218;211;land;false;plains;1
5406;245;241;52;land;false;plains;1
5407;212;91;240;land;false;plains;1
5408;211;184;212;land;true;plains;1
5409;154;236;160;land;false;plains;1
5410;214;238;73;land;false;plains;1
5411;136;190;177;land;false;plains;1
5412;212;108;225;land;false;plains;1
5413;116;249;141;land;false;plains;1
5414;165;234;205;land;false;plains;1
5415;147;209;168;land;false;plains;1
5416;212;240;118;land;false;plains;1
5417;150;145;239;land;false;plains;1
5418;218;88;229;land;true;plains;1
5419;232;211;96;land;false;plains;1
5420;241;251;15;land;false;plains;1
5421;129;176;221;land;false;plains;1
5422;103;225;178;land;false;plains;1
5423;197;194;145;land;true;plains;1
5424;159;104;248;land;false;plains;1
5425;242;64;251;land;false;plains;1
5426;244;232;116;land;false;plains;1
5427;165;208;208;land;false;plains;1
5428;145;226;196;land;false;plains;1
5429;238;211;96;land;false;plains;1
5430;243;137;130;land;false;plains;1
5431;210;182;215;land;false;plains;1
5432;131;164;210;land;false;plains;1
5433;231;176;94;land;false;plains;1
5434;167;164;203;land;false;plains;1
5435;225;209;198;land;false;plains;1
5436;153;169;181;land;false;plains;1
5437;22;254;234;land;false;plains;1
5438;236;155;231;land;false;plains;1
5439;167;248;97;land;false;plains;1
5440;213;132;164;land;false;plains;1
5441;227;172;205;land;false;plains;1
5442;217;163;181;land;false;plains;1
5443;188;214;216;land;false;plains;1
5444;185;244;229;land;false;plains;1
5445;219;241;94;land;false;plains;1
5446;215;235;109;land;false;plains;1
5447;188;236;184;land;false;plains;1
5448;145;178;230;land;false;plains;1
5449;253;205;251;land;false;plains;1
5450;238;184;151;land;false;plains;1
5451;243;191;188;land;false;plains;1
5452;223;118;224;land;false;plains;1
5453;211;165;185;land;false;plains;1
5454;191;217;194;land;false;plains;1
5455;203;230;184;land;false;plains;1
5456;250;233;32;land;true;plains;1
5457;160;211;161;land;false;plains;1
5458;215;134;171;land;false;plains;1
5459;91;209;229;land;true;plains;1
5460;237;148;188;land;false;plains;1
5461;226;235;152;land;false;plains;1
5462;193;134;195;land;false;plains;1
5463;77;208;239;land;false;plains;1
5464;187;106;227;land;false;plains;1
5465;140;233;160;land;false;plains;1
5466;204;236;199;land;false;plains;1
5467;228;236;196;land;false;plains;1
5468;184;190;189;land;false;plains;1
5469;109;236;221;land;false;plains;1
5470;90;196;233;land;false;plains;1
5471;158;207;152;land;false;plains;1
5472;251;207;165;land;false;plains;1
5473;163;223;207;land;false;plains;1
5474;153;210;245;land;true;plains;1
5475;103;207;191;land;false;plains;1
5476;212;237;113;land;false;plains;1
5477;238;252;26;land;false;plains;1
5478;121;198;207;land;false;plains;1
5479;210;244;155;land;false;plains;1
5480;199;113;225;land;false;plains;1
5481;164;221;145;land;false;plains;1
5482;240;215;222;land;false;plains;1
5483;209;99;194;land;false;plains;1
5484;222;140;231;land;false;plains;1
5485;136;222;216;land;false;plains;1
5486;212;176;182;land;false;plains;1
5487;251;72;190;land;false;plains;1
5488;76;227;216;land;false;plains;1
5489;191;149;199;land;false;plains;1
5490;167;189;195;land;false;plains;1
5491;236;145;199;land;false;plains;1
5492;224;244;237;land;false;plains;1
5493;230;203;253;land;false;plains;1
5494;247;181;133;land;false;plains;1
5495;79;250;179;land;false;plains;1
5496;166;158;239;land;false;plains;1
5497;214;62;251;land;false;plains;1
5498;217;187;158;land;false;plains;1
5499;154;232;245;land;false;plains;1
5500;165;219;176;land;false;plains;1
5501;207;90;209;land;false;plains;1
5502;163;219;195;land;false;plains;1
5503;221;176;235;land;false;plains;1
5504;235;154;252;land;false;plains;1
5505;234;240;115;land;false;plains;1
5506;239;145;231;land;false;plains;1
5507;193;93;247;land;false;plains;1
5508;241;110;235;land;false;plains;1
5509;189;135;202;land;false;plains;1
5510;223;180;144;land;false;plains;1
5511;194;219;200;land;false;plains;1
5512;204;136;247;land;false;plains;1
5513;218;44;253;land;false;plains;1
5514;170;113;243;land;false;plains;1
5515;241;232;219;land;false;plains;1
5516;221;123;244;land;false;plains;1
5517;148;250;224;land;false;plains;1
5518;172;183;187;land;false;plains;1
5519;231;173;252;land;false;plains;1
5520;245;250;127;land;false;plains;1
5521;233;170;217;land;false;plains;1
5522;246;178;132;land;false;plains;1
5523;211;169;150;land;false;plains;1
5524;178;135;195;land;false;plains;1
5525;216;97;236;land;false;plains;1
5526;143;236;193;land;false;plains;1
5527;142;157;252;land;false;plains;1
5528;187;244;227;land;false;plains;1
5529;206;89;253;land;false;plains;1
5530;230;233;212;land;false;plains;1
5531;201;227;156;land;false;plains;1
5532;208;91;213;land;false;plains;1
5533;225;193;144;land;false;plains;1
5534;237;101;232;land;false;plains;1
5535;116;222;252;land;true;plains;1
5536;215;235;146;land;false;plains;1
5537;186;134;186;land;true;plains;1
5538;176;251;142;land;false;plains;1
5539;207;234;140;land;false;plains;1
5540;217;157;132;land;false;plains;1
5541;174;195;181;land;false;plains;1
5542;227;140;225;land;false;plains;1
5543;126;253;151;land;true;plains;1
5544;235;142;150;land;false;plains;1
5545;163;241;233;land;false;plains;1
5546;222;189;128;land;false;plains;1
5547;120;216;241;land;false;plains;1
5548;141;224;167;land;false;plains;1
5549;247;97;247;land;false;plains;1
5550;87;184;247;land;true;plains;1
5551;213;199;212;land;false;plains;1
5552;222;249;92;land;false;plains;1
5553;242;147;159;land;true;plains;1
5554;221;185;201;land;false;plains;1
5555;163;133;228;land;false;plains;1
5556;201;247;206;land;false;plains;1
5557;178;77;248;land;false;plains;1
5558;175;176;170;land;false;plains;1
5559;151;153;214;land;false;plains;1
5560;66;214;224;land;false;plains;1
5561;241;206;221;land;false;plains;1
5562;136;252;198;land;false;plains;1
5563;139;252;216;land;false;plains;1
5564;236;172;251;land;false;plains;1
5565;188;130;236;land;false;plains;1
5566;151;210;196;land;false;plains;1
5567;124;246;221;land;true;plains;1
5568;234;185;244;land;false;plains;1
5569;114;190;254;land;false;plains;1
5570;81;217;205;land;true;plains;1
5571;201;232;82;land;false;plains;1
5572;143;141;228;land;false;plains;1
5573;211;226;88;land;false;plains;1
5574;235;151;184;land;false;plains;1
5575;233;163;212;land;false;plains;1
5576;210;208;170;land;false;plains;1
5577;189;72;246;land;false;plains;1
5578;223;152;200;land;false;plains;1
5579;142;198;233;land;false;plains;1
5580;223;123;165;land;false;plains;1
5581;195;149;242;land;true;plains;1
5582;103;239;175;land;false;plains;1
5583;163;176;243;land;false;plains;1
5584;250;143;183;land;false;plains;1
5585;218;89;249;land;false;plains;1
5586;223;250;129;land;false;plains;1
5587;244;188;237;land;false;plains;1
5588;239;97;230;land;false;plains;1
5589;136;163;224;land;false;plains;1
5590;83;218;252;land;false;plains;1
5591;152;158;201;land;false;plains;1
5592;170;183;186;land;false;plains;1
5593;252;166;130;land;false;plains;1
5594;251;84;169;land;false;plains;1
5595;81;239;240;land;false;plains;1
5596;235;199;234;land;false;plains;1
5597;252;140;214;land;false;plains;1
5598;48;228;241;land;false;plains;1
5599;156;166;189;land;false;plains;1
5600;194;196;247;land;true;plains;1
5601;250;173;80;land;false;plains;1
5602;222;190;216;land;false;plains;1
5603;145;159;230;land;false;plains;1
5604;107;228;237;land;false;plains;1
5605;212;225;107;land;false;plains;1
5606;188;139;212;land;false;plains;1
5607;180;232;209;land;false;plains;1
5608;245;84;181;land;false;plains;1
5609;236;207;126;land;false;plains;1
5610;184;222;168;land;false;plains;1
5611;176;203;141;land;false;plains;1
5612;243;246;67;land;false;plains;1
5613;62;213;227;land;false;plains;1
5614;145;184;220;land;false;plains;1
5615;131;154;231;land;false;plains;1
5616;184;154;249;land;false;plains;1
5617;241;213;180;land;false;plains;1
5618;215;253;88;land;false;plains;1
5619;173;212;204;land;false;plains;1
5620;225;240;173;land;false;plains;1
5621;135;241;155;land;false;plains;1
5622;227;146;247;land;false;plains;1
5623;128;174;241;land;false;plains;1
5624;185;164;230;land;false;plains;1
5625;252;118;180;land;false;plains;1
5626;167;147;187;land;false;plains;1
5627;223;218;128;land;false;plains;1
5628;235;174;119;land;false;plains;1
5629;27;231;250;land;false;plains;1
5630;205;243;207;land;false;plains;1
5631;165;197;206;land;false;plains;1
5632;179;150;198;land;false;plains;1
5633;129;242;225;land;false;plains;1
5634;130;231;184;land;false;plains;1
5635;234;166;157;land;false;plains;1
5636;178;246;245;land;false;plains;1
5637;176;165;223;land;false;plains;1
5638;193;142;199;land;false;plains;1
5639;186;120;237;land;false;plains;1
5640;182;236;136;land;false;plains;1
5641;247;232;70;land;true;plains;1
5642;222;211;141;land;false;plains;1
5643;253;210;63;land;false;plains;1
5644;150;245;191;land;true;plains;1
5645;203;137;218;land;false;plains;1
5646;217;88;254;land;false;plains;1
5647;222;199;93;land;false;plains;1
5648;230;198;225;land;false;plains;1
5649;224;80;205;land;false;plains;1
5650;189;118;206;land;false;plains;1
5651;237;144;158;land;false;plains;1
5652;50;206;246;land;false;plains;1
5653;39;226;239;land;false;plains;1
5654;164;177;162;land;false;plains;1
5655;199;145;171;land;false;plains;1
5656;149;225;184;land;false;plains;1
5657;190;144;230;land;false;plains;1
5658;129;197;214;land;false;plains;1
5659;217;47;237;land;false;plains;1
5660;238;122;168;land;false;plains;1
5661;251;123;164;land;false;plains;1
5662;132;233;242;land;false;plains;1
5663;163;182;194;land;false;plains;1
5664;199;201;251;land;false;plains;1
5665;249;164;93;land;false;plains;1
5666;246;251;164;land;false;plains;1
5667;127;245;141;land;false;plains;1
5668;241;134;252;land;false;plains;1
5669;203;132;212;land;false;plains;1
5670;240;228;95;land;false;plains;1
5671;184;249;151;land;false;plains;1
5672;227;129;146;land;false;plains;1
5673;164;202;151;land;false;plains;1
5674;112;252;247;land;false;plains;1
5675;223;155;173;land;true;plains;1
5676;232;164;149;land;false;plains;1
5677;143;241;250;land;false;plains;1
5678;129;170;214;land;false;plains;1
5679;167;139;234;land;false;plains;1
5680;123;208;194;land;false;plains;1
5681;27;231;246;land;false;plains;1
5682;249;127;127;land;false;plains;1
5683;251;242;132;land;false;plains;1
5684;173;225;175;land;true;plains;1
5685;227;219;129;land;false;plains;1
5686;103;192;222;land;false;plains;1
5687;223;124;253;land;false;plains;1
5688;220;244;213;land;false;plains;1
5689;95;237;238;land;false;plains;1
5690;206;250;124;land;false;plains;1
5691;230;221;75;land;false;plains;1
5692;217;136;191;land;false;plains;1
5693;212;113;197;land;true;plains;1
5694;200;76;249;land;false;plains;1
5695;95;209;249;land;false;plains;1
5696;114;209;234;land;false;plains;1
5697;155;138;228;land;true;plains;1
5698;225;226;109;land;false;plains;1
5699;231;163;180;land;false;plains;1
5700;246;221;118;land;false;plains;1
5701;171;161;184;land;false;plains;1
5702;166;214;244;land;false;plains;1
5703;217;251;229;land;false;plains;1
5704;249;91;244;land;false;plains;1
5705;219;180;130;land;false;plains;1
5706;108;183;213;land;false;plains;1
5707;99;189;233;land;false;plains;1
5708;121;232;247;land;false;plains;1
5709;91;251;160;land;false;plains;1
5710;243;170;110;land;false;plains;1
5711;176;219;168;land;false;plains;1
5712;231;210;244;land;false;plains;1
5713;184;165;208;land;false;plains;1
5714;104;206;196;land;false;plains;1
5715;253;213;244;land;false;plains;1
5716;179;100;252;land;false;plains;1
5717;133;155;228;land;false;plains;1
5718;155;210;168;land;false;plains;1
5719;173;160;252;land;false;plains;1
5720;106;226;227;land;true;plains;1
5721;107;179;236;land;false;plains;1
5722;223;234;101;land;false;plains;1
5723;239;137;239;land;false;plains;1
5724;252;191;238;land;false;plains;1
5725;243;159;106;land;false;plains;1
5726;100;172;243;land;false;plains;1
5727;172;169;224;land;false;plains;1
5728;120;144;254;land;true;plains;1
5729;141;242;252;land;false;plains;1
5730;79;217;209;land;false;plains;1
5731;196;209;153;land;false;plains;1
5732;24;249;250;land;false;plains;1
5733;232;216;199;land;false;plains;1
5734;90;248;184;land;false;plains;1
5735;246;174;174;land;false;plains;1
5736;162;209;211;land;false;plains;1
5737;207;205;167;land;false;plains;1
5738;221;210;117;land;false;plains;1
5739;186;178;156;land;false;plains;1
5740;188;127;238;land;false;plains;1
5741;210;181;153;land;false;plains;1
5742;149;224;214;land;false;plains;1
5743;173;251;105;land;false;plains;1
5744;214;176;201;land;false;plains;1
5745;125;175;203;land;false;plains;1
5746;179;215;120;land;false;plains;1
5747;225;194;124;land;false;plains;1
5748;119;227;193;land;false;plains;1
5749;90;238;246;land;false;plains;1
5750;249;233;250;land;false;plains;1
5751;205;238;232;land;false;plains;1
5752;138;224;184;land;false;plains;1
5753;254;132;127;land;false;plains;1
5754;227;227;53;land;false;plains;1
5755;252;145;174;land;false;plains;1
5756;253;114;242;land;false;plains;1
5757;233;172;109;land;false;plains;1
5758;154;148;207;land;false;plains;1
5759;202;198;150;land;false;plains;1
5760;238;102;253;land;false;plains;1
5761;175;203;169;land;false;plains;1
5762;172;235;250;land;false;plains;1
5763;147;218;196;land;false;plains;1
5764;138;191;243;land;false;plains;1
5765;186;188;218;land;false;plains;1
5766;237;118;206;land;false;plains;1
5767;252;211;218;land;false;plains;1
5768;249;236;82;land;false;plains;1
5769;155;146;215;land;false;plains;1
5770;187;237;246;land;false;plains;1
5771;226;165;209;land;false;plains;1
5772;234;108;235;land;false;plains;1
5773;169;230;160;land;true;plains;1
5774;129;158;238;land;false;plains;1
5775;113;254;143;land;false;plains;1
5776;186;198;158;land;false;plains;1
5777;239;186;194;land;false;plains;1
5778;153;202;183;land;false;plains;1
5779;249;156;126;land;false;plains;1
5780;230;242;166;land;false;plains;1
5781;153;251;244;land;false;plains;1
5782;114;181;236;land;false;plains;1
5783;173;139;254;land;false;plains;1
5784;88;243;228;land;false;plains;1
5785;179;241;95;land;false;plains;1
5786;119;157;242;land;false;plains;1
5787;181;134;249;land;false;plains;1
5788;196;201;240;land;true;plains;1
5789;242;175;136;land;false;plains;1
5790;55;233;240;land;false;plains;1
5791;173;113;233;land;false;plains;1
5792;188;218;169;land;false;plains;1
5793;218;152;229;land;false;plains;1
5794;211;246;151;land;false;plains;1
5795;229;73;238;land;true;plains;1
5796;121;241;242;land;false;plains;1
5797;143;231;236;land;false;plains;1
5798;169;235;153;land;false;plains;1
5799;172;140;242;land;false;plains;1
5800;202;90;248;land;false;plains;1
5801;229;145;127;land;false;plains;1
5802;85;253;250;land;false;plains;1
5803;223;146;231;land;false;plains;1
5804;240;188;96;land;false;plains;1
5805;164;119;238;land;false;plains;1
5806;99;223;233;land;false;plains;1
5807;235;114;215;land;false;plains;1
5808;215;56;245;land;true;plains;1
5809;231;137;206;land;true;plains;1
5810;60;203;240;land;false;plains;1
5811;210;91;213;land;false;plains;1
5812;254;114;159;land;false;plains;1
5813;245;239;110;land;false;plains;1
5814;137;237;225;land;false;plains;1
5815;188;237;93;land;false;plains;1
5816;188;239;160;land;false;plains;1
5817;90;205;225;land;false;plains;1
5818;172;214;199;land;false;plains;1
5819;239;212;161;land;false;plains;1
5820;218;239;53;land;false;plains;1
5821;174;150;246;land;false;plains;1
5822;237;166;167;land;false;plains;1
5823;186;189;131;land;false;plains;1
5824;171;216;134;land;false;plains;1
5825;249;53;215;land;true;plains;1
5826;235;248;220;land;false;plains;1
5827;129;252;137;land;false;plains;1
5828;247;211;253;land;false;plains;1
5829;186;215;132;land;false;plains;1
5830;125;254;221;land;false;plains;1
5831;227;141;191;land;false;plains;1
5832;170;214;130;land;false;plains;1
5833;167;191;227;land;false;plains;1
5834;165;247;127;land;false;plains;1
5835;161;203;143;land;false;plains;1
5836;190;169;243;land;false;plains;1
5837;126;248;177;land;false;plains;1
5838;129;227;201;land;false;plains;1
5839;211;128;177;land;false;plains;1
5840;195;214;145;land;false;plains;1
5841;78;194;229;land;false;plains;1
5842;225;247;109;land;false;plains;1
5843;216;169;205;land;false;plains;1
5844;157;241;217;land;false;plains;1
5845;171;180;244;land;false;plains;1
5846;206;173;164;land;false;plains;1
5847;152;194;198;land;false;plains;1
5848;114;232;208;land;false;plains;1
5849;129;179;230;land;false;plains;1
5850;201;176;237;land;false;plains;1
5851;222;142;165;land;true;plains;1
5852;236;165;213;land;false;plains;1
5853;145;199;213;land;false;plains;1
5854;117;134;251;land;false;plains;1
5855;143;238;221;land;false;plains;1
5856;190;145;225;land;false;plains;1
5857;239;248;131;land;false;plains;1
5858;221;191;113;land;true;plains;1
5859;188;201;123;land;false;plains;1
5860;231;243;254;land;false;plains;1
5861;242;80;196;land;false;plains;1
5862;248;111;158;land;false;plains;1
5863;212;236;202;land;false;plains;1
5864;158;179;194;land;false;plains;1
5865;227;200;97;land;false;plains;1
5866;250;222;68;land;false;plains;1
5867;221;131;251;land;false;plains;1
5868;191;244;112;land;false;plains;1
5869;246;223;46;land;false;plains;1
5870;136;232;152;land;false;plains;1
5871;209;154;230;land;true;plains;1
5872;141;249;219;land;true;plains;1
5873;240;184;114;land;false;plains;1
5874;194;209;133;land;false;plains;1
5875;249;189;160;land;true;plains;1
5876;210;170;231;land;false;plains;1
5877;250;203;225;land;false;plains;1
5878;200;125;209;land;false;plains;1
5879;150;168;235;land;false;plains;1
5880;254;213;71;land;false;plains;1
5881;243;188;79;land;false;plains;1
5882;221;175;233;land;false;plains;1
5883;148;197;237;land;true;plains;1
5884;182;244;103;land;true;plains;1
5885;215;214;173;land;false;plains;1
5886;177;147;182;land;false;plains;1
5887;191;233;182;land;false;plains;1
5888;238;176;170;land;false;plains;1
5889;244;117;191;land;false;plains;1
5890;160;196;233;land;false;plains;1
5891;145;180;202;land;false;plains;1
5892;130;195;213;land;false;plains;1
5893;178;245;79;land;true;plains;1
5894;194;247;64;land;false;plains;1
5895;191;173;239;land;false;plains;1
5896;221;250;53;land;false;plains;1
5897;187;222;108;land;false;plains;1
5898;188;214;164;land;false;plains;1
5899;231;250;96;land;false;plains;1
5900;172;174;247;land;false;plains;1
5901;86;245;218;land;false;plains;1
5902;248;114;142;land;false;plains;1
5903;198;66;238;land;false;plains;1
5904;183;244;110;land;false;plains;1
5905;244;121;223;land;false;plains;1
5906;126;175;254;land;false;plains;1
5907;174;230;183;land;false;plains;1
5908;190;169;179;land;false;plains;1
5909;136;235;136;land;false;plains;1
5910;235;142;175;land;false;plains;1
5911;165;141;248;land;false;plains;1
5912;203;169;246;land;false;plains;1
5913;118;216;179;land;false;plains;1
5914;227;78;204;land;false;plains;1
5915;123;197;212;land;true;plains;1
5916;184;233;242;land;false;plains;1
5917;197;213;212;land;false;plains;1
5918;161;216;171;land;false;plains;1
5919;202;115;223;land;false;plains;1
5920;217;214;148;land;false;plains;1
5921;224;82;233;land;false;plains;1
5922;208;223;207;land;false;plains;1
5923;207;170;196;land;false;plains;1
5924;83;253;252;land;false;plains;1
5925;236;254;15;land;false;plains;1
5926;197;170;240;land;false;plains;1
5927;243;203;131;land;false;plains;1
5928;233;206;143;land;false;plains;1
5929;240;179;172;land;true;plains;1
5930;254;227;240;land;false;plains;1
5931;240;39;234;land;false;plains;1
5932;238;226;253;land;false;plains;1
5933;132;179;253;land;false;plains;1
5934;247;65;212;land;false;plains;1
5935;237;85;239;land;false;plains;1
5936;161;165;195;land;false;plains;1
5937;202;174;191;land;false;plains;1
5938;208;116;236;land;true;plains;1
5939;214;229;103;land;false;plains;1
5940;237;115;196;land;false;plains;1
5941;106;248;189;land;false;plains;1
5942;207;211;169;land;false;plains;1
5943;93;187;243;land;false;plains;1
5944;239;80;254;land;false;plains;1
5945;252;195;96;land;false;plains;1
5946;250;148;186;land;false;plains;1
5947;199;118;204;land;false;plains;1
5948;190;236;113;land;false;plains;1
5949;223;191;178;land;false;plains;1
5950;131;240;239;land;false;plains;1
5951;216;228;175;land;false;plains;1
5952;208;205;125;land;false;plains;1
5953;197;237;183;land;false;plains;1
5954;217;238;71;land;false;plains;1
5955;226;167;113;land;false;plains;1
5956;32;247;222;land;false;plains;1
5957;210;158;208;land;false;plains;1
5958;187;202;117;land;false;plains;1
5959;180;100;253;land;false;plains;1
5960;166;229;154;land;false;plains;1
5961;69;247;245;land;true;plains;1
5962;252;244;71;land;false;plains;1
5963;231;226;83;land;false;plains;1
5964;192;232;236;land;true;plains;1
5965;133;184;228;land;false;plains;1
5966;182;200;200;land;false;plains;1
5967;177;211;182;land;false;plains;1
5968;163;242;197;land;false;plains;1
5969;179;80;246;land;false;plains;1
5970;236;170;242;land;false;plains;1
5971;189;152;234;land;false;plains;1
5972;253;143;148;land;false;plains;1
5973;218;195;95;land;false;plains;1
5974;187;84;231;land;false;plains;1
5975;123;227;217;land;false;plains;1
5976;245;245;237;land;false;plains;1
5977;236;221;162;land;true;plains;1
5978;143;200;240;land;false;plains;1
5979;234;156;161;land;false;plains;1
5980;203;200;180;land;false;plains;1
5981;105;248;247;land;false;plains;1
5982;225;242;62;land;false;plains;1
5983;110;246;213;land;false;plains;1
5984;144;213;227;land;false;plains;1
5985;224;245;117;land;false;plains;1
5986;200;99;225;land;false;plains;1
5987;178;206;234;land;false;plains;1
5988;207;225;119;land;false;plains;1
5989;223;245;234;land;false;plains;1
5990;178;234;213;land;false;plains;1
5991;229;253;32;land;false;plains;1
5992;211;192;252;land;false;plains;1
5993;182;155;226;land;false;plains;1
5994;227;227;152;land;false;plains;1
5995;237;83;238;land;true;plains;1
5996;134;218;180;land;false;plains;1
5997;196;225;118;land;false;plains;1
5998;209;231;247;land;false;plains;1
5999;191;217;164;land;false;plains;1
6000;118;191;206;land;false;plains;1
6001;181;239;103;land;false;plains;1
6002;222;193;205;land;false;plains;1
6003;196;133;173;land;false;plains;1
6004;186;231;88;land;false;plains;1
6005;159;213;153;land;false;plains;1
6006;237;119;151;land;false;plains;1
6007;208;228;152;land;false;plains;1
6008;141;248;222;land;true;plains;1
6009;114;223;220;land;false;plains;1
6010;220;148;245;land;false;plains;1
6011;133;207;234;land;false;plains;1
6012;126;213;247;land;false;plains;1
6013;254;137;138;land;false;plains;1
6014;220;248;184;land;false;plains;1
6015;224;195;150;land;false;plains;1
6016;189;196;195;land;false;plains;1
6017;221;101;228;land;false;plains;1
6018;179;208;148;land;false;plains;1
6019;204;167;168;land;false;plains;1
6020;187;145;240;land;false;plains;1
6021;183;181;206;land;false;plains;1
6022;26;230;253;land;false;plains;1
6023;148;108;252;land;false;plains;1
6024;241;190;123;land;false;plains;1
6025;189;223;127;land;false;plains;1
6026;103;193;253;land;false;plains;1
6027;150;127;237;land;true;plains;1
6028;207;201;178;land;false;plains;1
6029;228;141;209;land;false;plains;1
6030;168;151;192;land;false;plains;1
6031;145;254;141;land;false;plains;1
6032;13;242;247;land;false;plains;1
6033;145;201;210;land;false;plains;1
6034;94;194;240;land;false;plains;1
6035;121;157;223;land;true;plains;1
6036;249;245;190;land;false;plains;1
6037;198;147;201;land;false;plains;1
6038;181;216;158;land;false;plains;1
6039;158;134;216;land;false;plains;1
6040;237;174;97;land;true;plains;1
6041;202;232;185;land;false;plains;1
6042;218;252;166;land;false;plains;1
6043;178;230;203;land;false;plains;1
6044;193;174;212;land;false;plains;1
6045;108;223;254;land;false;plains;1
6046;228;140;164;land;false;plains;1
6047;201;90;227;land;false;plains;1
6048;217;212;113;land;false;plains;1
6049;197;198;233;land;false;plains;1
6050;230;251;108;land;false;plains;1
6051;218;213;188;land;false;plains;1
6052;235;228;176;land;false;plains;1
6053;133;229;252;land;false;plains;1
6054;186;156;253;land;false;plains;1
6055;220;142;223;land;true;plains;1
6056;232;79;214;land;false;plains;1
6057;119;179;217;land;false;plains;1
6058;173;142;216;land;false;plains;1
6059;136;243;234;land;false;plains;1
6060;143;250;111;land;false;plains;1
6061;196;248;153;land;false;plains;1
6062;246;243;47;land;false;plains;1
6063;206;207;123;land;false;plains;1
6064;193;159;159;land;false;plains;1
6065;226;208;247;land;false;plains;1
6066;166;122;238;land;false;plains;1
6067;250;122;147;land;false;plains;1
6068;240;147;210;land;false;plains;1
6069;229;197;139;land;false;plains;1
6070;241;172;137;land;false;plains;1
6071;250;131;220;land;false;plains;1
6072;136;213;215;land;false;plains;1
6073;230;113;217;land;true;plains;1
6074;249;87;199;land;false;plains;1
6075;74;236;252;land;false;plains;1
6076;219;176;146;land;false;plains;1
6077;229;96;229;land;false;plains;1
6078;250;88;194;land;false;plains;1
6079;198;240;234;land;false;plains;1
6080;240;233;197;land;false;plains;1
6081;250;207;254;land;false;plains;1
6082;144;167;225;land;false;plains;1
6083;196;205;235;land;false;plains;1
6084;92;232;234;land;true;plains;1
6085;227;192;147;land;false;plains;1
6086;168;208;152;land;false;plains;1
6087;224;129;237;land;false;plains;1
6088;206;86;252;land;false;plains;1
6089;61;236;215;land;false;plains;1
6090;177;136;201;land;false;plains;1
6091;181;219;188;land;false;plains;1
6092;193;236;164;land;false;plains;1
6093;155;150;253;land;false;plains;1
6094;193;160;235;land;false;plains;1
6095;174;174;172;land;true;plains;1
6096;198;214;232;land;false;plains;1
6097;158;242;117;land;false;plains;1
6098;148;199;206;land;false;plains;1
6099;247;130;217;land;false;plains;1
6100;169;134;203;land;false;plains;1
6101;95;215;243;land;false;plains;1
6102;147;189;233;land;false;plains;1
6103;233;176;116;land;false;plains;1
6104;239;230;181;land;false;plains;1
6105;235;142;221;land;false;plains;1
6106;224;245;124;land;false;plains;1
6107;138;245;250;land;false;plains;1
6108;227;185;94;land;false;plains;1
6109;55;222;249;land;false;plains;1
6110;154;250;200;land;false;plains;1
6111;73;231;230;land;false;plains;1
6112;170;220;129;land;false;plains;1
6113;141;248;210;land;false;plains;1
6114;195;132;232;land;true;plains;1
6115;208;254;232;land;false;plains;1
6116;226;161;197;land;true;plains;1
6117;236;246;94;land;true;plains;1
6118;129;156;217;land;false;plains;1
6119;198;196;226;land;false;plains;1
6120;133;212;232;land;false;plains;1
6121;211;163;238;land;false;plains;1
6122;196;211;187;land;false;plains;1
6123;23;245;248;land;false;plains;1
6124;230;157;121;land;false;plains;1
6125;246;148;164;land;false;plains;1
6126;178;136;236;land;false;plains;1
6127;61;200;240;land;false;plains;1
6128;151;206;151;land;false;plains;1
6129;117;233;237;land;false;plains;1
6130;136;159;226;land;false;plains;1
6131;186;226;161;land;false;plains;1
6132;189;107;247;land;false;plains;1
6133;208;219;213;land;false;plains;1
6134;234;151;224;land;false;plains;1
6135;221;221;139;land;false;plains;1
6136;175;173;163;land;false;plains;1
6137;246;187;189;land;false;plains;1
6138;193;240;226;land;false;plains;1
6139;240;230;170;land;true;plains;1
6140;197;96;218;land;false;plains;1
6141;224;134;186;land;false;plains;1
6142;201;170;237;land;false;plains;1
6143;205;193;145;land;false;plains;1
6144;122;184;223;land;false;plains;1
6145;161;225;216;land;false;plains;1
6146;226;203;94;land;false;plains;1
6147;245;202;78;land;false;plains;1
6148;150;198;199;land;false;plains;1
6149;221;238;222;land;false;plains;1
6150;216;212;142;land;false;plains;1
6151;254;88;177;land;false;plains;1
6152;189;247;204;land;false;plains;1
6153;99;219;198;land;true;plains;1
6154;241;150;216;land;false;plains;1
6155;186;179;166;land;false;plains;1
6156;141;199;215;land;true;plains;1
6157;250;201;79;land;false;plains;1
6158;212;132;183;land;false;plains;1
6159;199;246;221;land;false;plains;1
6160;212;219;116;land;false;plains;1
6161;189;126;225;land;false;plains;1
6162;208;238;112;land;false;plains;1
6163;221;78;239;land;false;plains;1
6164;117;234;169;land;false;plains;1
6165;139;203;248;land;false;plains;1
6166;250;183;123;land;false;plains;1
6167;197;253;80;land;false;plains;1
6168;211;137;160;land;false;plains;1
6169;203;162;160;land;false;plains;1
6170;249;200;185;land;false;plains;1
6171;248;194;167;land;true;plains;1
6172;188;206;250;land;false;plains;1
6173;187;251;162;land;false;plains;1
6174;230;188;216;land;false;plains;1
6175;191;246;185;land;false;plains;1
6176;185;236;101;land;true;plains;1
6177;152;254;241;land;false;plains;1
6178;191;209;175;land;false;plains;1
6179;161;252;88;land;false;plains;1
6180;195;236;253;land;false;plains;1
6181;193;235;113;land;false;plains;1
6182;221;220;152;land;false;plains;1
6183;101;186;233;land;false;plains;1
6184;234;195;76;land;false;plains;1
6185;209;134;233;land;false;plains;1
6186;249;101;240;land;false;plains;1
6187;142;142;223;land;false;plains;1
6188;49;223;250;land;false;plains;1
6189;169;253;148;land;false;plains;1
6190;239;128;135;land;false;plains;1
6191;252;166;158;land;false;plains;1
6192;42;241;236;land;false;plains;1
6193;250;178;88;land;false;plains;1
6194;181;133;226;land;false;plains;1
6195;245;157;116;land;false;plains;1
6196;146;184;239;land;false;plains;1
6197;209;145;213;land;false;plains;1
6198;236;78;211;land;false;plains;1
6199;163;168;209;land;false;plains;1
6200;247;214;171;land;false;plains;1
6201;234;253;182;land;false;plains;1
6202;138;246;254;land;false;plains;1
6203;240;162;176;land;false;plains;1
6204;142;153;234;land;false;plains;1
6205;200;211;196;land;false;plains;1
6206;75;222;210;land;false;plains;1
6207;235;222;170;land;false;plains;1
6208;240;243;222;land;false;plains;1
6209;216;174;134;land;false;plains;1
6210;219;193;119;land;false;plains;1
6211;248;253;34;land;false;plains;1
6212;217;237;60;land;false;plains;1
6213;207;215;235;land;false;plains;1
6214;252;227;110;land;false;plains;1
6215;224;188;233;land;false;plains;1
6216;239;204;225;land;false;plains;1
6217;252;248;116;land;false;plains;1
6218;151;229;247;land;false;plains;1
6219;219;186;106;land;false;plains;1
6220;252;251;74;land;false;plains;1
6221;212;229;72;land;true;plains;1
6222;158;220;168;land;true;plains;1
6223;188;240;189;land;false;plains;1
6224;161;245;197;land;false;plains;1
6225;218;190;190;land;false;plains;1
6226;131;200;216;land;false;plains;1
6227;207;206;213;land;false;plains;1
6228;158;147;252;land;false;plains;1
6229;235;193;106;land;false;plains;1
6230;59;205;248;land;false;plains;1
6231;246;187;78;land;false;plains;1
6232;208;231;233;land;false;plains;1
6233;235;236;115;land;false;plains;1
6234;247;208;77;land;false;plains;1
6235;200;133;182;land;false;plains;1
6236;84;245;249;land;false;plains;1
6237;223;48;253;land;false;plains;1
6238;121;200;191;land;false;plains;1
6239;197;205;110;land;false;plains;1
6240;135;142;252;land;false;plains;1
6241;234;193;225;land;false;plains;1
6242;242;244;22;land;false;plains;1
6243;191;87;252;land;false;plains;1
6244;233;146;124;land;false;plains;1
6245;187;105;225;land;true;plains;1
6246;172;128;253;land;false;plains;1
6247;209;201;109;land;true;plains;1
6248;25;247;234;land;false;plains;1
6249;110;239;183;land;false;plains;1
6250;247;196;249;land;false;plains;1
6251;237;135;169;land;false;plains;1
6252;244;232;65;land;false;plains;1
6253;244;184;111;land;false;plains;1
6254;150;214;226;land;true;plains;1
6255;209;217;99;land;false;plains;1
6256;113;215;250;land;false;plains;1
6257;139;147;235;land;false;plains;1
6258;62;209;232;land;false;plains;1
6259;125;156;243;land;false;plains;1
6260;247;101;236;land;false;plains;1
6261;216;113;190;land;false;plains;1
6262;219;143;230;land;false;plains;1
6263;116;176;239;land;false;plains;1
6264;242;146;200;land;true;plains;1
6265;233;184;166;land;false;plains;1
6266;205;253;178;land;false;plains;1
6267;195;250;167;land;false;plains;1
6268;188;131;189;land;false;plains;1
6269;188;166;214;land;false;plains;1
6270;155;221;230;land;true;plains;1
6271;182;249;221;land;false;plains;1
6272;27;242;249;land;false;plains;1
6273;171;167;250;land;false;plains;1
6274;242;161;136;land;false;plains;1
6275;233;208;134;land;false;plains;1
6276;193;150;247;land;false;plains;1
6277;220;177;109;land;false;plains;1
6278;156;143;214;land;false;plains;1
6279;218;193;184;land;false;plains;1
6280;167;214;201;land;false;plains;1
6281;199;242;90;land;true;plains;1
6282;134;159;231;land;false;plains;1
6283;206;189;212;land;false;plains;1
6284;180;191;250;land;false;plains;1
6285;229;236;114;land;true;plains;1
6286;246;247;18;land;false;plains;1
6287;236;238;183;land;false;plains;1
6288;113;224;169;land;false;plains;1
6289;148;212;166;land;false;plains;1
6290;232;181;254;land;false;plains;1
6291;214;205;217;land;false;plains;1
6292;146;236;159;land;false;plains;1
6293;128;237;177;land;false;plains;1
6294;84;249;234;land;false;plains;1
6295;143;203;219;land;false;plains;1
6296;224;175;109;land;false;plains;1
6297;136;157;213;land;false;plains;1
6298;182;214;171;land;false;plains;1
6299;192;216;96;land;false;plains;1
6300;128;244;246;land;false;plains;1
6301;59;243;219;land;false;plains;1
6302;229;182;183;land;false;plains;1
6303;249;215;117;land;false;plains;1
6304;235;238;34;land;false;plains;1
6305;174;188;219;land;true;plains;1
6306;133;190;182;land;true;plains;1
6307;248;167;252;land;false;plains;1
6308;212;240;109;land;false;plains;1
6309;100;178;249;land;false;plains;1
6310;137;176;203;land;false;plains;1
6311;209;136;223;land;true;plains;1
6312;149;240;139;land;false;plains;1
6313;194;137;231;land;false;plains;1
6314;237;254;13;land;false;plains;1
6315;113;201;207;land;false;plains;1
6316;115;212;175;land;false;plains;1
6317;242;176;144;land;false;plains;1
6318;152;213;168;land;false;plains;1
6319;253;164;138;land;false;plains;1
6320;253;241;158;land;false;plains;1
6321;158;226;173;land;false;plains;1
6322;121;249;237;land;false;plains;1
6323;206;243;116;land;false;plains;1
6324;124;196;213;land;false;plains;1
6325;199;111;241;land;false;plains;1
6326;212;219;118;land;false;plains;1
6327;49;235;234;land;true;plains;1
6328;187;149;210;land;false;plains;1
6329;74;229;238;land;false;plains;1
6330;200;113;211;land;false;plains;1
6331;161;225;250;land;false;plains;1
6332;205;232;73;land;false;plains;1
6333;185;206;210;land;false;plains;1
6334;93;163;254;land;true;plains;1
6335;76;213;230;land;false;plains;1
6336;76;250;194;land;false;plains;1
6337;93;233;216;land;false;plains;1
6338;210;182;228;land;false;plains;1
6339;251;208;153;land;false;plains;1
6340;204;232;72;land;false;plains;1
6341;81;197;243;land;true;plains;1
6342;212;236;216;land;false;plains;1
6343;233;197;247;land;false;plains;1
6344;124;226;198;land;false;plains;1
6345;186;110;254;land;true;plains;1
6346;176;162;217;land;false;plains;1
6347;182;144;218;land;false;plains;1
6348;153;143;254;land;true;plains;1
6349;85;222;232;land;false;plains;1
6350;241;243;80;land;true;plains;1
6351;213;194;216;land;false;plains;1
6352;77;242;184;land;false;plains;1
6353;192;214;235;land;true;plains;1
6354;228;225;144;land;false;plains;1
6355;227;233;111;land;true;plains;1
6356;239;238;93;land;true;plains;1
6357;195;241;108;land;false;plains;1
6358;224;82;235;land;false;plains;1
6359;91;175;237;land;false;plains;1
6360;252;111;190;land;false;plains;1
6361;239;167;197;land;false;plains;1
6362;183;137;182;land;false;plains;1
6363;145;213;192;land;false;plains;1
6364;212;196;201;land;false;plains;1
6365;141;216;182;land;false;plains;1
6366;62;246;231;land;false;plains;1
6367;227;250;251;land;false;plains;1
6368;207;246;93;land;false;plains;1
6369;250;123;205;land;false;plains;1
6370;241;154;209;land;false;plains;1
6371;198;148;234;land;false;plains;1
6372;191;212;214;land;false;plains;1
6373;189;250;79;land;false;plains;1
6374;188;187;188;land;false;plains;1
6375;217;208;141;land;false;plains;1
6376;145;191;178;land;false;plains;1
6377;76;211;236;land;false;plains;1
6378;215;80;208;land;false;plains;1
6379;232;147;173;land;false;plains;1
6380;187;141;207;land;false;plains;1
6381;95;245;237;land;false;plains;1
6382;99;213;205;land;false;plains;1
6383;229;235;208;land;true;plains;1
6384;108;176;229;land;false;plains;1
6385;235;150;165;land;false;plains;1
6386;154;247;148;land;false;plains;1
6387;215;178;132;land;false;plains;1
6388;174;221;252;land;false;plains;1
6389;221;182;244;land;false;plains;1
6390;90;193;238;land;false;plains;1
6391;239;110;183;land;false;plains;1
6392;240;143;204;land;true;plains;1
6393;126;232;187;land;false;plains;1
6394;252;108;181;land;false;plains;1
6395;195;84;239;land;false;plains;1
6396;223;253;144;land;false;plains;1
6397;252;190;197;land;false;plains;1
6398;242;245;254;land;false;plains;1
6399;52;254;240;land;false;plains;1
6400;190;170;144;land;false;plains;1
6401;250;65;212;land;false;plains;1
6402;242;223;224;land;false;plains;1
6403;124;205;241;land;false;plains;1
6404;250;94;212;land;false;plains;1
6405;240;213;168;land;false;plains;1
6406;144;228;170;land;false;plains;1
6407;229;132;239;land;false;plains;1
6408;234;224;129;land;false;plains;1
6409;196;189;163;land;false;plains;1
6410;211;238;241;land;false;plains;1
6411;243;201;231;land;false;plains;1
6412;186;239;110;land;false;plains;1
6413;244;139;192;land;false;plains;1
6414;223;173;187;land;false;plains;1
6415;44;230;243;land;false;plains;1
6416;209;251;68;land;false;plains;1
6417;154;204;154;land;false;plains;1
6418;232;64;236;land;false;plains;1
6419;203;179;222;land;true;plains;1
6420;226;151;246;land;false;plains;1
6421;153;235;165;land;false;plains;1
6422;248;52;232;land;false;plains;1
6423;134;140;247;land;false;plains;1
6424;230;142;219;land;false;plains;1
6425;161;235;157;land;false;plains;1
6426;165;191;159;land;false;plains;1
6427;241;181;172;land;false;plains;1
6428;240;205;66;land;false;plains;1
6429;147;201;223;land;false;plains;1
6430;200;233;173;land;false;plains;1
6431;144;158;226;land;false;plains;1
6432;203;144;235;land;false;plains;1
6433;171;125;251;land;false;plains;1
6434;233;200;206;land;false;plains;1
6435;209;240;177;land;false;plains;1
6436;218;216;253;land;false;plains;1
6437;197;120;254;land;false;plains;1
6438;101;231;223;land;false;plains;1
6439;134;158;218;land;false;plains;1
6440;156;231;174;land;false;plains;1
6441;244;219;124;land;false;plains;1
6442;240;70;194;land;false;plains;1
6443;143;190;236;land;false;plains;1
6444;242;113;231;land;false;plains;1
6445;92;215;254;land;false;plains;1
6446;198;149;242;land;false;plains;1
6447;81;205;237;land;false;plains;1
6448;250;244;219;land;false;plains;1
6449;240;146;217;land;false;plains;1
6450;140;219;234;land;false;plains;1
6451;250;212;140;land;false;plains;1
6452;227;59;241;land;false;plains;1
6453;248;252;69;land;false;plains;1
6454;147;252;247;land;false;plains;1
6455;230;207;217;land;false;plains;1
6456;212;161;177;land;false;plains;1
6457;196;146;219;land;false;plains;1
6458;225;238;119;land;false;plains;1
6459;180;244;218;land;false;plains;1
6460;244;210;104;land;true;plains;1
6461;252;65;217;land;false;plains;1
6462;214;178;211;land;false;plains;1
6463;252;164;248;land;false;plains;1
6464;83;252;183;land;false;plains;1
6465;226;203;159;land;false;plains;1
6466;221;217;189;land;false;plains;1
6467;128;196;239;land;false;plains;1
6468;213;201;164;land;false;plains;1
6469;194;239;206;land;true;plains;1
6470;140;241;140;land;true;plains;1
6471;140;202;246;land;false;plains;1
6472;148;254;115;land;false;plains;1
6473;226;45;240;land;false;plains;1
6474;252;238;72;land;false;plains;1
6475;254;76;247;land;false;plains;1
6476;159;215;132;land;false;plains;1
6477;166;219;195;land;false;plains;1
6478;215;66;251;land;false;plains;1
6479;252;158;196;land;false;plains;1
6480;114;177;210;land;false;plains;1
6481;143;143;222;land;false;plains;1
6482;205;188;174;land;false;plains;1
6483;154;246;181;land;false;plains;1
6484;220;237;231;land;false;plains;1
6485;143;197;231;land;false;plains;1
6486;209;221;219;land;false;plains;1
6487;132;166;235;land;false;plains;1
6488;121;220;174;land;false;plains;1
6489;113;244;250;land;false;plains;1
6490;169;175;158;land;false;plains;1
6491;160;140;202;land;true;plains;1
6492;161;231;191;land;false;plains;1
6493;182;217;249;land;false;plains;1
6494;151;237;155;land;false;plains;1
6495;121;179;225;land;false;plains;1
6496;231;242;58;land;false;plains;1
6497;239;247;245;land;false;plains;1
6498;216;159;144;land;false;plains;1
6499;169;168;249;land;false;plains;1
6500;198;236;230;land;false;plains;1
6501;216;91;227;land;false;plains;1
6502;244;245;56;land;false;plains;1
6503;228;191;151;land;false;plains;1
6504;189;103;211;land;false;plains;1
6505;236;184;193;land;false;plains;1
6506;234;149;242;land;false;plains;1
6507;125;251;139;land;false;plains;1
6508;102;221;216;land;false;plains;1
6509;182;143;246;land;false;plains;1
6510;41;238;250;land;false;plains;1
6511;237;165;166;land;true;plains;1
6512;237;208;202;land;false;plains;1
6513;167;216;146;land;false;plains;1
6514;246;24;238;land;false;plains;1
6515;93;246;243;land;false;plains;1
6516;171;238;135;land;false;plains;1
6517;63;251;214;land;true;plains;1
6518;182;207;124;land;false;plains;1
6519;227;202;82;land;false;plains;1
6520;180;185;250;land;false;plains;1
6521;150;212;233;land;false;plains;1
6522;133;177;231;land;false;plains;1
6523;193;246;106;land;false;plains;1
6524;176;208;179;land;false;plains;1
6525;229;131;238;land;false;plains;1
6526;180;243;165;land;true;plains;1
6527;103;218;203;land;false;plains;1
6528;178;189;177;land;false;plains;1
6529;212;207;152;land;false;plains;1
6530;188;190;200;land;false;plains;1
6531;252;233;179;land;false;plains;1
6532;169;155;194;land;true;plains;1
6533;151;180;253;land;false;plains;1
6534;223;51;246;land;false;plains;1
6535;251;202;202;land;false;plains;1
6536;229;59;217;land;false;plains;1
6537;216;228;178;land;false;plains;1
6538;202;191;178;land;false;plains;1
6539;244;113;164;land;false;plains;1
6540;177;204;189;land;false;plains;1
6541;124;183;235;land;false;plains;1
6542;140;237;234;land;false;plains;1
6543;115;251;144;land;false;plains;1
6544;161;206;224;land;false;plains;1
6545;150;240;154;land;true;plains;1
6546;160;227;204;land;false;plains;1
6547;161;253;166;land;false;plains;1
6548;168;80;254;land;false;plains;1
6549;195;123;210;land;false;plains;1
6550;220;213;105;land;false;plains;1
6551;94;238;223;land;false;plains;1
6552;222;236;140;land;false;plains;1
6553;230;236;215;land;false;plains;1
6554;200;198;108;land;false;plains;1
6555;222;238;196;land;false;plains;1
6556;167;175;161;land;true;plains;1
6557;232;45;233;land;false;plains;1
6558;254;137;198;land;false;plains;1
6559;205;171;127;land;false;plains;1
6560;226;188;224;land;true;plains;1
6561;231;135;235;land;false;plains;1
6562;158;237;160;land;false;plains;1
6563;167;159;239;land;true;plains;1
6564;220;250;124;land;false;plains;1
6565;242;163;179;land;false;plains;1
6566;213;156;227;land;false;plains;1
6567;81;251;225;land;true;plains;1
6568;137;241;241;land;false;plains;1
6569;144;211;183;land;false;plains;1
6570;177;153;184;land;false;urban;1
6571;107;178;244;land;false;plains;1
6572;232;133;211;land;false;plains;1
6573;215;242;242;land;false;plains;1
6574;210;235;132;land;false;plains;1
6575;174;225;187;land;true;plains;1
6576;142;218;186;land;false;plains;1
6577;110;168;238;land;false;plains;1
6578;142;211;170;land;false;plains;1
6579;160;164;250;land;false;plains;1
6580;223;214;219;land;false;plains;1
6581;168;157;179;land;false;plains;1
6582;27;235;252;land;true;plains;1
6583;175;223;106;land;true;plains;1
6584;133;186;252;land;false;plains;1
6585;169;224;223;land;false;plains;1
6586;97;194;227;land;false;plains;1
6587;197;92;223;land;false;plains;1
6588;234;230;223;land;false;plains;1
6589;235;206;182;land;false;plains;1
6590;160;235;253;land;false;plains;1
6591;180;164;186;land;false;plains;1
6592;136;170;233;land;false;plains;1
6593;185;113;233;land;false;plains;1
6594;201;138;201;land;false;plains;1
6595;167;245;134;land;true;plains;1
6596;141;250;164;land;false;plains;1
6597;246;193;69;land;false;plains;1
6598;218;121;222;land;false;plains;1
6599;150;242;160;land;false;plains;1
6600;135;220;159;land;false;plains;1
6601;227;190;197;land;false;plains;1
6602;190;246;253;land;false;plains;1
6603;122;227;169;land;false;plains;1
6604;66;215;239;land;false;plains;1
6605;156;253;92;land;false;plains;1
6606;221;231;227;land;false;plains;1
6607;226;94;238;land;false;plains;1
6608;203;88;253;land;false;plains;1
6609;163;233;124;land;false;plains;1
6610;201;228;224;land;false;plains;1
6611;197;206;120;land;false;plains;1
6612;192;230;203;land;false;plains;1
6613;176;214;216;land;false;plains;1
6614;112;252;150;land;false;plains;1
6615;247;80;200;land;false;plains;1
6616;171;208;144;land;false;plains;1
6617;185;137;243;land;false;plains;1
6618;62;246;220;land;false;plains;1
6619;201;250;200;land;false;plains;1
6620;250;242;129;land;true;plains;1
6621;226;243;68;land;true;plains;1
6622;242;147;237;land;false;plains;1
6623;188;213;188;land;false;plains;1
6624;237;243;170;land;false;plains;1
6625;182;235;244;land;false;plains;1
6626;201;187;132;land;true;plains;1
6627;170;243;145;land;true;plains;1
6628;195;195;173;land;false;plains;1
6629;222;54;249;land;false;plains;1
6630;85;205;246;land;true;plains;1
6631;148;131;232;land;false;plains;1
6632;165;194;234;land;false;plains;1
6633;215;214;164;land;false;plains;1
6634;222;221;66;land;false;plains;1
6635;191;237;194;land;false;plains;1
6636;153;250;203;land;false;plains;1
6637;244;161;210;land;false;plains;1
6638;204;254;129;land;false;plains;1
6639;187;232;136;land;false;plains;1
6640;240;239;191;land;false;plains;1
6641;179;158;184;land;false;plains;1
6642;225;192;233;land;false;plains;1
6643;231;200;178;land;false;plains;1
6644;240;238;205;land;false;plains;1
6645;226;70;234;land;false;plains;1
6646;234;252;128;land;false;plains;1
6647;206;195;244;land;false;plains;1
6648;150;241;225;land;false;plains;1
6649;170;140;219;land;false;plains;1
6650;183;241;116;land;false;plains;1
6651;72;226;234;land;true;plains;1
6652;91;242;223;land;false;plains;1
6653;163;183;192;land;false;plains;1
6654;192;230;186;land;false;plains;1
6655;250;148;103;land;false;plains;1
6656;226;231;199;land;false;plains;1
6657;244;238;61;land;false;plains;1
6658;23;244;239;land;false;plains;1
6659;149;237;247;land;false;plains;1
6660;205;154;145;land;false;plains;1
6661;61;230;213;land;false;plains;1
6662;252;168;90;land;false;plains;1
6663;172;223;208;land;false;plains;1
6664;146;154;226;land;false;plains;1
6665;148;130;245;land;false;plains;1
6666;228;230;172;land;false;plains;1
6667;218;166;152;land;false;plains;1
6668;244;166;129;land;false;plains;1
6669;185;82;239;land;false;plains;1
6670;240;128;149;land;false;plains;1
6671;197;188;196;land;false;plains;1
6672;217;218;90;land;false;plains;1
6673;227;201;240;land;false;plains;1
6674;172;207;196;land;false;plains;1
6675;226;238;132;land;false;plains;1
6676;25;241;250;land;false;plains;1
6677;231;249;158;land;false;plains;1
6678;71;210;225;land;false;plains;1
6679;230;236;105;land;false;plains;1
6680;166;229;161;land;false;plains;1
6681;254;191;61;land;false;plains;1
6682;216;119;193;land;false;plains;1
6683;253;196;155;land;false;plains;1
6684;190;218;136;land;false;plains;1
6685;153;244;215;land;false;plains;1
6686;205;237;219;land;false;plains;1
6687;237;216;113;land;false;plains;1
6688;169;109;235;land;false;plains;1
6689;189;242;215;land;false;plains;1
6690;136;196;194;land;false;plains;1
6691;177;162;243;land;false;plains;1
6692;234;141;238;land;false;plains;1
6693;248;58;236;land;false;plains;1
6694;249;146;248;land;false;plains;1
6695;86;182;237;land;false;plains;1
6696;159;234;252;land;true;plains;1
6697;193;142;167;land;false;plains;1
6698;244;240;177;land;false;plains;1
6699;137;252;249;land;false;plains;1
6700;203;217;167;land;false;plains;1
6701;146;192;192;land;false;plains;1
6702;195;142;164;land;false;plains;1
6703;218;164;134;land;false;plains;1
6704;209;215;247;land;false;plains;1
6705;250;209;244;land;false;plains;1
6706;230;248;253;land;false;plains;1
6707;155;229;222;land;false;plains;1
6708;162;175;219;land;false;plains;1
6709;227;158;133;land;false;plains;1
6710;131;199;244;land;false;plains;1
6711;214;198;227;land;true;plains;1
6712;99;187;236;land;false;plains;1
6713;89;183;246;land;false;plains;1
6714;176;170;210;land;false;plains;1
6715;161;191;182;land;false;plains;1
6716;219;162;238;land;false;plains;1
6717;244;76;221;land;false;plains;1
6718;152;137;229;land;false;plains;1
6719;244;248;195;land;false;plains;1
6720;231;241;30;land;false;plains;1
6721;237;194;97;land;false;plains;1
6722;207;50;252;land;false;plains;1
6723;209;213;144;land;false;plains;1
6724;202;253;188;land;false;plains;1
6725;228;230;93;land;false;plains;1
6726;176;241;212;land;false;plains;1
6727;132;172;220;land;false;plains;1
6728;204;175;232;land;false;plains;1
6729;240;217;202;land;false;plains;1
6730;233;69;215;land;false;plains;1
6731;190;103;215;land;false;plains;1
6732;159;211;178;land;false;plains;1
6733;210;248;218;land;false;plains;1
6734;107;239;155;land;false;plains;1
6735;249;89;220;land;false;plains;1
6736;121;218;169;land;false;plains;1
6737;191;243;153;land;false;plains;1
6738;128;184;190;land;true;plains;1
6739;206;233;80;land;true;plains;1
6740;85;214;215;land;false;plains;1
6741;116;250;145;land;true;plains;1
6742;122;194;190;land;false;plains;1
6743;191;166;184;land;false;plains;1
6744;192;237;251;land;false;plains;1
6745;145;192;180;land;false;plains;1
6746;184;221;204;land;false;plains;1
6747;166;156;253;land;false;plains;1
6748;233;35;252;land;false;plains;1
6749;171;224;127;land;false;plains;1
6750;231;108;236;land;true;plains;1
6751;212;150;185;land;false;plains;1
6752;239;146;234;land;false;plains;1
6753;188;193;203;land;false;plains;1
6754;226;184;126;land;false;plains;1
6755;210;124;197;land;true;plains;1
6756;34;247;236;land;false;plains;1
6757;203;70;236;land;false;plains;1
6758;153;246;233;land;false;plains;1
6759;237;90;198;land;false;plains;1
6760;191;175;171;land;false;plains;1
6761;190;182;192;land;false;plains;1
6762;66;253;231;land;false;plains;1
6763;235;207;95;land;true;plains;1
6764;125;146;236;land;false;plains;1
6765;86;184;250;land;false;plains;1
6766;168;252;162;land;false;plains;1
6767;190;64;248;land;false;plains;1
6768;206;209;137;land;false;plains;1
6769;230;150;125;land;false;plains;1
6770;113;214;205;land;false;plains;1
6771;117;222;249;land;false;plains;1
6772;203;110;204;land;false;plains;1
6773;206;186;222;land;false;plains;1
6774;171;252;186;land;false;plains;1
6775;138;226;184;land;false;plains;1
6776;171;231;103;land;false;plains;1
6777;247;192;234;land;false;plains;1
6778;192;245;190;land;false;plains;1
6779;231;178;97;land;false;plains;1
6780;193;117;226;land;false;plains;1
6781;242;146;150;land;false;plains;1
6782;213;232;61;land;false;plains;1
6783;232;240;35;land;false;plains;1
6784;188;186;150;land;false;plains;1
6785;219;138;215;land;false;plains;1
6786;105;243;194;land;false;plains;1
6787;200;159;176;land;false;plains;1
6788;160;173;218;land;false;plains;1
6789;117;224;173;land;true;plains;1
6790;221;197;193;land;false;plains;1
6791;240;221;85;land;false;plains;1
6792;196;247;231;land;true;plains;1
6793;190;145;204;land;false;plains;1
6794;223;212;219;land;false;plains;1
6795;7;252;253;land;false;plains;1
6796;237;252;118;land;false;plains;1
6797;202;216;170;land;true;plains;1
6798;208;122;253;land;false;plains;1
6799;200;220;113;land;false;plains;1
6800;149;233;157;land;false;plains;1
6801;178;201;190;land;false;plains;1
6802;166;158;250;land;false;plains;1
6803;150;193;223;land;false;plains;1
6804;241;191;193;land;false;plains;1
6805;240;202;113;land;false;plains;1
6806;182;152;192;land;false;plains;1
6807;218;218;196;land;false;plains;1
6808;234;169;189;land;false;plains;1
6809;145;249;152;land;false;plains;1
6810;234;174;126;land;false;plains;1
6811;240;135;159;land;false;plains;1
6812;197;233;229;land;false;plains;1
6813;147;224;139;land;false;plains;1
6814;249;179;220;land;false;plains;1
6815;166;202;250;land;false;plains;1
6816;186;114;211;land;false;plains;1
6817;229;113;163;land;false;plains;1
6818;239;91;193;land;false;plains;1
6819;169;137;238;land;false;plains;1
6820;233;245;24;land;false;plains;1
6821;197;149;193;land;false;plains;1
6822;213;143;211;land;true;plains;1
6823;155;197;163;land;false;plains;1
6824;161;188;169;land;false;plains;1
6825;155;240;203;land;false;plains;1
6826;130;218;176;land;true;plains;1
6827;236;236;143;land;false;plains;1
6828;136;251;216;land;false;plains;1
6829;152;202;238;land;false;plains;1
6830;225;192;154;land;false;plains;1
6831;242;223;66;land;true;plains;1
6832;73;218;214;land;false;plains;1
6833;141;240;223;land;false;plains;1
6834;99;253;156;land;false;plains;1
6835;245;175;221;land;false;plains;1
6836;218;198;236;land;false;plains;1
6837;195;174;213;land;false;plains;1
6838;236;238;247;land;false;plains;1
6839;234;244;194;land;false;plains;1
6840;86;219;240;land;false;plains;1
6841;183;187;143;land;false;plains;1
6842;154;251;208;land;false;plains;1
6843;173;205;203;land;false;plains;1
6844;208;215;116;land;false;plains;1
6845;214;140;157;land;false;plains;1
6846;240;207;146;land;false;plains;1
6847;174;208;217;land;false;plains;1
6848;156;144;229;land;false;plains;1
6849;82;237;212;land;false;plains;1
6850;202;247;135;land;false;plains;1
6851;127;246;138;land;false;plains;1
6852;243;236;74;land;false;plains;1
6853;243;190;130;land;false;plains;1
6854;215;180;223;land;false;plains;1
6855;148;165;231;land;true;plains;1
6856;192;98;214;land;false;plains;1
6857;155;222;223;land;false;plains;1
6858;231;138;137;land;false;plains;1
6859;38;234;241;land;false;plains;1
6860;232;192;97;land;false;plains;1
6861;182;162;202;land;false;plains;1
6862;242;192;153;land;false;plains;1
6863;198;176;145;land;false;plains;1
6864;252;47;221;land;false;plains;1
6865;219;157;242;land;false;plains;1
6866;229;213;186;land;false;plains;1
6867;185;203;185;land;false;plains;1
6868;226;175;253;land;true;plains;1
6869;115;217;219;land;false;plains;1
6870;164;172;206;land;false;plains;1
6871;243;253;65;land;false;plains;1
6872;134;251;139;land;false;plains;1
6873;205;124;243;land;false;plains;1
6874;246;193;71;land;false;plains;1
6875;178;201;136;land;false;plains;1
6876;245;167;187;land;false;plains;1
6877;166;197;142;land;false;plains;1
6878;223;67;225;land;true;plains;1
6879;71;253;243;land;false;plains;1
6880;230;77;235;land;false;plains;1
6881;83;239;210;land;false;plains;1
6882;213;187;158;land;false;plains;1
6883;209;248;221;land;false;plains;1
6884;235;186;248;land;false;plains;1
6885;176;253;234;land;false;plains;1
6886;243;245;246;land;false;plains;1
6887;196;206;216;land;false;plains;1
6888;163;197;148;land;false;plains;1
6889;149;251;201;land;true;plains;1
6890;151;232;186;land;false;plains;1
6891;236;200;97;land;false;plains;1
6892;121;169;220;land;false;plains;1
6893;248;40;224;land;false;plains;1
6894;98;224;247;land;false;plains;1
6895;251;173;238;land;false;plains;1
6896;233;247;100;land;false;plains;1
6897;156;187;228;land;false;plains;1
6898;249;150;121;land;false;plains;1
6899;246;225;77;land;false;plains;1
6900;177;87;248;land;false;plains;1
6901;111;232;241;land;false;plains;1
6902;200;93;240;land;false;plains;1
6903;196;177;156;land;false;plains;1
6904;229;198;244;land;false;plains;1
6905;230;135;175;land;false;plains;1
6906;229;143;181;land;false;plains;1
6907;197;120;198;land;false;plains;1
6908;233;216;57;land;false;plains;1
6909;249;252;152;land;false;plains;1
6910;250;200;228;land;false;plains;1
6911;224;199;88;land;false;plains;1
6912;200;162;200;land;false;plains;1
6913;247;146;201;land;false;plains;1
6914;222;109;177;land;true;plains;1
6915;221;235;118;land;false;plains;1
6916;70;220;251;land;true;plains;1
6917;196;234;166;land;true;plains;1
6918;233;197;207;land;false;plains;1
6919;78;218;208;land;false;plains;1
6920;210;207;236;land;false;plains;1
6921;186;132;211;land;false;plains;1
6922;211;199;236;land;false;plains;1
6923;187;128;205;land;false;plains;1
6924;155;245;176;land;false;plains;1
6925;246;217;211;land;false;plains;1
6926;146;250;167;land;false;plains;1
6927;124;220;232;land;false;plains;1
6928;147;242;235;land;false;plains;1
6929;230;184;147;land;true;plains;1
6930;222;207;137;land;false;plains;1
6931;244;203;143;land;false;plains;1
6932;123;227;193;land;false;plains;1
6933;161;218;234;land;false;plains;1
6934;208;226;102;land;false;plains;1
6935;174;190;143;land;false;plains;1
6936;254;222;150;land;false;plains;1
6937;249;129;211;land;false;plains;1
6938;234;197;83;land;false;plains;1
6939;216;225;94;land;false;plains;1
6940;230;248;146;land;false;plains;1
6941;218;50;248;land;false;plains;1
6942;121;216;237;land;true;plains;1
6943;171;225;121;land;false;plains;1
6944;133;192;225;land;false;plains;1
6945;190;146;201;land;false;plains;1
6946;186;137;204;land;false;plains;1
6947;228;65;219;land;false;plains;1
6948;196;202;218;land;false;plains;1
6949;253;90;158;land;false;plains;1
6950;119;215;196;land;false;plains;1
6951;248;84;193;land;false;plains;1
6952;212;143;216;land;true;plains;1
6953;201;133;228;land;false;plains;1
6954;194;105;231;land;false;plains;1
6955;129;175;243;land;false;plains;1
6956;231;89;197;land;false;plains;1
6957;228;62;246;land;false;plains;1
6958;213;217;96;land;true;plains;1
6959;200;185;238;land;false;plains;1
6960;175;150;204;land;false;plains;1
6961;194;220;130;land;false;plains;1
6962;244;237;23;land;false;plains;1
6963;239;82;227;land;false;plains;1
6964;206;243;98;land;false;plains;1
6965;179;247;129;land;false;plains;1
6966;251;120;141;land;false;plains;1
6967;249;158;238;land;false;plains;1
6968;187;187;229;land;false;plains;1
6969;204;205;198;land;false;plains;1
6970;157;251;201;land;false;plains;1
6971;185;105;229;land;false;plains;1
6972;200;233;184;land;false;plains;1
6973;153;191;164;land;false;plains;1
6974;209;251;79;land;false;plains;1
6975;224;238;182;land;false;plains;1
6976;150;161;240;land;false;plains;1
6977;206;139;212;land;false;plains;1
6978;185;144;233;land;false;plains;1
6979;221;249;31;land;false;plains;1
6980;218;79;206;land;false;plains;1
6981;176;97;239;land;false;plains;1
6982;212;207;234;land;false;plains;1
6983;151;218;147;land;true;plains;1
6984;151;228;126;land;false;plains;1
6985;148;216;219;land;false;plains;1
6986;250;211;98;land;false;plains;1
6987;171;142;206;land;false;plains;1
6988;133;224;169;land;false;plains;1
6989;112;195;226;land;true;plains;1
6990;161;218;238;land;false;plains;1
6991;205;241;63;land;false;plains;1
6992;30;252;252;land;false;plains;1
6993;212;189;127;land;false;plains;1
6994;140;140;223;land;true;plains;1
6995;133;202;231;land;false;plains;1
6996;133;212;231;land;false;plains;1
6997;46;243;241;land;false;plains;1
6998;112;196;244;land;false;plains;1
6999;232;193;242;land;false;plains;1
7000;193;86;224;land;false;plains;1
7001;185;243;227;land;false;plains;1
7002;162;177;193;land;false;plains;1
7003;250;226;203;land;false;plains;1
7004;232;246;44;land;false;plains;1
7005;254;126;153;land;false;plains;1
7006;253;172;216;land;false;plains;1
7007;158;243;238;land;false;plains;1
7008;222;130;201;land;false;plains;1
7009;250;121;187;land;false;plains;1
7010;208;234;111;land;false;plains;1
7011;200;133;190;land;false;plains;1
7012;223;126;251;land;false;plains;1
7013;224;249;209;land;false;plains;1
7014;226;215;62;land;false;plains;1
7015;111;189;247;land;true;plains;1
7016;99;204;246;land;false;plains;1
7017;177;169;184;land;false;plains;1
7018;223;215;139;land;false;plains;1
7019;209;236;97;land;false;plains;1
7020;165;206;213;land;false;plains;1
7021;185;85;253;land;false;plains;1
7022;185;198;190;land;false;plains;1
7023;188;73;241;land;false;plains;1
7024;192;248;251;land;false;plains;1
7025;149;227;127;land;false;plains;1
7026;204;77;250;land;false;plains;1
7027;144;247;142;land;false;plains;1
7028;210;195;213;land;false;plains;1
7029;212;112;223;land;false;plains;1
7030;137;200;166;land;false;plains;1
7031;205;243;106;land;false;plains;1
7032;219;207;82;land;false;plains;1
7033;157;244;161;land;false;plains;1
7034;197;148;253;land;false;plains;1
7035;148;117;244;land;false;plains;1
7036;185;149;197;land;false;plains;1
7037;247;61;194;land;false;plains;1
7038;227;120;227;land;false;plains;1
7039;248;252;94;land;false;plains;1
7040;109;235;157;land;false;plains;1
7041;246;229;143;land;false;plains;1
7042;247;144;122;land;false;plains;1
7043;251;165;213;land;false;plains;1
7044;102;189;221;land;false;plains;1
7045;115;209;205;land;false;plains;1
7046;248;158;132;land;false;plains;1
7047;223;249;119;land;false;plains;1
7048;253;94;240;land;false;plains;1
7049;246;205;131;land;true;plains;1
7050;193;250;78;land;false;plains;1
7051;152;182;233;land;false;plains;1
7052;226;25;251;land;false;plains;1
7053;213;68;248;land;false;plains;1
7054;178;179;188;land;false;plains;1
7055;207;241;103;land;false;plains;1
7056;180;252;199;land;false;plains;1
7057;251;137;157;land;false;plains;1
7058;234;40;241;land;false;plains;1
7059;241;143;234;land;false;plains;1
7060;251;190;97;land;false;plains;1
7061;239;160;250;land;false;plains;1
7062;68;229;217;land;false;plains;1
7063;216;140;237;land;false;plains;1
7064;251;238;58;land;false;plains;1
7065;134;226;212;land;false;plains;1
7066;180;106;215;land;true;plains;1
7067;90;241;180;land;false;plains;1
7068;174;231;167;land;false;plains;1
7069;217;176;131;land;false;plains;1
7070;180;240;204;land;false;plains;1
7071;206;118;247;land;false;plains;1
7072;243;228;59;land;false;plains;1
7073;118;188;226;land;false;plains;1
7074;230;39;243;land;false;plains;1
7075;229;134;205;land;false;plains;1
7076;158;207;178;land;false;plains;1
7077;183;185;204;land;false;plains;1
7078;231;101;177;land;false;plains;1
7079;197;132;178;land;false;plains;1
7080;241;182;156;land;false;plains;1
7081;190;242;200;land;false;plains;1
7082;220;217;75;land;false;plains;1
7083;242;215;214;land;false;plains;1
7084;245;88;168;land;true;plains;1
7085;151;194;204;land;false;plains;1
7086;246;232;74;land;true;plains;1
7087;204;180;238;land;false;plains;1
7088;194;154;225;land;false;plains;1
7089;161;202;246;land;false;plains;1
7090;175;213;203;land;true;plains;1
7091;203;253;91;land;false;plains;1
7092;213;216;233;land;false;plains;1
7093;176;236;242;land;false;plains;1
7094;192;209;127;land;false;plains;1
7095;109;221;194;land;false;plains;1
7096;114;243;194;land;false;plains;1
7097;137;189;208;land;false;plains;1
7098;163;139;209;land;false;plains;1
7099;173;227;119;land;true;plains;1
7100;74;235;244;land;false;plains;1
7101;242;217;70;land;false;plains;1
7102;209;241;72;land;false;plains;1
7103;180;162;232;land;false;plains;1
7104;182;228;102;land;false;plains;1
7105;205;234;172;land;false;plains;1
7106;192;251;196;land;false;plains;1
7107;180;178;177;land;false;plains;1
7108;138;166;207;land;false;plains;1
7109;202;207;168;land;false;plains;1
7110;176;235;171;land;false;plains;1
7111;86;178;245;land;false;plains;1
7112;133;215;157;land;false;plains;1
7113;226;181;231;land;false;plains;1
7114;172;200;149;land;false;plains;1
7115;213;254;133;land;false;plains;1
7116;229;249;212;land;false;plains;1
7117;242;251;175;land;false;plains;1
7118;207;241;242;land;false;plains;1
7119;168;160;177;land;true;plains;1
7120;192;107;220;land;false;plains;1
7121;109;226;254;land;false;plains;1
7122;138;248;253;land;false;plains;1
7123;151;175;222;land;false;plains;1
7124;200;143;158;land;false;plains;1
7125;220;230;127;land;true;plains;1
7126;213;104;220;land;false;plains;1
7127;207;123;250;land;false;plains;1
7128;45;237;250;land;false;plains;1
7129;229;141;210;land;true;plains;1
7130;157;180;165;land;false;plains;1
7131;162;155;217;land;false;plains;1
7132;138;165;241;land;false;plains;1
7133;231;166;214;land;true;plains;1
7134;242;79;238;land;false;plains;1
7135;209;213;126;land;true;plains;1
7136;126;194;218;land;false;plains;1
7137;204;174;220;land;false;plains;1
7138;180;185;245;land;false;plains;1
7139;239;225;95;land;false;plains;1
7140;181;197;213;land;false;plains;1
7141;107;216;187;land;false;plains;1
7142;108;210;185;land;false;plains;1
7143;187;197;179;land;false;plains;1
7144;250;122;246;land;false;plains;1
7145;183;186;204;land;false;plains;1
7146;254;143;148;land;false;plains;1
7147;199;223;242;land;false;plains;1
7148;155;203;217;land;false;plains;1
7149;188;65;252;land;false;plains;1
7150;87;247;222;land;false;plains;1
7151;106;192;227;land;false;plains;1
7152;200;198;228;land;false;plains;1
7153;104;194;209;land;false;plains;1
7154;245;148;111;land;false;plains;1
7155;224;46;233;land;false;plains;1
7156;202;233;214;land;false;plains;1
7157;128;180;212;land;false;plains;1
7158;105;246;203;land;false;plains;1
7159;63;241;229;land;false;plains;1
7160;205;139;194;land;false;plains;1
7161;227;239;227;land;false;plains;1
7162;105;211;254;land;false;plains;1
7163;184;207;143;land;false;plains;1
7164;206;122;227;land;false;plains;1
7165;247;193;180;land;false;plains;1
7166;197;91;233;land;false;plains;1
7167;240;203;118;land;false;plains;1
7168;241;81;240;land;false;plains;1
7169;241;223;117;land;false;plains;1
7170;188;76;247;land;false;plains;1
7171;198;168;136;land;false;plains;1
7172;234;234;166;land;false;plains;1
7173;201;153;171;land;false;plains;1
7174;130;169;225;land;false;plains;1
7175;104;216;188;land;false;plains;1
7176;248;44;248;land;false;plains;1
7177;245;154;224;land;false;plains;1
7178;103;252;205;land;false;plains;1
7179;242;85;190;land;false;plains;1
7180;153;249;125;land;true;plains;1
7181;216;56;240;land;false;plains;1
7182;155;241;135;land;false;plains;1
7183;177;186;172;land;false;plains;1
7184;206;253;153;land;false;plains;1
7185;106;223;225;land;false;plains;1
7186;254;180;222;land;false;plains;1
7187;201;226;106;land;false;plains;1
7188;184;157;195;land;false;plains;1
7189;112;230;163;land;false;plains;1
7190;206;170;166;land;false;plains;1
7191;91;189;228;land;false;plains;1
7192;249;195;154;land;false;plains;1
7193;239;231;153;land;false;plains;1
7194;118;224;213;land;false;plains;1
7195;224;113;179;land;false;plains;1
7196;128;229;211;land;false;plains;1
7197;239;166;229;land;false;plains;1
7198;187;164;168;land;false;plains;1
7199;203;218;169;land;false;plains;1
7200;194;203;216;land;true;plains;1
7201;242;203;91;land;false;plains;1
7202;202;243;166;land;false;plains;1
7203;215;250;106;land;false;plains;1
7204;213;137;209;land;false;plains;1
7205;104;252;235;land;false;plains;1
7206;251;56;236;land;false;plains;1
7207;251;253;169;land;false;plains;1
7208;242;106;215;land;false;plains;1
7209;240;184;208;land;false;plains;1
7210;111;235;241;land;false;plains;1
7211;231;93;179;land;false;plains;1
7212;161;245;186;land;false;plains;1
7213;206;254;109;land;false;plains;1
7214;216;204;160;land;false;plains;1
7215;254;162;214;land;false;plains;1
7216;130;201;253;land;false;plains;1
7217;211;120;178;land;false;plains;1
7218;243;237;190;land;false;plains;1
7219;253;231;251;land;false;plains;1
7220;155;205;186;land;false;plains;1
7221;249;149;122;land;false;plains;1
7222;170;174;193;land;false;plains;1
7223;225;133;204;land;false;plains;1
7224;222;205;141;land;false;plains;1
7225;174;212;185;land;false;plains;1
7226;218;229;238;land;false;plains;1
7227;253;118;193;land;false;plains;1
7228;243;201;174;land;false;plains;1
7229;112;203;235;land;false;plains;1
7230;170;215;217;land;false;plains;1
7231;202;236;243;land;false;plains;1
7232;174;249;115;land;false;plains;1
7233;156;214;222;land;false;plains;1
7234;223;213;220;land;false;plains;1
7235;250;100;193;land;false;plains;1
7236;253;164;254;land;false;plains;1
7237;169;212;216;land;false;plains;1
7238;226;231;130;land;true;plains;1
7239;242;120;189;land;false;plains;1
7240;185;236;155;land;true;plains;1
7241;207;232;91;land;false;plains;1
7242;137;224;152;land;false;plains;1
7243;208;141;177;land;false;plains;1
7244;171;138;221;land;false;plains;1
7245;178;107;223;land;false;plains;1
7246;215;154;230;land;false;plains;1
7247;221;194;230;land;true;plains;1
7248;228;161;222;land;false;plains;1
7249;128;206;185;land;false;plains;1
7250;88;241;242;land;false;plains;1
7251;168;246;220;land;false;plains;1
7252;199;232;111;land;false;plains;1
7253;202;205;204;land;false;plains;1
7254;164;135;207;land;false;plains;1
7255;228;127;188;land;false;plains;1
7256;230;250;112;land;false;plains;1
7257;213;91;254;land;false;plains;1
7258;195;226;113;land;false;plains;1
7259;193;216;209;land;false;plains;1
7260;215;166;181;land;false;plains;1
7261;177;205;218;land;false;plains;1
7262;225;82;201;land;false;plains;1
7263;239;179;91;land;false;plains;1
7264;240;170;248;land;false;plains;1
7265;252;209;42;land;false;plains;1
7266;152;242;122;land;false;plains;1
7267;114;249;209;land;false;plains;1
7268;182;131;241;land;true;plains;1
7269;145;188;248;land;false;plains;1
7270;229;197;250;land;false;plains;1
7271;243;161;125;land;false;plains;1
7272;218;237;175;land;false;plains;1
7273;223;189;112;land;false;plains;1
7274;206;131;220;land;false;plains;1
7275;82;232;236;land;false;plains;1
7276;208;243;95;land;false;plains;1
7277;238;247;87;land;false;plains;1
7278;127;188;244;land;false;plains;1
7279;217;196;169;land;false;plains;1
7280;200;134;170;land;false;plains;1
7281;246;211;153;land;true;plains;1
7282;230;58;228;land;false;plains;1
7283;217;179;142;land;false;plains;1
7284;157;171;214;land;false;plains;1
7285;86;178;239;land;true;plains;1
7286;225;151;146;land;true;plains;1
7287;235;181;148;land;false;plains;1
7288;136;248;241;land;false;plains;1
7289;182;159;251;land;false;plains;1
7290;231;98;223;land;false;plains;1
7291;253;238;92;land;false;plains;1
7292;202;228;144;land;false;plains;1
7293;229;167;107;land;false;plains;1
7294;215;75;222;land;false;plains;1
7295;232;209;217;land;false;plains;1
7296;199;234;198;land;false;plains;1
7297;176;240;144;land;false;plains;1
7298;185;149;214;land;false;plains;1
7299;246;246;29;land;false;plains;1
7300;234;216;139;land;false;plains;1
7301;230;191;102;land;false;plains;1
7302;161;186;223;land;false;plains;1
7303;214;206;175;land;false;plains;1
7304;48;208;251;land;false;plains;1
7305;241;175;154;land;false;plains;1
7306;143;229;253;land;false;plains;1
7307;159;199;197;land;false;plains;1
7308;209;224;92;land;false;plains;1
7309;128;238;233;land;false;plains;1
7310;128;150;227;land;false;plains;1
7311;118;246;167;land;false;plains;1
7312;236;230;181;land;false;plains;1
7313;177;141;213;land;false;plains;1
7314;250;253;80;land;false;plains;1
7315;253;34;220;land;false;plains;1
7316;117;185;211;land;false;plains;1
7317;202;241;118;land;false;plains;1
7318;89;183;236;land;false;plains;1
7319;247;31;247;land;false;plains;1
7320;167;182;218;land;false;plains;1
7321;206;74;232;land;false;plains;1
7322;253;150;248;land;false;plains;1
7323;252;80;220;land;false;plains;1
7324;198;204;131;land;false;plains;1
7325;84;207;218;land;false;plains;1
7326;225;25;252;land;false;plains;1
7327;212;162;164;land;false;plains;1
7328;83;247;173;land;false;plains;1
7329;207;214;156;land;false;plains;1
7330;236;150;233;land;false;plains;1
7331;236;229;131;land;true;plains;1
7332;248;109;211;land;false;plains;1
7333;178;213;194;land;false;plains;1
7334;244;61;220;land;true;plains;1
7335;224;154;196;land;false;plains;1
7336;129;203;196;land;false;plains;1
7337;232;119;152;land;true;plains;1
7338;167;158;236;land;false;plains;1
7339;218;222;195;land;false;plains;1
7340;251;50;231;land;false;plains;1
7341;244;232;228;land;false;plains;1
7342;214;174;138;land;false;plains;1
7343;166;173;227;land;true;plains;1
7344;254;167;104;land;false;plains;1
7345;196;162;169;land;false;plains;1
7346;253;29;220;land;false;plains;1
7347;68;221;217;land;false;plains;1
7348;164;207;200;land;false;plains;1
7349;181;204;216;land;false;plains;1
7350;221;228;82;land;false;plains;1
7351;239;79;249;land;false;plains;1
7352;141;181;181;land;false;plains;1
7353;226;207;216;land;false;plains;1
7354;250;154;233;land;false;plains;1
7355;178;175;186;land;false;plains;1
7356;233;212;197;land;false;plains;1
7357;227;96;191;land;false;plains;1
7358;177;123;232;land;true;plains;1
7359;233;182;238;land;false;plains;1
7360;92;244;217;land;false;plains;1
7361;135;241;127;land;false;plains;1
7362;134;215;234;land;false;plains;1
7363;252;223;53;land;false;plains;1
7364;164;234;237;land;false;plains;1
7365;246;109;231;land;false;plains;1
7366;200;139;206;land;false;plains;1
7367;252;61;216;land;false;plains;1
7368;175;239;229;land;false;plains;1
7369;108;228;202;land;false;plains;1
7370;233;249;42;land;false;plains;1
7371;165;197;246;land;false;plains;1
7372;104;204;223;land;false;plains;1
7373;249;243;141;land;false;plains;1
7374;234;126;188;land;false;plains;1
7375;127;248;191;land;true;plains;1
7376;227;163;128;land;false;plains;1
7377;233;199;95;land;false;plains;1
7378;222;236;120;land;false;plains;1
7379;146;241;159;land;false;plains;1
7380;186;177;228;land;false;plains;1
7381;150;223;234;land;false;plains;1
7382;232;205;97;land;false;plains;1
7383;188;251;190;land;true;plains;1
7384;192;226;96;land;true;plains;1
7385;213;106;231;land;false;plains;1
7386;117;211;231;land;false;plains;1
7387;189;239;152;land;false;plains;1
7388;57;250;234;land;false;plains;1
7389;238;219;204;land;false;plains;1
7390;206;204;141;land;false;plains;1
7391;233;207;232;land;false;plains;1
7392;159;244;133;land;false;plains;1
7393;22;233;252;land;false;plains;1
7394;243;76;252;land;false;plains;1
7395;233;203;192;land;false;plains;1
7396;151;227;242;land;false;plains;1
7397;196;194;143;land;false;plains;1
7398;66;204;251;land;false;plains;1
7399;199;142;242;land;false;plains;1
7400;254;232;48;land;false;plains;1
7401;143;166;208;land;false;plains;1
7402;42;227;244;land;false;plains;1
7403;245;159;173;land;false;plains;1
7404;193;233;137;land;false;plains;1
7405;167;128;249;land;false;plains;1
7406;228;68;221;land;false;plains;1
7407;236;107;171;land;false;plains;1
7408;244;219;50;land;false;plains;1
7409;126;236;218;land;false;plains;1
7410;189;168;211;land;false;plains;1
7411;72;241;243;land;false;plains;1
7412;198;253;217;land;false;plains;1
7413;220;223;150;land;false;plains;1
7414;187;243;127;land;false;plains;1
7415;203;125;249;land;false;plains;1
7416;120;240;210;land;false;plains;1
7417;227;239;215;land;false;plains;1
7418;191;224;241;land;false;plains;1
7419;241;253;121;land;false;plains;1
7420;146;174;206;land;false;plains;1
7421;197;204;136;land;false;plains;1
7422;229;204;163;land;false;plains;1
7423;160;224;249;land;false;plains;1
7424;241;252;223;land;false;plains;1
7425;205;221;213;land;true;plains;1
7426;89;234;209;land;false;plains;1
7427;254;238;233;land;false;plains;1
7428;207;218;104;land;false;plains;1
7429;204;188;170;land;false;plains;1
7430;186;238;174;land;false;plains;1
7431;232;254;192;land;false;plains;1
7432;139;197;166;land;false;plains;1
7433;233;228;104;land;false;plains;1
7434;248;99;234;land;false;plains;1
7435;244;49;234;land;false;plains;1
7436;225;230;133;land;false;plains;1
7437;176;177;219;land;false;plains;1
7438;54;242;231;land;false;plains;1
7439;147;187;172;land;false;plains;1
7440;203;168;254;land;false;plains;1
7441;185;198;135;land;false;plains;1
7442;169;145;188;land;false;plains;1
7443;171;252;138;land;false;plains;1
7444;225;158;254;land;true;plains;1
7445;150;219;189;land;false;plains;1
7446;210;188;113;land;false;plains;1
7447;219;251;243;land;false;urban;1
7448;236;210;189;land;false;plains;1
7449;198;215;164;land;true;plains;1
7450;245;83;224;land;false;plains;1
7451;156;213;159;land;false;plains;1
7452;103;251;191;land;false;plains;1
7453;245;186;240;land;false;plains;1
7454;202;164;210;land;false;plains;1
7455;39;245;232;land;false;plains;1
7456;213;97;199;land;false;plains;1
7457;232;164;105;land;false;plains;1
7458;175;164;250;land;false;plains;1
7459;225;99;246;land;false;plains;1
7460;248;199;67;land;false;plains;1
7461;174;200;228;land;false;plains;1
7462;228;193;175;land;false;plains;1
7463;146;199;200;land;false;plains;1
7464;126;162;228;land;false;plains;1
7465;197;172;134;land;true;plains;1
7466;57;251;227;land;false;plains;1
7467;144;179;224;land;false;plains;1
7468;245;239;194;land;false;plains;1
7469;242;213;220;land;false;plains;1
7470;247;234;232;land;false;plains;1
7471;236;230;105;land;true;plains;1
7472;148;242;196;land;false;plains;1
7473;187;173;182;land;false;plains;1
7474;250;179;140;land;false;plains;1
7475;238;130;245;land;false;plains;1
7476;218;174;204;land;false;plains;1
7477;222;79;241;land;true;plains;1
7478;177;106;239;land;false;plains;1
7479;249;230;53;land;false;plains;1
7480;226;217;233;land;false;plains;1
7481;202;248;67;land;false;plains;1
7482;98;201;218;land;false;plains;1
7483;242;227;245;land;false;plains;1
7484;221;147;165;land;false;plains;1
7485;246;85;194;land;false;plains;1
7486;169;247;190;land;false;plains;1
7487;124;244;244;land;false;plains;1
7488;179;94;240;land;false;plains;1
7489;247;70;198;land;true;plains;1
7490;100;244;244;land;false;plains;1
7491;250;166;93;land;false;plains;1
7492;105;220;198;land;false;plains;1
7493;201;234;138;land;false;plains;1
7494;235;103;164;land;false;plains;1
7495;186;215;138;land;false;plains;1
7496;236;119;150;land;false;plains;1
7497;250;146;238;land;false;plains;1
7498;99;205;222;land;false;plains;1
7499;163;190;211;land;false;plains;1
7500;150;173;213;land;false;plains;1
7501;132;166;228;land;false;plains;1
7502;249;162;228;land;true;plains;1
7503;211;199;95;land;false;plains;1
7504;27;248;246;land;false;plains;1
7505;210;161;172;land;false;plains;1
7506;207;248;250;land;false;plains;1
7507;173;154;223;land;false;plains;1
7508;162;187;158;land;false;plains;1
7509;248;156;189;land;false;plains;1
7510;242;250;191;land;false;plains;1
7511;184;178;205;land;false;plains;1
7512;38;224;239;land;false;plains;1
7513;206;251;95;land;false;plains;1
7514;153;179;230;land;true;plains;1
7515;227;76;236;land;false;plains;1
7516;234;175;161;land;false;plains;1
7517;219;254;88;land;true;plains;1
7518;241;211;242;land;false;plains;1
7519;197;203;188;land;false;plains;1
7520;88;178;235;land;false;plains;1
7521;195;222;128;land;false;plains;1
7522;86;231;239;land;false;plains;1
7523;85;173;245;land;false;plains;1
7524;196;219;202;land;false;plains;1
7525;250;139;150;land;false;plains;1
7526;214;196;235;land;false;plains;1
7527;220;243;103;land;false;plains;1
7528;227;138;181;land;false;plains;1
7529;78;222;240;land;false;plains;1
7530;165;183;245;land;false;plains;1
7531;148;207;201;land;false;plains;1
7532;201;228;238;land;false;plains;1
7533;215;218;252;land;true;plains;1
7534;186;171;204;land;false;plains;1
7535;236;225;229;land;false;plains;1
7536;185;233;217;land;false;plains;1
7537;211;159;240;land;false;plains;1
7538;102;205;237;land;true;plains;1
7539;83;217;210;land;false;plains;1
7540;246;242;239;land;false;plains;1
7541;207;108;206;land;false;plains;1
7542;230;170;150;land;false;plains;1
7543;229;149;234;land;false;plains;1
7544;185;226;132;land;false;plains;1
7545;203;193;136;land;false;plains;1
7546;145;235;173;land;false;plains;1
7547;186;145;214;land;false;plains;1
7548;171;209;219;land;false;plains;1
7549;210;142;178;land;false;plains;1
7550;147;192;221;land;false;plains;1
7551;89;223;218;land;false;plains;1
7552;242;48;254;land;false;plains;1
7553;251;170;243;land;false;plains;1
7554;237;231;58;land;false;plains;1
7555;234;76;203;land;false;plains;1
7556;245;227;220;land;false;plains;1
7557;225;84;248;land;false;plains;1
7558;181;150;191;land;false;plains;1
7559;77;196;241;land;true;plains;1
7560;74;220;237;land;false;plains;1
7561;132;222;202;land;true;plains;1
7562;146;244;213;land;false;plains;1
7563;169;170;225;land;false;plains;1
7564;209;214;185;land;false;plains;1
7565;159;227;204;land;false;plains;1
7566;173;199;230;land;false;plains;1
7567;133;193;186;land;false;plains;1
7568;217;111;242;land;false;plains;1
7569;222;233;206;land;false;plains;1
7570;218;163;178;land;false;plains;1
7571;251;219;86;land;false;plains;1
7572;233;195;157;land;false;plains;1
7573;127;250;132;land;false;plains;1
7574;254;226;50;land;false;plains;1
7575;75;222;208;land;false;plains;1
7576;105;254;213;land;false;plains;1
7577;244;252;161;land;false;plains;1
7578;237;218;158;land;false;plains;1
7579;251;163;188;land;false;plains;1
7580;201;244;250;land;false;plains;1
7581;134;145;248;land;false;plains;1
7582;250;176;128;land;false;plains;1
7583;205;230;241;land;false;plains;1
7584;180;192;147;land;false;plains;1
7585;168;245;115;land;true;plains;1
7586;242;189;143;land;false;plains;1
7587;246;197;114;land;false;plains;1
7588;218;252;48;land;false;plains;1
7589;243;188;226;land;false;plains;1
7590;140;191;188;land;true;plains;1
7591;190;250;225;land;false;plains;1
7592;243;134;144;land;false;plains;1
7593;241;244;47;land;false;plains;1
7594;253;228;183;land;false;plains;1
7595;231;191;150;land;false;plains;1
7596;163;251;156;land;false;plains;1
7597;244;78;213;land;false;plains;1
7598;190;94;251;land;false;plains;1
7599;195;109;243;land;false;plains;1
7600;131;196;217;land;false;plains;1
7601;131;183;209;land;false;plains;1
7602;69;253;236;land;false;plains;1
7603;132;209;199;land;false;plains;1
7604;214;224;110;land;false;plains;1
7605;154;224;163;land;false;plains;1
7606;224;248;233;land;false;plains;1
7607;220;185;251;land;false;plains;1
7608;201;247;188;land;false;plains;1
7609;241;164;123;land;false;plains;1
7610;242;198;161;land;false;plains;1
7611;28;237;252;land;false;plains;1
7612;124;207;232;land;true;plains;1
7613;244;141;184;land;false;plains;1
7614;172;222;179;land;true;plains;1
7615;234;189;200;land;false;plains;1
7616;166;217;157;land;false;plains;1
7617;186;86;238;land;false;plains;1
7618;214;234;56;land;false;plains;1
7619;170;223;116;land;false;plains;1
7620;213;138;226;land;false;plains;1
7621;253;229;39;land;false;plains;1
7622;190;245;99;land;false;plains;1
7623;169;202;169;land;false;plains;1
7624;206;128;238;land;false;plains;1
7625;246;135;121;land;true;plains;1
7626;234;248;249;land;false;plains;1
7627;99;246;215;land;false;plains;1
7628;151;220;208;land;false;plains;1
7629;207;90;211;land;false;plains;1
7630;156;153;253;land;false;plains;1
7631;85;231;200;land;false;plains;1
7632;167;233;129;land;false;plains;1
7633;211;74;226;land;false;plains;1
7634;242;199;156;land;true;plains;1
7635;204;150;250;land;false;plains;1
7636;173;164;190;land;false;plains;1
7637;205;222;198;land;false;plains;1
7638;159;238;123;land;false;plains;1
7639;103;245;173;land;true;plains;1
7640;213;219;98;land;false;plains;1
7641;237;197;68;land;false;plains;1
7642;209;184;176;land;false;plains;1
7643;156;140;234;land;false;plains;1
7644;137;155;234;land;false;plains;1
7645;147;249;178;land;false;plains;1
7646;216;148;239;land;false;plains;1
7647;217;229;201;land;false;plains;1
7648;175;81;246;land;false;plains;1
7649;237;84;182;land;false;plains;1
7650;193;168;203;land;false;plains;1
7651;250;42;221;land;false;plains;1
7652;197;232;236;land;false;plains;1
7653;188;149;225;land;false;plains;1
7654;202;105;239;land;false;plains;1
7655;244;195;132;land;false;plains;1
7656;178;236;109;land;false;plains;1
7657;140;214;236;land;false;plains;1
7658;213;69;232;land;false;plains;1
7659;142;244;240;land;false;plains;1
7660;51;225;246;land;false;plains;1
7661;217;106;205;land;false;plains;1
7662;212;100;242;land;false;plains;1
7663;223;165;238;land;false;plains;1
7664;109;234;165;land;false;plains;1
7665;146;222;189;land;false;plains;1
7666;190;201;121;land;false;plains;1
7667;109;196;206;land;false;plains;1
7668;206;150;219;land;false;plains;1
7669;233;221;79;land;false;plains;1
7670;93;244;198;land;false;plains;1
7671;202;118;232;land;true;plains;1
7672;132;247;254;land;true;plains;1
7673;218;219;249;land;true;plains;1
7674;66;221;243;land;true;plains;1
7675;182;152;179;land;true;plains;1
7676;67;230;225;land;true;plains;1
7677;190;231;161;land;true;plains;1
7678;211;239;158;land;true;plains;1
7679;223;254;221;land;true;plains;1
7680;162;185;175;land;true;plains;1
7681;196;239;132;land;true;plains;1
7682;189;196;155;land;false;plains;1
7683;242;135;214;land;false;plains;1
7684;233;140;199;land;true;plains;1
7685;232;120;250;land;false;plains;1
7686;193;211;110;land;true;plains;1
7687;226;50;235;land;false;plains;1
7688;240;207;65;land;false;plains;1
7689;229;158;186;land;true;plains;1
7690;181;197;208;land;true;plains;1
7691;253;194;169;land;true;plains;1
7692;250;99;237;land;true;plains;1
7693;238;142;126;land;true;plains;1
7694;174;161;190;land;false;plains;1
7695;202;231;223;land;false;plains;1
7696;235;131;178;land;false;plains;1
7697;224;75;202;land;false;plains;1
7698;242;230;184;land;true;plains;1
7699;166;114;235;land;false;plains;1
7700;177;173;161;land;false;plains;1
7701;236;247;149;land;false;plains;1
7702;169;246;203;land;false;plains;1
7703;160;254;114;land;false;plains;1
7704;226;219;252;land;true;plains;1
7705;141;217;198;land;false;plains;1
7706;217;206;224;land;false;plains;1
7707;251;229;143;land;true;plains;1
7708;218;191;225;land;false;plains;1
7709;152;169;199;land;false;plains;1
7710;132;227;200;land;false;plains;1
7711;125;244;214;land;false;plains;1
7712;226;228;189;land;true;plains;1
7713;233;234;226;land;false;plains;1
7714;251;216;138;land;true;plains;1
7715;242;217;50;land;true;plains;1
7716;221;254;232;land;false;plains;1
7717;210;229;153;land;true;plains;1
7718;245;153;177;land;true;plains;1
7719;159;184;251;land;false;plains;1
7720;172;229;210;land;false;plains;1
7721;217;119;181;land;false;plains;1
7722;103;250;227;land;false;plains;1
7723;247;216;232;land;true;plains;1
7724;229;163;158;land;false;plains;1
7725;213;219;140;land;false;plains;1
7726;250;31;231;land;false;plains;1
7727;245;219;155;land;false;plains;1
7728;233;226;96;land;false;plains;1
7729;243;80;219;land;false;plains;1
7730;210;244;207;land;false;plains;1
7731;254;142;111;land;false;plains;1
7732;128;202;220;land;false;plains;1
7733;204;229;214;land;false;plains;1
7734;201;194;110;land;false;plains;1
7735;197;208;232;land;false;plains;1
7736;100;207;205;land;false;plains;1
7737;35;246;240;land;false;plains;1
7738;223;230;87;land;false;plains;1
7739;241;172;154;land;false;plains;1
7740;127;154;229;land;false;plains;1
7741;242;249;92;land;false;plains;1
7742;196;82;229;land;false;plains;1
7743;195;190;171;land;true;plains;1
7744;178;182;213;land;false;plains;1
7745;161;238;225;land;false;plains;1
7746;223;247;243;land;false;plains;1
7747;227;244;113;land;false;plains;1
7748;244;211;251;land;true;plains;1
7749;193;208;132;land;false;plains;1
7750;213;186;111;land;false;plains;1
7751;228;99;245;land;false;plains;1
7752;129;186;216;land;false;plains;1
7753;154;207;157;land;false;plains;1
7754;228;226;245;land;false;plains;1
7755;239;118;248;land;false;plains;1
7756;184;115;248;land;false;plains;1
7757;212;224;251;land;false;plains;1
7758;211;107;216;land;false;plains;1
7759;230;129;170;land;true;plains;1
7760;163;235;172;land;false;plains;1
7761;217;83;210;land;false;plains;1
7762;90;252;203;land;false;plains;1
7763;180;202;157;land;false;plains;1
7764;182;242;160;land;false;plains;1
7765;241;220;53;land;true;plains;1
7766;168;186;201;land;false;plains;1
7767;227;192;235;land;false;plains;1
7768;147;219;216;land;false;plains;1
7769;253;112;171;land;false;plains;1
7770;83;234;235;land;false;plains;1
7771;152;119;243;land;false;plains;1
7772;210;151;194;land;true;plains;1
7773;217;190;251;land;false;plains;1
7774;194;149;219;land;false;plains;1
7775;203;153;239;land;false;plains;1
7776;94;238;235;land;false;plains;1
7777;203;218;218;land;false;plains;1
7778;176;254;100;land;true;plains;1
7779;203;233;104;land;false;plains;1
7780;118;241;208;land;false;plains;1
7781;214;148;182;land;false;plains;1
7782;240;117;179;land;false;plains;1
7783;85;224;223;land;false;plains;1
7784;248;223;149;land;false;plains;1
7785;240;56;225;land;false;plains;1
7786;252;197;239;land;false;plains;1
7787;244;190;206;land;false;plains;1
7788;176;176;155;land;false;plains;1
7789;53;240;224;land;true;plains;1
7790;223;250;213;land;false;plains;1
7791;245;160;115;land;false;plains;1
7792;205;105;197;land;false;plains;1
7793;248;61;211;land;false;plains;1
7794;225;145;186;land;false;plains;1
7795;193;110;215;land;false;plains;1
7796;131;159;229;land;false;plains;1
7797;81;213;232;land;false;plains;1
7798;200;147;214;land;false;plains;1
7799;129;212;166;land;true;plains;1
7800;211;232;193;land;true;plains;1
7801;155;226;243;land;false;plains;1
7802;183;213;195;land;false;plains;1
7803;190;225;94;land;false;plains;1
7804;246;138;186;land;false;plains;1
7805;238;236;28;land;false;plains;1
7806;220;215;136;land;false;plains;1
7807;98;236;233;land;false;plains;1
7808;173;185;193;land;false;plains;1
7809;182;163;171;land;false;plains;1
7810;197;221;190;land;false;plains;1
7811;234;138;136;land;false;plains;1
7812;88;171;251;land;false;plains;1
7813;240;227;127;land;false;plains;1
7814;212;195;211;land;false;plains;1
7815;218;174;193;land;false;plains;1
7816;247;246;10;land;false;plains;1
7817;149;127;240;land;false;plains;1
7818;212;158;179;land;false;plains;1
7819;180;240;216;land;false;plains;1
7820;72;204;251;land;false;plains;1
7821;119;230;234;land;false;plains;1
7822;211;187;135;land;false;plains;1
7823;230;91;251;land;false;plains;1
7824;61;248;250;land;false;plains;1
7825;84;244;173;land;false;plains;1
7826;162;235;153;land;false;plains;1
7827;160;176;214;land;false;plains;1
7828;192;83;233;land;false;plains;1
7829;240;247;55;land;false;plains;1
7830;236;200;66;land;true;plains;1
7831;207;137;250;land;false;plains;1
7832;192;125;195;land;false;plains;1
7833;249;230;233;land;false;plains;1
7834;184;212;172;land;false;plains;1
7835;169;235;127;land;false;plains;1
7836;253;222;207;land;false;plains;1
7837;212;233;240;land;false;plains;1
7838;211;190;130;land;false;plains;1
7839;177;187;227;land;false;plains;1
7840;191;222;174;land;false;plains;1
7841;186;165;213;land;false;plains;1
7842;247;211;125;land;false;plains;1
7843;245;159;167;land;false;plains;1
7844;159;174;212;land;false;plains;1
7845;176;235;231;land;false;plains;1
7846;246;173;152;land;false;plains;1
7847;135;217;191;land;false;plains;1
7848;126;183;204;land;false;plains;1
7849;126;226;187;land;false;plains;1
7850;201;244;106;land;false;plains;1
7851;233;175;174;land;false;plains;1
7852;180;244;159;land;false;plains;1
7853;180;155;223;land;false;plains;1
7854;212;174;147;land;false;plains;1
7855;141;216;167;land;false;plains;1
7856;191;225;143;land;false;plains;1
7857;195;170;150;land;false;plains;1
7858;236;220;214;land;false;plains;1
7859;254;195;146;land;false;plains;1
7860;92;204;223;land;false;plains;1
7861;241;156;199;land;false;plains;1
7862;248;189;192;land;true;plains;1
7863;239;123;249;land;false;plains;1
7864;218;250;248;land;false;plains;1
7865;178;137;210;land;false;plains;1
7866;174;238;127;land;false;plains;1
7867;161;166;223;land;false;plains;1
7868;237;249;80;land;false;plains;1
7869;235;51;240;land;false;plains;1
7870;253;60;225;land;false;plains;1
7871;113;236;213;land;false;plains;1
7872;182;222;204;land;false;plains;1
7873;159;246;106;land;false;plains;1
7874;156;196;175;land;false;plains;1
7875;245;195;162;land;true;plains;1
7876;246;253;164;land;false;plains;1
7877;226;246;166;land;false;plains;1
7878;254;239;224;land;false;plains;1
7879;248;132;224;land;false;plains;1
7880;83;244;237;land;false;plains;1
7881;236;216;232;land;false;plains;1
7882;24;241;242;land;false;plains;1
7883;240;36;254;land;false;plains;1
7884;203;181;169;land;false;plains;1
7885;155;237;134;land;false;plains;1
7886;203;77;224;land;false;plains;1
7887;244;187;209;land;false;plains;1
7888;207;161;159;land;false;plains;1
7889;253;208;132;land;true;plains;1
7890;146;163;207;land;false;plains;1
7891;253;238;216;land;false;plains;1
7892;231;147;123;land;false;plains;1
7893;229;226;115;land;false;plains;1
7894;152;235;205;land;false;plains;1
7895;77;234;213;land;false;plains;1
7896;218;193;204;land;false;plains;1
7897;237;216;137;land;false;plains;1
7898;242;124;140;land;false;plains;1
7899;177;214;232;land;false;plains;1
7900;144;160;242;land;false;plains;1
7901;224;236;151;land;false;plains;1
7902;233;157;121;land;true;plains;1
7903;129;190;219;land;false;plains;1
7904;250;164;143;land;false;plains;1
7905;242;236;183;land;false;plains;1
7906;199;235;230;land;false;plains;1
7907;220;160;133;land;false;plains;1
7908;214;247;57;land;false;plains;1
7909;100;201;254;land;false;plains;1
7910;136;232;192;land;false;plains;1
7911;189;224;100;land;false;plains;1
7912;176;101;247;land;false;plains;1
7913;171;254;106;land;false;plains;1
7914;185;150;219;land;false;plains;1
7915;237;236;199;land;true;plains;1
7916;108;196;250;land;false;plains;1
7917;216;168;231;land;false;plains;1
7918;209;173;217;land;false;plains;1
7919;218;221;119;land;false;plains;1
7920;233;190;149;land;false;plains;1
7921;168;166;211;land;false;plains;1
7922;105;226;230;land;false;plains;1
7923;252;225;39;land;false;plains;1
7924;229;234;77;land;false;plains;1
7925;203;247;169;land;false;plains;1
7926;213;226;152;land;false;plains;1
7927;92;200;224;land;false;plains;1
7928;249;76;245;land;false;plains;1
7929;233;227;174;land;false;plains;1
7930;247;238;220;land;false;plains;1
7931;235;150;119;land;false;plains;1
7932;232;243;69;land;false;plains;1
7933;223;169;209;land;false;plains;1
7934;36;241;252;land;false;plains;1
7935;223;237;156;land;true;plains;1
7936;159;252;221;land;false;plains;1
7937;160;191;150;land;false;plains;1
7938;202;177;172;land;false;plains;1
7939;178;240;182;land;false;plains;1
7940;88;245;240;land;false;plains;1
7941;81;249;254;land;false;plains;1
7942;160;236;132;land;false;plains;1
7943;229;177;247;land;true;plains;1
7944;216;84;214;land;false;plains;1
7945;254;148;150;land;false;plains;1
7946;190;143;188;land;false;plains;1
7947;209;145;157;land;false;plains;1
7948;220;247;225;land;false;plains;1
7949;83;224;205;land;false;plains;1
7950;203;228;241;land;false;plains;1
7951;91;215;225;land;false;plains;1
7952;226;241;190;land;false;plains;1
7953;241;171;254;land;false;plains;1
7954;157;243;159;land;false;plains;1
7955;237;80;189;land;false;plains;1
7956;219;225;146;land;false;plains;1
7957;175;159;180;land;false;plains;1
7958;148;206;253;land;true;plains;1
7959;199;128;210;land;false;plains;1
7960;154;153;248;land;false;plains;1
7961;123;220;223;land;false;plains;1
7962;32;252;222;land;false;plains;1
7963;205;209;244;land;false;plains;1
7964;184;219;243;land;false;plains;1
7965;243;250;233;land;false;plains;1
7966;100;174;245;land;false;plains;1
7967;209;111;246;land;true;plains;1
7968;206;184;236;land;false;plains;1
7969;182;203;172;land;true;plains;1
7970;237;243;100;land;false;plains;1
7971;177;250;187;land;false;plains;1
7972;242;245;130;land;false;plains;1
7973;233;249;89;land;false;plains;1
7974;234;35;254;land;false;plains;1
7975;231;182;136;land;false;plains;1
7976;253;191;149;land;false;plains;1
7977;242;238;184;land;false;plains;1
7978;234;201;84;land;false;plains;1
7979;144;211;232;land;false;plains;1
7980;182;206;153;land;false;plains;1
7981;155;240;165;land;false;plains;1
7982;227;228;163;land;false;plains;1
7983;131;183;232;land;false;plains;1
7984;205;246;124;land;true;plains;1
7985;111;246;145;land;false;plains;1
7986;249;73;236;land;false;plains;1
7987;158;253;235;land;false;plains;1
7988;243;151;128;land;false;plains;1
7989;235;127;219;land;false;plains;1
7990;183;246;223;land;false;plains;1
7991;245;162;127;land;false;plains;1
7992;190;209;198;land;false;plains;1
7993;196;254;239;land;false;plains;1
7994;215;116;223;land;false;plains;1
7995;253;38;251;land;false;plains;1
7996;204;99;204;land;true;plains;1
7997;165;212;240;land;false;plains;1
7998;222;96;254;land;false;plains;1
7999;234;185;246;land;false;plains;1
8000;140;238;227;land;false;plains;1
8001;240;135;185;land;false;plains;1
8002;211;232;216;land;false;plains;1
8003;156;172;198;land;false;plains;1
8004;249;237;99;land;false;plains;1
8005;229;149;163;land;false;plains;1
8006;236;168;161;land;false;plains;1
8007;215;232;98;land;false;plains;1
8008;195;171;226;land;false;plains;1
8009;117;253;162;land;false;plains;1
8010;218;83;213;land;false;plains;1
8011;232;161;243;land;true;plains;1
8012;224;91;194;land;true;plains;1
8013;228;97;191;land;false;plains;1
8014;154;195;165;land;false;plains;1
8015;245;154;230;land;false;plains;1
8016;222;114;227;land;false;plains;1
8017;212;233;60;land;true;plains;1
8018;254;241;196;land;false;plains;1
8019;148;238;223;land;false;plains;1
8020;182;185;246;land;false;plains;1
8021;209;148;161;land;false;plains;1
8022;200;185;174;land;false;plains;1
8023;162;222;186;land;false;plains;1
8024;247;239;146;land;false;plains;1
8025;221;245;61;land;false;plains;1
8026;155;208;180;land;false;plains;1
8027;133;250;129;land;false;plains;1
8028;237;210;225;land;false;plains;1
8029;135;154;223;land;false;plains;1
8030;100;203;212;land;false;plains;1
8031;161;217;147;land;false;plains;1
8032;236;219;237;land;false;plains;1
8033;192;240;215;land;false;plains;1
8034;234;84;188;land;false;plains;1
8035;200;159;250;land;false;plains;1
8036;159;242;182;land;false;plains;1
8037;191;169;189;land;false;plains;1
8038;150;215;214;land;false;plains;1
8039;220;221;220;land;false;plains;1
8040;229;230;115;land;false;plains;1
8041;80;238;206;land;false;plains;1
8042;206;203;207;land;false;plains;1
8043;227;171;103;land;false;plains;1
8044;240;246;176;land;false;plains;1
8045;209;185;162;land;false;plains;1
8046;154;200;195;land;false;plains;1
8047;181;104;220;land;false;plains;1
8048;225;211;154;land;false;plains;1
8049;154;223;184;land;false;plains;1
8050;209;217;206;land;false;plains;1
8051;192;254;218;land;true;plains;1
8052;223;175;218;land;false;plains;1
8053;145;251;151;land;false;plains;1
8054;203;229;207;land;false;plains;1
8055;224;238;189;land;false;plains;1
8056;246;242;113;land;false;plains;1
8057;203;231;119;land;false;plains;1
8058;244;227;109;land;false;plains;1
8059;215;220;152;land;false;plains;1
8060;158;158;229;land;false;plains;1
8061;249;246;170;land;false;plains;1
8062;200;184;202;land;false;plains;1
8063;175;201;193;land;false;plains;1
8064;245;139;223;land;false;plains;1
8065;240;152;252;land;false;plains;1
8066;239;222;117;land;false;plains;1
8067;130;232;210;land;false;plains;1
8068;231;241;229;land;false;plains;1
8069;192;243;98;land;false;plains;1
8070;190;187;147;land;false;plains;1
8071;225;243;129;land;false;plains;1
8072;245;175;163;land;false;plains;1
8073;213;158;211;land;false;plains;1
8074;224;133;253;land;false;plains;1
8075;48;249;240;land;false;plains;1
8076;161;170;253;land;false;plains;1
8077;197;251;227;land;false;plains;1
8078;151;192;240;land;false;plains;1
8079;117;210;214;land;false;plains;1
8080;152;206;196;land;false;plains;1
8081;163;193;177;land;false;plains;1
8082;37;224;252;land;false;plains;1
8083;118;225;219;land;true;plains;1
8084;192;194;226;land;true;plains;1
8085;178;248;223;land;false;plains;1
8086;181;166;239;land;false;plains;1
8087;254;224;149;land;false;plains;1
8088;245;170;173;land;false;plains;1
8089;212;206;152;land;false;plains;1
8090;37;220;252;land;false;plains;1
8091;228;71;228;land;false;plains;1
8092;207;247;249;land;false;plains;1
8093;176;134;222;land;false;plains;1
8094;169;125;224;land;false;plains;1
8095;238;249;89;land;true;plains;1
8096;254;70;186;land;false;plains;1
8097;86;204;231;land;false;plains;1
8098;189;174;149;land;false;plains;1
8099;92;217;205;land;false;plains;1
8100;198;207;185;land;false;plains;1
8101;93;182;231;land;false;plains;1
8102;247;101;189;land;false;plains;1
8103;215;232;225;land;false;plains;1
8104;233;180;201;land;false;plains;1
8105;238;195;247;land;false;plains;1
8106;206;76;254;land;false;plains;1
8107;164;146;218;land;false;plains;1
8108;212;177;227;land;false;plains;1
8109;193;154;180;land;false;plains;1
8110;221;149;204;land;false;plains;1
8111;216;187;115;land;false;plains;1
8112;199;172;132;land;false;plains;1
8113;142;245;228;land;true;plains;1
8114;240;179;170;land;false;plains;1
8115;237;210;218;land;false;plains;1
8116;182;216;229;land;true;plains;1
8117;184;242;198;land;false;plains;1
8118;208;162;230;land;false;plains;1
8119;234;175;99;land;false;plains;1
8120;236;237;81;land;false;plains;1
8121;242;222;129;land;false;plains;1
8122;128;217;170;land;true;plains;1
8123;237;207;124;land;false;plains;1
8124;250;125;207;land;false;plains;1
8125;234;78;238;land;false;plains;1
8126;152;225;183;land;false;plains;1
8127;187;176;190;land;false;plains;1
8128;183;223;191;land;false;plains;1
8129;190;100;244;land;false;plains;1
8130;173;183;223;land;false;plains;1
8131;140;157;230;land;false;plains;1
8132;254;84;239;land;false;plains;1
8133;196;221;237;land;false;plains;1
8134;102;214;248;land;true;plains;1
8135;245;135;241;land;false;plains;1
8136;126;203;233;land;false;plains;1
8137;208;243;251;land;false;plains;1
8138;170;232;238;land;false;plains;1
8139;233;100;241;land;false;plains;1
8140;143;236;200;land;false;plains;1
8141;151;167;240;land;false;plains;1
8142;164;146;230;land;false;plains;1
8143;223;235;195;land;false;plains;1
8144;77;190;245;land;false;plains;1
8145;167;151;213;land;false;plains;1
8146;254;216;218;land;true;plains;1
8147;144;178;231;land;false;plains;1
8148;210;191;225;land;false;plains;1
8149;140;210;225;land;false;plains;1
8150;235;129;190;land;false;plains;1
8151;253;211;229;land;false;plains;1
8152;194;220;139;land;false;plains;1
8153;187;216;246;land;false;plains;1
8154;177;153;200;land;false;plains;1
8155;144;251;240;land;false;plains;1
8156;240;89;194;land;false;plains;1
8157;240;243;115;land;false;plains;1
8158;144;184;180;land;false;plains;1
8159;196;200;144;land;false;plains;1
8160;188;241;145;land;false;plains;1
8161;232;203;232;land;false;plains;1
8162;122;234;201;land;false;plains;1
8163;127;196;245;land;false;plains;1
8164;171;240;126;land;false;plains;1
8165;242;112;234;land;false;plains;1
8166;223;234;219;land;false;plains;1
8167;210;235;80;land;false;plains;1
8168;191;199;181;land;false;plains;1
8169;168;241;102;land;false;plains;1
8170;155;192;221;land;false;plains;1
8171;253;247;157;land;true;plains;1
8172;153;192;165;land;false;plains;1
8173;234;251;49;land;false;plains;1
8174;242;197;67;land;false;plains;1
8175;208;129;213;land;false;plains;1
8176;213;68;242;land;false;plains;1
8177;122;218;176;land;false;plains;1
8178;239;215;186;land;false;plains;1
8179;215;187;109;land;false;plains;1
8180;149;177;238;land;false;plains;1
8181;100;215;235;land;false;plains;1
8182;138;253;128;land;false;plains;1
8183;216;204;194;land;false;plains;1
8184;167;240;160;land;false;plains;1
8185;248;234;85;land;false;plains;1
8186;217;228;204;land;false;plains;1
8187;245;146;244;land;false;plains;1
8188;251;149;166;land;false;plains;1
8189;218;122;222;land;false;plains;1
8190;217;204;123;land;false;plains;1
8191;250;201;248;land;true;plains;1
8192;206;81;241;land;false;plains;1
8193;250;241;99;land;false;plains;1
8194;178;177;241;land;false;plains;1
8195;157;223;165;land;false;plains;1
8196;139;248;209;land;false;plains;1
8197;245;252;193;land;true;plains;1
8198;238;168;99;land;false;plains;1
8199;164;140;245;land;true;plains;1
8200;232;187;210;land;false;plains;1
8201;176;118;247;land;false;plains;1
8202;104;224;186;land;false;plains;1
8203;183;198;176;land;true;plains;1
8204;113;183;251;land;true;plains;1
8205;143;243;230;land;false;plains;1
8206;249;68;191;land;false;plains;1
8207;227;247;177;land;true;plains;1
8208;165;252;99;land;true;plains;1
8209;237;193;245;land;false;plains;1
8210;247;57;247;land;false;plains;1
8211;228;127;239;land;false;plains;1
8212;195;214;196;land;false;plains;1
8213;179;214;119;land;false;plains;1
8214;225;169;147;land;false;plains;1
8215;172;155;211;land;true;plains;1
8216;165;226;243;land;false;plains;1
8217;254;13;245;land;false;plains;1
8218;247;195;118;land;false;plains;1
8219;223;207;152;land;true;plains;1
8220;176;252;250;land;true;plains;1
8221;247;110;221;land;false;plains;1
8222;250;20;249;land;false;plains;1
8223;237;248;124;land;false;plains;1
8224;250;184;136;land;false;plains;1
8225;227;232;157;land;false;plains;1
8226;250;254;136;land;false;plains;1
8227;108;254;180;land;false;plains;1
8228;209;234;232;land;true;plains;1
8229;127;228;169;land;false;plains;1
8230;116;186;237;land;true;plains;1
8231;141;234;223;land;false;plains;1
8232;144;241;168;land;false;plains;1
8233;82;251;235;land;false;plains;1
8234;139;227;208;land;false;plains;1
8235;182;146;199;land;true;plains;1
8236;192;234;181;land;false;plains;1
8237;242;139;254;land;false;plains;1
8238;162;232;184;land;false;plains;1
8239;225;148;141;land;false;plains;1
8240;161;245;229;land;false;plains;1
8241;168;229;172;land;true;plains;1
8242;245;200;117;land;false;plains;1
8243;189;208;209;land;true;plains;1
8244;185;131;209;land;false;plains;1
8245;254;184;155;land;false;plains;1
8246;203;237;127;land;false;plains;1
8247;223;243;103;land;false;plains;1
8248;211;220;246;land;false;plains;1
8249;208;167;161;land;false;plains;1
8250;211;170;173;land;true;plains;1
8251;187;138;203;land;true;plains;1
8252;169;115;252;land;false;plains;1
8253;235;239;146;land;false;plains;1
8254;211;183;224;land;false;plains;1
8255;68;249;199;land;true;plains;1
8256;251;245;86;land;true;plains;1
8257;112;229;164;land;false;plains;1
8258;180;220;170;land;false;plains;1
8259;165;180;176;land;true;plains;1
8260;239;150;161;land;false;plains;1
8261;215;114;223;land;false;plains;1
8262;201;239;131;land;true;plains;1
8263;209;220;131;land;false;plains;1
8264;240;73;244;land;false;plains;1
8265;123;156;231;land;false;plains;1
8266;130;152;241;land;true;plains;1
8267;217;136;172;land;false;plains;1
8268;133;211;173;land;true;plains;1
8269;235;158;143;land;false;plains;1
8270;205;161;180;land;false;plains;1
8271;224;203;154;land;true;plains;1
8272;212;253;103;land;false;plains;1
8273;87;191;230;land;false;plains;1
8274;181;128;222;land;true;plains;1
8275;229;225;253;land;false;plains;1
8276;117;220;246;land;false;plains;1
8277;111;201;232;land;true;plains;1
8278;169;147;217;land;true;plains;1
8279;170;237;106;land;false;plains;1
8280;55;253;239;land;false;plains;1
8281;209;195;221;land;false;plains;1
8282;166;174;184;land;false;plains;1
8283;203;162;158;land;false;plains;1
8284;184;216;144;land;false;plains;1
8285;230;206;248;land;false;plains;1
8286;150;231;178;land;false;plains;1
8287;211;137;163;land;false;plains;1
8288;242;127;137;land;true;plains;1
8289;229;181;160;land;true;plains;1
8290;197;224;158;land;false;plains;1
8291;166;199;243;land;false;plains;1
8292;238;194;118;land;false;plains;1
8293;220;170;113;land;false;plains;1
8294;216;241;139;land;false;plains;1
8295;87;237;210;land;false;plains;1
8296;136;160;229;land;false;plains;1
8297;164;217;179;land;false;plains;1
8298;226;184;217;land;false;plains;1
8299;107;250;220;land;true;plains;1
8300;169;199;143;land;false;plains;1
8301;176;128;211;land;true;plains;1
8302;226;98;208;land;false;plains;1
8303;151;201;185;land;false;plains;1
8304;196;122;221;land;false;plains;1
8305;217;157;167;land;false;plains;1
8306;217;109;198;land;true;plains;1
8307;152;191;221;land;false;plains;1
8308;206;194;184;land;true;plains;1
8309;184;131;228;land;false;plains;1
8310;72;244;231;land;false;plains;1
8311;104;192;236;land;false;plains;1
8312;145;187;204;land;false;plains;1
8313;227;242;146;land;false;plains;1
8314;226;170;144;land;false;plains;1
8315;228;199;93;land;false;plains;1
8316;189;244;115;land;true;plains;1
8317;121;239;154;land;true;plains;1
8318;135;185;183;land;false;plains;1
8319;170;157;210;land;false;plains;1
8320;201;150;239;land;false;plains;1
8321;185;242;251;land;false;plains;1
8322;253;120;217;land;false;plains;1
8323;104;231;219;land;false;plains;1
8324;90;240;214;land;true;plains;1
8325;186;228;219;land;false;plains;1
8326;218;177;119;land;false;plains;1
8327;172;180;213;land;false;plains;1
8328;127;202;186;land;false;plains;1
8329;119;195;231;land;false;plains;1
8330;219;227;209;land;true;plains;1
8331;140;200;219;land;false;plains;1
8332;230;247;220;land;false;plains;1
8333;245;187;118;land;false;plains;1
8334;180;218;221;land;false;plains;1
8335;165;249;151;land;false;plains;1
8336;253;214;241;land;false;plains;1
8337;88;199;214;land;false;plains;1
8338;126;240;175;land;false;plains;1
8339;249;201;77;land;false;plains;1
8340;118;253;210;land;true;plains;1
8341;246;208;201;land;false;plains;1
8342;205;157;231;land;false;plains;1
8343;232;211;104;land;false;plains;1
8344;206;165;192;land;false;plains;1
8345;69;244;250;land;false;plains;1
8346;170;129;253;land;false;plains;1
8347;218;202;245;land;false;plains;1
8348;204;234;165;land;false;plains;1
8349;126;251;224;land;true;plains;1
8350;207;183;193;land;false;plains;1
8351;124;156;221;land;false;plains;1
8352;193;241;118;land;false;plains;1
8353;252;133;125;land;false;plains;1
8354;197;243;182;land;false;plains;1
8355;164;243;129;land;false;plains;1
8356;145;253;225;land;false;plains;1
8357;55;244;242;land;false;plains;1
8358;91;202;226;land;false;plains;1
8359;209;235;103;land;false;plains;1
8360;242;230;238;land;true;plains;1
8361;36;240;254;land;false;plains;1
8362;142;166;236;land;true;plains;1
8363;251;205;50;land;false;plains;1
8364;186;198;185;land;false;plains;1
8365;186;160;214;land;false;plains;1
8366;239;201;177;land;false;plains;1
8367;201;65;251;land;false;plains;1
8368;210;173;169;land;false;plains;1
8369;191;182;213;land;false;plains;1
8370;208;184;250;land;true;plains;1
8371;78;222;206;land;false;plains;1
8372;223;177;169;land;false;plains;1
8373;220;225;210;land;false;plains;1
8374;244;172;122;land;false;plains;1
8375;219;206;221;land;false;plains;1
8376;172;232;168;land;false;plains;1
8377;202;250;204;land;false;plains;1
8378;64;224;241;land;true;plains;1
8379;200;190;239;land;true;plains;1
8380;220;165;199;land;false;plains;1
8381;254;252;234;land;false;plains;1
8382;238;217;85;land;true;plains;1
8383;236;246;240;land;false;plains;1
8384;165;123;236;land;true;plains;1
8385;224;242;67;land;false;plains;1
8386;169;167;173;land;false;plains;1
8387;242;175;223;land;true;plains;1
8388;130;235;208;land;false;plains;1
8389;233;253;21;land;false;plains;1
8390;246;232;75;land;true;plains;1
8391;180;210;132;land;false;plains;1
8392;242;163;242;land;true;plains;1
8393;253;251;107;land;true;plains;1
8394;104;175;237;land;false;plains;1
8395;225;243;83;land;false;plains;1
8396;146;154;217;land;true;plains;1
8397;218;135;243;land;false;plains;1
8398;243;153;179;land;false;plains;1
8399;180;232;123;land;false;plains;1
8400;237;249;246;land;false;plains;1
8401;153;137;250;land;false;plains;1
8402;219;115;170;land;false;plains;1
8403;243;133;148;land;true;plains;1
8404;168;243;183;land;true;plains;1
8405;203;130;200;land;false;plains;1
8406;248;98;209;land;false;plains;1
8407;247;150;243;land;false;plains;1
8408;225;171;241;land;false;plains;1
8409;194;211;249;land;false;plains;1
8410;186;91;252;land;false;plains;1
8411;151;162;188;land;false;plains;1
8412;227;234;143;land;false;plains;1
8413;128;246;169;land;false;plains;1
8414;245;34;226;land;false;plains;1
8415;223;198;195;land;false;plains;1
8416;159;147;229;land;false;plains;1
8417;230;171;169;land;false;plains;1
8418;77;252;248;land;false;plains;1
8419;123;190;199;land;false;plains;1
8420;248;190;141;land;false;plains;1
8421;116;250;177;land;false;plains;1
8422;227;44;248;land;true;plains;1
8423;146;228;153;land;false;plains;1
8424;254;124;160;land;false;plains;1
8425;247;102;243;land;false;plains;1
8426;206;136;206;land;false;plains;1
8427;183;146;243;land;false;plains;1
8428;238;184;241;land;false;plains;1
8429;81;239;245;land;false;plains;1
8430;212;137;193;land;false;plains;1
8431;152;229;248;land;false;plains;1
8432;238;184;188;land;true;plains;1
8433;170;218;125;land;false;plains;1
8434;131;135;250;land;false;plains;1
8435;251;169;196;land;false;plains;1
8436;208;237;230;land;false;plains;1
8437;209;124;210;land;false;plains;1
8438;212;197;225;land;false;plains;1
8439;172;248;207;land;false;plains;1
8440;248;222;225;land;false;plains;1
8441;198;170;190;land;false;plains;1
8442;94;199;229;land;true;plains;1
8443;238;206;245;land;false;plains;1
8444;236;106;190;land;false;plains;1
8445;232;246;212;land;false;plains;1
8446;246;158;146;land;false;plains;1
8447;130;216;243;land;false;plains;1
8448;241;141;227;land;false;plains;1
8449;174;214;254;land;false;plains;1
8450;226;98;203;land;true;plains;1
8451;130;195;235;land;false;plains;1
8452;245;196;90;land;true;plains;1
8453;196;238;77;land;false;plains;1
8454;228;231;55;land;false;plains;1
8455;185;227;183;land;false;plains;1
8456;240;204;247;land;false;plains;1
8457;239;173;91;land;false;plains;1
8458;229;184;170;land;false;plains;1
8459;237;132;165;land;false;plains;1
8460;168;247;232;land;false;plains;1
8461;222;104;244;land;false;plains;1
8462;178;163;222;land;false;plains;1
8463;152;245;120;land;false;plains;1
8464;232;217;85;land;false;plains;1
8465;147;209;227;land;false;plains;1
8466;216;179;253;land;false;plains;1
8467;249;200;57;land;false;plains;1
8468;222;137;167;land;false;plains;1
8469;211;249;179;land;false;plains;1
8470;164;228;196;land;false;plains;1
8471;129;244;236;land;false;plains;1
8472;253;235;126;land;false;plains;1
8473;223;189;153;land;false;plains;1
8474;128;230;177;land;false;plains;1
8475;235;227;234;land;false;plains;1
8476;115;214;241;land;false;plains;1
8477;233;40;254;land;false;plains;1
8478;45;225;253;land;false;plains;1
8479;239;234;113;land;false;plains;1
8480;174;154;239;land;false;plains;1
8481;230;240;193;land;false;plains;1
8482;41;230;237;land;false;plains;1
8483;97;226;243;land;false;plains;1
8484;245;189;127;land;false;plains;1
8485;144;165;242;land;false;plains;1
8486;254;252;108;land;false;plains;1
8487;136;250;205;land;false;plains;1
8488;137;235;145;land;false;plains;1
8489;205;94;234;land;false;plains;1
8490;196;203;151;land;true;plains;1
8491;248;201;187;land;false;plains;1
8492;203;245;151;land;false;plains;1
8493;187;253;112;land;false;plains;1
8494;152;208;222;land;false;plains;1
8495;227;236;57;land;true;plains;1
8496;244;116;184;land;false;plains;1
8497;213;160;132;land;false;plains;1
8498;142;235;147;land;false;plains;1
8499;211;123;235;land;false;plains;1
8500;240;221;151;land;false;plains;1
8501;205;229;68;land;false;plains;1
8502;149;132;231;land;false;plains;1
8503;163;237;144;land;false;plains;1
8504;160;225;142;land;false;plains;1
8505;248;245;91;land;false;plains;1
8506;146;244;202;land;false;plains;1
8507;74;253;198;land;false;plains;1
8508;227;251;29;land;false;plains;1
8509;169;245;182;land;false;plains;1
8510;141;234;215;land;false;plains;1
8511;152;197;175;land;false;plains;1
8512;105;204;213;land;false;plains;1
8513;248;156;231;land;false;plains;1
8514;126;214;194;land;false;plains;1
8515;161;137;241;land;false;plains;1
8516;242;161;162;land;false;plains;1
8517;214;136;205;land;false;plains;1
8518;84;243;239;land;false;plains;1
8519;200;243;177;land;false;plains;1
8520;239;245;150;land;false;plains;1
8521;187;178;162;land;false;plains;1
8522;122;194;187;land;false;plains;1
8523;184;109;239;land;false;plains;1
8524;221;171;171;land;false;plains;1
8525;130;250;207;land;false;plains;1
8526;199;163;141;land;false;plains;1
8527;173;234;135;land;false;plains;1
8528;116;220;246;land;false;plains;1
8529;214;116;214;land;false;plains;1
8530;133;227;145;land;false;plains;1
8531;175;220;203;land;false;plains;1
8532;213;187;156;land;false;plains;1
8533;236;154;200;land;false;plains;1
8534;230;154;149;land;false;plains;1
8535;194;151;180;land;false;plains;1
8536;195;168;196;land;false;plains;1
8537;200;208;160;land;false;plains;1
8538;166;186;243;land;true;plains;1
8539;249;83;180;land;false;plains;1
8540;73;246;182;land;false;plains;1
8541;195;200;110;land;false;plains;1
8542;189;246;130;land;false;plains;1
8543;247;167;137;land;false;plains;1
8544;189;236;181;land;false;plains;1
8545;248;149;170;land;false;plains;1
8546;198;203;161;land;false;plains;1
8547;224;83;208;land;false;plains;1
8548;218;120;232;land;false;plains;1
8549;149;213;193;land;false;plains;1
8550;220;245;114;land;false;plains;1
8551;251;197;144;land;false;plains;1
8552;208;173;154;land;false;plains;1
8553;194;206;231;land;false;plains;1
8554;161;245;235;land;false;plains;1
8555;186;95;222;land;false;plains;1
8556;232;70;234;land;false;plains;1
8557;233;128;227;land;false;plains;1
8558;170;248;87;land;false;plains;1
8559;163;207;190;land;false;plains;1
8560;168;205;198;land;false;plains;1
8561;165;208;217;land;false;plains;1
8562;122;184;211;land;false;plains;1
8563;233;246;130;land;false;plains;1
8564;177;133;233;land;false;plains;1
8565;176;244;162;land;false;plains;1
8566;222;254;75;land;false;plains;1
8567;173;130;225;land;false;plains;1
8568;223;132;188;land;false;plains;1
8569;203;189;120;land;false;plains;1
8570;167;148;224;land;false;plains;1
8571;254;157;199;land;true;plains;1
8572;243;245;254;land;false;plains;1
8573;147;208;166;land;false;plains;1
8574;217;162;173;land;false;plains;1
8575;217;242;74;land;false;plains;1
8576;197;222;120;land;false;plains;1
8577;165;251;195;land;false;plains;1
8578;16;247;242;land;true;plains;1
8579;97;226;239;land;false;plains;1
8580;239;112;167;land;false;plains;1
8581;168;239;179;land;false;plains;1
8582;226;195;126;land;false;plains;1
8583;202;187;155;land;false;plains;1
8584;221;248;116;land;false;plains;1
8585;214;185;226;land;false;plains;1
8586;164;205;197;land;false;plains;1
8587;141;238;138;land;false;plains;1
8588;216;99;229;land;false;plains;1
8589;230;211;119;land;false;plains;1
8590;153;143;227;land;false;plains;1
8591;252;216;133;land;false;plains;1
8592;242;131;163;land;true;plains;1
8593;219;193;104;land;false;plains;1
8594;245;220;228;land;false;plains;1
8595;249;135;189;land;false;plains;1
8596;179;168;154;land;false;plains;1
8597;156;179;197;land;false;plains;1
8598;205;188;118;land;false;plains;1
8599;177;219;136;land;false;plains;1
8600;136;178;235;land;true;plains;1
8601;239;221;91;land;false;plains;1
8602;159;150;231;land;false;plains;1
8603;217;80;207;land;false;plains;1
8604;203;164;162;land;false;plains;1
8605;211;244;190;land;false;plains;1
8606;214;130;244;land;false;plains;1
8607;125;185;230;land;false;plains;1
8608;219;189;184;land;false;plains;1
8609;137;186;250;land;false;plains;1
8610;232;218;194;land;false;plains;1
8611;244;205;166;land;false;plains;1
8612;134;214;184;land;false;plains;1
8613;236;254;163;land;false;plains;1
8614;231;229;97;land;false;plains;1
8615;162;198;220;land;false;plains;1
8616;165;152;208;land;false;plains;1
8617;230;173;123;land;false;plains;1
8618;188;200;130;land;false;plains;1
8619;172;192;223;land;false;plains;1
8620;181;211;203;land;true;plains;1
8621;242;147;150;land;false;plains;1
8622;231;179;214;land;false;plains;1
8623;220;224;194;land;false;plains;1
8624;246;36;230;land;false;plains;1
8625;119;232;229;land;false;plains;1
8626;198;208;240;land;false;plains;1
8627;245;143;139;land;false;plains;1
8628;86;253;251;land;false;plains;1
8629;216;208;188;land;false;plains;1
8630;175;251;93;land;false;plains;1
8631;233;245;172;land;false;plains;1
8632;60;210;237;land;false;plains;1
8633;219;133;157;land;false;plains;1
8634;184;214;231;land;false;plains;1
8635;126;193;186;land;false;plains;1
8636;148;230;221;land;false;plains;1
8637;248;209;84;land;false;plains;1
8638;168;215;209;land;false;plains;1
8639;118;173;229;land;false;plains;1
8640;155;208;217;land;false;plains;1
8641;253;218;85;land;false;plains;1
8642;168;242;145;land;false;plains;1
8643;250;225;179;land;false;plains;1
8644;217;234;148;land;false;plains;1
8645;215;124;237;land;true;plains;1
8646;186;189;205;land;false;plains;1
8647;208;195;131;land;false;plains;1
8648;231;47;228;land;false;plains;1
8649;114;175;245;land;false;plains;1
8650;242;251;27;land;false;plains;1
8651;219;76;210;land;false;plains;1
8652;169;219;122;land;false;plains;1
8653;242;239;195;land;false;plains;1
8654;253;173;189;land;true;plains;1
8655;233;57;228;land;false;plains;1
8656;187;203;219;land;false;plains;1
8657;169;174;183;land;false;plains;1
8658;220;71;218;land;false;plains;1
8659;147;233;151;land;false;plains;1
8660;88;240;199;land;false;plains;1
8661;77;221;232;land;false;plains;1
8662;235;231;182;land;false;plains;1
8663;242;202;168;land;false;plains;1
8664;112;251;224;land;false;plains;1
8665;183;154;187;land;false;plains;1
8666;213;136;218;land;false;plains;1
8667;221;181;215;land;true;plains;1
8668;152;232;227;land;false;plains;1
8669;237;108;193;land;false;plains;1
8670;157;193;153;land;false;plains;1
8671;178;136;254;land;false;plains;1
8672;234;240;93;land;false;plains;1
8673;245;107;217;land;false;plains;1
8674;209;171;210;land;false;plains;1
8675;224;157;198;land;false;plains;1
8676;36;222;247;land;false;plains;1
8677;241;235;193;land;false;plains;1
8678;191;237;96;land;false;plains;1
8679;209;161;154;land;false;plains;1
8680;253;241;197;land;false;plains;1
8681;159;245;98;land;false;plains;1
8682;185;173;212;land;false;plains;1
8683;197;117;189;land;false;plains;1
8684;172;217;187;land;false;plains;1
8685;216;168;192;land;false;plains;1
8686;249;51;229;land;false;plains;1
8687;212;150;159;land;false;plains;1
8688;123;217;234;land;false;plains;1
8689;80;170;253;land;false;plains;1
8690;228;155;183;land;false;plains;1
8691;180;229;168;land;false;plains;1
8692;205;192;238;land;false;plains;1
8693;190;158;186;land;false;plains;1
8694;174;186;211;land;false;plains;1
8695;250;176;133;land;false;plains;1
8696;234;123;163;land;false;plains;1
8697;117;212;223;land;false;plains;1
8698;197;217;224;land;false;plains;1
8699;161;145;222;land;false;plains;1
8700;199;252;109;land;false;plains;1
8701;218;239;205;land;false;plains;1
8702;216;203;217;land;false;plains;1
8703;176;221;235;land;false;plains;1
8704;96;195;236;land;true;plains;1
8705;193;190;165;land;false;plains;1
8706;197;110;207;land;false;plains;1
8707;188;253;132;land;false;plains;1
8708;240;126;236;land;false;plains;1
8709;146;234;121;land;false;plains;1
8710;246;212;247;land;false;plains;1
8711;120;251;225;land;false;plains;1
8712;221;168;145;land;false;plains;1
8713;162;149;232;land;false;plains;1
8714;244;167;103;land;true;plains;1
8715;209;167;142;land;false;plains;1
8716;189;230;152;land;false;plains;1
8717;201;192;192;land;false;plains;1
8718;182;205;120;land;false;plains;1
8719;99;197;228;land;false;plains;1
8720;209;148;183;land;false;plains;1
8721;186;169;253;land;false;plains;1
8722;182;177;193;land;false;plains;1
8723;150;250;153;land;false;plains;1
8724;153;204;165;land;false;plains;1
8725;219;252;227;land;false;plains;1
8726;197;169;141;land;false;plains;1
8727;252;136;203;land;false;plains;1
8728;109;199;217;land;false;plains;1
8729;96;174;240;land;false;plains;1
8730;225;241;165;land;false;plains;1
8731;233;250;250;land;false;plains;1
8732;194;139;253;land;false;plains;1
8733;246;99;160;land;false;plains;1
8734;235;33;246;land;false;plains;1
8735;142;205;254;land;false;plains;1
8736;177;251;164;land;false;plains;1
8737;252;129;224;land;false;plains;1
8738;223;108;232;land;true;plains;1
8739;152;182;169;land;false;plains;1
8740;227;171;215;land;false;plains;1
8741;200;239;228;land;false;plains;1
8742;142;240;234;land;false;plains;1
8743;69;190;247;land;false;plains;1
8744;204;66;246;land;false;plains;1
8745;134;187;237;land;false;plains;1
8746;65;231;215;land;false;plains;1
8747;238;122;162;land;true;plains;1
8748;216;130;161;land;false;plains;1
8749;73;219;234;land;false;plains;1
8750;233;206;196;land;false;plains;1
8751;214;217;175;land;false;plains;1
8752;120;213;228;land;false;plains;1
8753;181;194;184;land;false;plains;1
8754;185;114;211;land;false;plains;1
8755;215;174;200;land;false;plains;1
8756;157;224;254;land;false;plains;1
8757;200;178;206;land;false;plains;1
8758;228;237;163;land;true;plains;1
8759;140;187;185;land;false;plains;1
8760;244;124;223;land;false;plains;1
8761;201;198;208;land;false;plains;1
8762;177;205;128;land;false;plains;1
8763;153;251;219;land;false;plains;1
8764;223;195;108;land;false;plains;1
8765;113;174;245;land;false;plains;1
8766;188;246;190;land;false;plains;1
8767;192;216;224;land;false;plains;1
8768;197;159;244;land;false;plains;1
8769;159;229;247;land;false;plains;1
8770;206;204;134;land;false;plains;1
8771;212;94;208;land;false;plains;1
8772;126;142;235;land;false;plains;1
8773;241;199;234;land;false;plains;1
8774;178;253;131;land;false;plains;1
8775;147;213;203;land;false;plains;1
8776;181;225;153;land;false;plains;1
8777;242;120;147;land;false;plains;1
8778;137;204;219;land;false;plains;1
8779;234;224;192;land;false;plains;1
8780;233;218;153;land;true;plains;1
8781;235;100;215;land;true;plains;1
8782;180;212;136;land;false;plains;1
8783;225;176;213;land;false;plains;1
8784;146;245;230;land;false;plains;1
8785;196;199;162;land;false;plains;1
8786;74;245;253;land;false;plains;1
8787;155;204;241;land;false;plains;1
8788;223;202;106;land;false;plains;1
8789;55;211;235;land;false;plains;1
8790;155;179;200;land;false;plains;1
8791;195;94;219;land;false;plains;1
8792;211;219;193;land;false;plains;1
8793;214;186;159;land;false;plains;1
8794;161;143;235;land;false;plains;1
8795;200;247;139;land;false;plains;1
8796;236;200;83;land;false;plains;1
8797;44;253;233;land;false;plains;1
8798;201;243;144;land;false;plains;1
8799;190;243;231;land;false;plains;1
8800;158;132;213;land;false;plains;1
8801;188;170;199;land;false;plains;1
8802;229;181;254;land;false;plains;1
8803;137;188;237;land;false;plains;1
8804;233;189;222;land;false;plains;1
8805;182;128;226;land;false;plains;1
8806;240;219;127;land;false;plains;1
8807;57;238;224;land;false;plains;1
8808;230;105;231;land;false;plains;1
8809;208;187;249;land;false;plains;1
8810;226;235;222;land;false;plains;1
8811;149;175;184;land;false;plains;1
8812;217;187;121;land;false;plains;1
8813;203;121;214;land;false;plains;1
8814;167;167;198;land;false;plains;1
8815;207;179;189;land;false;plains;1
8816;227;92;197;land;true;plains;1
8817;143;213;205;land;false;plains;1
8818;254;254;249;land;false;plains;1
8819;229;216;135;land;false;plains;1
8820;220;211;233;land;false;plains;1
8821;223;204;74;land;false;plains;1
8822;247;220;139;land;false;plains;1
8823;192;200;182;land;false;plains;1
8824;95;212;203;land;false;plains;1
8825;214;198;127;land;false;plains;1
8826;238;253;92;land;true;plains;1
8827;189;179;186;land;false;plains;1
8828;240;154;129;land;false;plains;1
8829;182;189;131;land;false;plains;1
8830;242;56;254;land;false;plains;1
8831;78;195;246;land;false;plains;1
8832;214;242;207;land;false;plains;1
8833;230;173;195;land;false;plains;1
8834;119;226;159;land;false;plains;1
8835;163;248;100;land;false;plains;1
8836;248;219;102;land;false;plains;1
8837;245;6;251;land;false;plains;1
8838;252;195;168;land;false;plains;1
8839;180;180;242;land;false;plains;1
8840;248;140;184;land;false;plains;1
8841;241;237;122;land;false;plains;1
8842;237;38;228;land;false;plains;1
8843;49;230;238;land;false;plains;1
8844;202;187;121;land;false;plains;1
8845;90;183;240;land;false;plains;1
8846;157;232;188;land;false;plains;1
8847;122;203;218;land;false;plains;1
8848;248;213;140;land;false;plains;1
8849;234;224;43;land;false;plains;1
8850;225;237;165;land;false;plains;1
8851;74;250;247;land;false;plains;1
8852;227;142;228;land;false;plains;1
8853;233;192;166;land;false;plains;1
8854;231;236;44;land;false;plains;1
8855;97;227;253;land;false;plains;1
8856;228;91;231;land;false;plains;1
8857;33;231;238;land;false;plains;1
8858;237;144;151;land;false;plains;1
8859;197;174;242;land;false;plains;1
8860;241;169;132;land;false;plains;1
8861;152;218;231;land;false;plains;1
8862;164;219;230;land;false;plains;1
8863;149;168;207;land;false;plains;1
8864;249;249;6;land;false;plains;1
8865;250;171;251;land;true;plains;1
8866;217;198;200;land;false;urban;1
8867;211;216;93;land;false;plains;1
8868;237;243;206;land;false;plains;1
8869;239;247;112;land;false;plains;1
8870;235;190;94;land;false;plains;1
8871;233;207;188;land;false;plains;1
8872;219;211;122;land;false;plains;1
8873;252;224;124;land;false;plains;1
8874;251;33;218;land;true;plains;1
8875;138;252;114;land;false;plains;1
8876;246;111;203;land;false;plains;1
8877;205;130;241;land;true;plains;1
8878;136;198;198;land;false;plains;1
8879;220;203;137;land;false;plains;1
8880;130;205;167;land;false;plains;1
8881;218;216;201;land;false;plains;1
8882;173;175;232;land;false;plains;1
8883;217;185;148;land;false;plains;1
8884;189;226;125;land;true;plains;1
8885;211;225;167;land;false;plains;1
8886;203;231;125;land;false;plains;1
8887;46;242;213;land;false;plains;1
8888;217;150;242;land;false;plains;1
8889;195;95;240;land;false;plains;1
8890;189;156;160;land;false;plains;1
8891;220;121;242;land;false;plains;1
8892;121;196;206;land;false;plains;1
8893;40;248;226;land;false;urban;1
8894;164;248;194;land;false;plains;1
8895;198;205;141;land;false;plains;1
8896;214;126;176;land;false;plains;1
8897;219;214;181;land;false;plains;1
8898;120;216;198;land;false;plains;1
8899;221;232;211;land;false;plains;1
8900;162;244;144;land;false;plains;1
8901;253;202;101;land;false;plains;1
8902;193;87;251;land;false;plains;1
8903;254;251;167;land;false;plains;1
8904;219;128;220;land;false;plains;1
8905;200;249;176;land;false;plains;1
8906;115;234;178;land;false;plains;1
8907;194;194;202;land;false;plains;1
8908;207;130;192;land;false;plains;1
8909;197;248;73;land;false;plains;1
8910;203;100;199;land;false;plains;1
8911;220;58;248;land;false;plains;1
8912;144;197;243;land;false;plains;1
8913;210;177;199;land;false;plains;1
8914;205;252;252;land;false;plains;1
8915;154;230;244;land;true;plains;1
8916;192;99;234;land;false;plains;1
8917;234;194;196;land;false;plains;1
8918;229;228;135;land;false;plains;1
8919;236;148;250;land;false;plains;1
8920;85;179;254;land;false;plains;1
8921;213;179;208;land;false;plains;1
8922;97;254;213;land;false;plains;1
8923;170;240;199;land;false;plains;1
8924;79;192;246;land;true;plains;1
8925;231;244;220;land;false;plains;1
8926;227;248;101;land;false;plains;1
8927;142;186;229;land;false;plains;1
8928;134;168;199;land;false;plains;1
8929;210;172;125;land;false;plains;1
8930;189;106;209;land;false;plains;1
8931;209;104;250;land;true;plains;1
8932;196;79;233;land;false;plains;1
8933;182;223;176;land;false;plains;1
8934;253;224;131;land;false;plains;1
8935;223;193;183;land;false;plains;1
8936;212;187;122;land;false;plains;1
8937;173;249;181;land;false;plains;1
8938;119;179;227;land;false;plains;1
8939;199;106;217;land;false;plains;1
8940;52;254;197;land;false;plains;1
8941;223;231;181;land;false;plains;1
8942;153;193;204;land;false;plains;1
8943;205;221;253;land;false;plains;1
8944;110;185;229;land;false;plains;1
8945;241;183;133;land;false;plains;1
8946;75;229;201;land;false;plains;1
8947;54;212;250;land;false;plains;1
8948;45;216;254;land;false;plains;1
8949;145;167;237;land;false;plains;1
8950;194;137;187;land;false;plains;1
8951;240;157;166;land;true;plains;1
8952;253;223;102;land;false;plains;1
8953;67;196;247;land;false;plains;1
8954;231;191;106;land;false;plains;1
8955;121;246;158;land;false;plains;1
8956;174;203;175;land;false;plains;1
8957;149;245;177;land;false;plains;1
8958;155;162;217;land;false;plains;1
8959;213;98;214;land;false;plains;1
8960;187;78;251;land;false;plains;1
8961;166;193;181;land;false;plains;1
8962;125;177;225;land;false;plains;1
8963;208;240;175;land;false;plains;1
8964;201;241;112;land;false;plains;1
8965;241;154;115;land;false;plains;1
8966;249;250;22;land;false;plains;1
8967;222;140;219;land;false;plains;1
8968;171;251;167;land;false;plains;1
8969;227;87;191;land;true;plains;1
8970;200;252;117;land;false;plains;1
8971;81;196;254;land;false;plains;1
8972;215;234;131;land;false;plains;1
8973;195;124;205;land;false;plains;1
8974;242;179;119;land;false;plains;1
8975;195;203;108;land;false;plains;1
8976;27;222;252;land;false;plains;1
8977;163;194;182;land;false;plains;1
8978;203;183;201;land;true;plains;1
8979;157;162;239;land;false;plains;1
8980;183;233;229;land;false;plains;1
8981;174;184;240;land;false;plains;1
8982;39;239;252;land;false;plains;1
8983;93;228;253;land;false;plains;1
8984;213;134;207;land;false;plains;1
8985;241;97;217;land;false;plains;1
8986;236;169;119;land;false;plains;1
8987;247;118;147;land;false;plains;1
8988;254;203;86;land;false;plains;1
8989;254;232;84;land;false;plains;1
8990;176;228;254;land;false;plains;1
8991;205;122;187;land;false;plains;1
8992;48;248;228;land;false;plains;1
8993;248;72;200;land;false;plains;1
8994;247;134;177;land;false;plains;1
8995;177;222;129;land;false;plains;1
8996;29;244;233;land;false;plains;1
8997;252;242;158;land;false;plains;1
8998;131;252;239;land;false;plains;1
8999;127;208;232;land;false;plains;1
9000;208;126;214;land;false;plains;1
9001;144;172;186;land;false;plains;1
9002;128;183;252;land;false;plains;1
9003;251;242;166;land;false;plains;1
9004;242;191;86;land;false;plains;1
9005;202;245;198;land;false;plains;1
9006;238;249;44;land;false;plains;1
9007;237;124;173;land;false;plains;1
9008;184;215;163;land;false;plains;1
9009;254;217;243;land;false;plains;1
9010;199;246;201;land;false;plains;1
9011;119;187;253;land;false;plains;1
9012;144;188;206;land;false;plains;1
9013;112;163;243;land;false;plains;1
9014;187;185;156;land;false;plains;1
9015;231;197;185;land;false;plains;1
9016;73;247;198;land;false;plains;1
9017;104;240;204;land;false;plains;1
9018;217;228;69;land;false;plains;1
9019;229;245;220;land;false;plains;1
9020;182;191;227;land;true;plains;1
9021;67;211;236;land;false;plains;1
9022;206;84;232;land;false;plains;1
9023;177;219;240;land;false;plains;1
9024;216;183;177;land;false;plains;1
9025;230;206;109;land;false;plains;1
9026;252;232;153;land;false;plains;1
9027;236;237;236;land;false;plains;1
9028;242;199;223;land;false;plains;1
9029;53;243;236;land;false;plains;1
9030;232;201;143;land;false;plains;1
9031;129;223;251;land;false;plains;1
9032;55;204;246;land;false;plains;1
9033;222;227;124;land;false;plains;1
9034;192;103;229;land;false;plains;1
9035;147;163;217;land;false;plains;1
9036;158;185;192;land;false;plains;1
9037;237;106;210;land;false;plains;1
9038;57;253;203;land;false;plains;1
9039;159;251;123;land;false;plains;1
9040;132;135;238;land;false;plains;1
9041;212;69;232;land;false;plains;1
9042;212;199;202;land;false;plains;1
9043;107;233;192;land;false;plains;1
9044;247;251;20;land;false;plains;1
9045;244;163;108;land;false;plains;1
9046;224;239;62;land;false;plains;1
9047;228;231;42;land;false;plains;1
9048;249;124;206;land;false;plains;1
9049;249;113;175;land;false;plains;1
9050;238;211;68;land;true;plains;1
9051;72;228;239;land;false;plains;1
9052;201;190;199;land;false;plains;1
9053;216;182;252;land;false;plains;1
9054;190;211;242;land;false;plains;1
9055;245;151;142;land;false;plains;1
9056;192;157;181;land;false;plains;1
9057;243;188;141;land;false;plains;1
9058;52;205;247;land;false;plains;1
9059;226;221;187;land;false;plains;1
9060;92;160;253;land;false;plains;1
9061;226;54;250;land;false;plains;1
9062;230;165;243;land;false;plains;1
9063;227;228;250;land;false;plains;1
9064;181;141;187;land;false;plains;1
9065;188;249;169;land;true;plains;1
9066;219;235;147;land;false;plains;1
9067;180;241;150;land;true;plains;1
9068;176;203;122;land;false;plains;1
9069;234;170;108;land;false;plains;1
9070;250;132;243;land;false;plains;1
9071;177;176;204;land;false;plains;1
9072;166;217;229;land;false;plains;1
9073;92;231;233;land;false;plains;1
9074;243;240;154;land;true;plains;1
9075;233;230;91;land;false;plains;1
9076;174;249;156;land;false;plains;1
9077;174;227;209;land;false;plains;1
9078;251;245;179;land;false;plains;1
9079;194;241;100;land;false;plains;1
9080;184;200;187;land;false;plains;1
9081;169;223;241;land;false;plains;1
9082;187;247;177;land;false;plains;1
9083;250;90;185;land;false;plains;1
9084;213;206;229;land;false;plains;1
9085;252;245;175;land;true;plains;1
9086;193;138;184;land;false;plains;1
9087;79;253;227;land;false;plains;1
9088;248;222;36;land;false;plains;1
9089;226;110;221;land;false;plains;1
9090;134;249;251;land;false;plains;1
9091;187;244;251;land;false;plains;1
9092;237;142;155;land;false;plains;1
9093;159;114;242;land;false;plains;1
9094;243;156;126;land;false;plains;1
9095;249;136;155;land;false;plains;1
9096;83;224;215;land;false;plains;1
9097;226;246;152;land;false;plains;1
9098;227;222;73;land;false;plains;1
9099;196;135;170;land;false;plains;1
9100;239;122;234;land;false;plains;1
9101;208;242;213;land;false;plains;1
9102;208;244;122;land;false;plains;1
9103;218;241;153;land;false;plains;1
9104;55;247;251;land;false;plains;1
9105;134;192;175;land;false;plains;1
9106;215;219;135;land;false;plains;1
9107;226;230;181;land;false;plains;1
9108;58;248;221;land;false;plains;1
9109;209;184;119;land;false;plains;1
9110;168;187;222;land;false;plains;1
9111;164;115;222;land;false;plains;1
9112;245;249;122;land;false;plains;1
9113;224;238;106;land;false;plains;1
9114;247;238;206;land;false;plains;1
9115;161;166;213;land;false;plains;1
9116;89;229;225;land;false;plains;1
9117;157;250;199;land;false;plains;1
9118;241;116;184;land;false;plains;1
9119;164;191;207;land;false;plains;1
9120;157;228;194;land;false;plains;1
9121;251;126;205;land;false;plains;1
9122;155;227;162;land;false;plains;1
9123;222;208;148;land;false;plains;1
9124;252;210;118;land;false;plains;1
9125;205;209;158;land;false;plains;1
9126;157;236;245;land;false;plains;1
9127;117;238;246;land;false;plains;1
9128;207;240;163;land;false;plains;1
9129;221;194;241;land;false;plains;1
9130;225;237;94;land;false;plains;1
9131;163;97;251;land;false;plains;1
9132;196;245;197;land;false;plains;1
9133;128;238;172;land;false;plains;1
9134;210;115;188;land;true;plains;1
9135;211;234;159;land;false;plains;1
9136;202;239;160;land;false;plains;1
9137;233;166;203;land;false;plains;1
9138;249;171;177;land;false;plains;1
9139;237;218;229;land;false;plains;1
9140;164;165;212;land;false;plains;1
9141;231;220;75;land;false;plains;1
9142;238;242;144;land;false;plains;1
9143;92;223;226;land;false;plains;1
9144;142;238;214;land;false;plains;1
9145;160;160;220;land;false;plains;1
9146;226;149;178;land;false;plains;1
9147;254;238;120;land;false;plains;1
9148;130;152;246;land;false;plains;1
9149;210;232;163;land;true;plains;1
9150;226;108;242;land;false;plains;1
9151;222;232;99;land;false;plains;1
9152;176;210;143;land;false;plains;1
9153;249;131;123;land;false;plains;1
9154;212;171;189;land;false;plains;1
9155;127;212;235;land;true;plains;1
9156;157;229;135;land;false;plains;1
9157;216;203;208;land;false;plains;1
9158;176;177;227;land;false;plains;1
9159;248;192;201;land;false;plains;1
9160;38;216;248;land;false;plains;1
9161;239;124;155;land;false;plains;1
9162;126;167;216;land;false;plains;1
9163;141;172;216;land;false;plains;1
9164;163;180;253;land;false;plains;1
9165;154;237;123;land;false;plains;1
9166;124;169;213;land;false;plains;1
9167;247;146;178;land;false;plains;1
9168;147;224;200;land;false;plains;1
9169;190;174;250;land;false;plains;1
9170;195;224;214;land;false;plains;1
9171;174;196;246;land;true;plains;1
9172;167;185;189;land;false;plains;1
9173;149;242;201;land;false;plains;1
9174;174;156;243;land;false;plains;1
9175;92;246;223;land;false;plains;1
9176;228;120;213;land;false;plains;1
9177;135;226;241;land;false;plains;1
9178;198;87;248;land;false;plains;1
9179;201;223;174;land;false;plains;1
9180;163;236;239;land;false;plains;1
9181;179;230;188;land;false;plains;1
9182;195;243;120;land;false;plains;1
9183;215;225;194;land;false;plains;1
9184;231;89;187;land;false;plains;1
9185;229;183;211;land;false;plains;1
9186;221;180;236;land;false;plains;1
9187;233;118;250;land;false;plains;1
9188;241;128;180;land;false;plains;1
9189;206;232;237;land;false;plains;1
9190;219;248;135;land;false;plains;1
9191;183;203;177;land;false;plains;1
9192;125;172;249;land;false;plains;1
9193;227;212;167;land;false;plains;1
9194;209;163;252;land;false;plains;1
9195;158;187;204;land;false;plains;1
9196;158;202;207;land;false;plains;1
9197;195;191;148;land;false;plains;1
9198;127;241;242;land;false;plains;1
9199;218;144;227;land;false;plains;1
9200;170;229;190;land;false;plains;1
9201;217;200;157;land;false;plains;1
9202;154;230;243;land;false;plains;1
9203;194;134;185;land;false;plains;1
9204;185;140;228;land;false;plains;1
9205;158;200;175;land;false;plains;1
9206;216;253;102;land;false;plains;1
9207;174;239;240;land;false;plains;1
9208;252;237;71;land;false;plains;1
9209;247;158;132;land;false;plains;1
9210;207;219;253;land;false;plains;1
9211;231;213;157;land;false;plains;1
9212;177;211;193;land;false;plains;1
9213;109;245;178;land;false;plains;1
9214;86;254;230;land;false;plains;1
9215;250;74;215;land;false;plains;1
9216;144;193;219;land;false;plains;1
9217;74;253;175;land;false;plains;1
9218;179;183;235;land;false;plains;1
9219;195;67;242;land;false;plains;1
9220;189;87;229;land;false;plains;1
9221;109;233;248;land;false;plains;1
9222;141;223;241;land;false;plains;1
9223;167;236;171;land;false;plains;1
9224;158;203;151;land;false;plains;1
9225;248;249;239;land;false;plains;1
9226;230;244;188;land;false;plains;1
9227;214;251;233;land;false;plains;1
9228;194;190;180;land;false;plains;1
9229;140;235;209;land;false;plains;1
9230;251;176;248;land;false;plains;1
9231;199;123;224;land;false;plains;1
9232;239;190;122;land;false;plains;1
9233;236;99;198;land;false;plains;1
9234;218;111;253;land;false;plains;1
9235;148;204;153;land;false;plains;1
9236;68;254;187;land;false;plains;1
9237;243;195;179;land;false;plains;1
9238;55;241;245;land;false;plains;1
9239;217;238;132;land;false;plains;1
9240;245;196;107;land;false;plains;1
9241;204;233;181;land;false;plains;1
9242;209;191;194;land;false;plains;1
9243;208;179;193;land;false;plains;1
9244;126;169;220;land;false;plains;1
9245;151;206;200;land;false;plains;1
9246;137;208;244;land;false;plains;1
9247;137;242;179;land;false;plains;1
9248;204;175;133;land;false;plains;1
9249;196;252;198;land;false;plains;1
9250;89;252;223;land;false;plains;1
9251;207;252;104;land;false;plains;1
9252;132;252;205;land;false;plains;1
9253;239;230;183;land;false;plains;1
9254;156;139;233;land;false;plains;1
9255;202;248;107;land;false;plains;1
9256;137;204;248;land;false;plains;1
9257;39;232;230;land;false;plains;1
9258;224;228;59;land;false;plains;1
9259;70;210;224;land;false;plains;1
9260;181;221;192;land;false;plains;1
9261;247;210;190;land;false;plains;1
9262;221;205;243;land;true;plains;1
9263;192;244;246;land;false;plains;1
9264;244;242;58;land;false;plains;1
9265;142;198;186;land;false;plains;1
9266;223;246;76;land;false;plains;1
9267;138;118;247;land;false;plains;1
9268;102;236;228;land;false;plains;1
9269;187;163;233;land;false;plains;1
9270;231;89;248;land;false;plains;1
9271;244;231;212;land;false;plains;1
9272;213;185;123;land;true;plains;1
9273;141;235;197;land;false;plains;1
9274;221;214;94;land;false;plains;1
9275;200;237;91;land;false;plains;1
9276;56;221;234;land;true;plains;1
9277;207;104;240;land;false;plains;1
9278;223;113;190;land;false;plains;1
9279;134;254;206;land;false;plains;1
9280;118;227;206;land;false;plains;1
9281;236;225;169;land;true;plains;1
9282;221;234;69;land;false;plains;1
9283;251;251;15;land;false;plains;1
9284;225;176;121;land;false;plains;1
9285;190;166;223;land;false;plains;1
9286;231;229;231;land;false;plains;1
9287;227;68;211;land;false;plains;1
9288;78;219;223;land;false;plains;1
9289;140;213;212;land;false;plains;1
9290;245;149;233;land;false;plains;1
9291;242;206;75;land;false;plains;1
9292;248;197;87;land;false;plains;1
9293;211;199;213;land;false;plains;1
9294;240;44;242;land;false;plains;1
9295;235;246;164;land;false;plains;1
9296;246;211;156;land;false;plains;1
9297;231;102;237;land;false;plains;1
9298;225;220;81;land;false;plains;1
9299;83;182;236;land;false;plains;1
9300;130;239;153;land;false;plains;1
9301;149;212;209;land;false;plains;1
9302;245;162;200;land;false;plains;1
9303;238;227;47;land;false;plains;1
9304;239;158;107;land;false;plains;1
9305;158;148;201;land;false;plains;1
9306;224;248;164;land;false;plains;1
9307;61;240;208;land;false;plains;1
9308;150;233;215;land;false;plains;1
9309;162;209;193;land;false;plains;1
9310;172;156;238;land;false;plains;1
9311;211;230;180;land;false;plains;1
9312;211;58;249;land;false;plains;1
9313;238;231;50;land;false;plains;1
9314;211;131;177;land;false;plains;1
9315;145;245;178;land;false;plains;1
9316;197;202;234;land;false;plains;1
9317;142;185;178;land;false;plains;1
9318;246;113;167;land;false;plains;1
9319;217;104;203;land;false;plains;1
9320;197;245;197;land;false;plains;1
9321;242;77;235;land;false;plains;1
9322;181;141;188;land;false;plains;1
9323;220;172;246;land;false;plains;1
9324;156;201;161;land;false;plains;1
9325;205;200;199;land;false;plains;1
9326;189;203;186;land;false;plains;1
9327;235;183;251;land;false;plains;1
9328;148;211;197;land;false;plains;1
9329;155;241;241;land;false;plains;1
9330;39;224;242;land;false;plains;1
9331;93;243;204;land;false;plains;1
9332;192;212;194;land;false;plains;1
9333;223;102;215;land;false;plains;1
9334;245;126;224;land;false;plains;1
9335;242;200;62;land;false;plains;1
9336;254;144;157;land;true;plains;1
9337;237;232;87;land;false;plains;1
9338;123;137;251;land;false;plains;1
9339;173;110;233;land;false;plains;1
9340;214;187;105;land;false;plains;1
9341;191;100;249;land;false;plains;1
9342;209;193;225;land;false;plains;1
9343;164;132;226;land;false;plains;1
9344;242;254;128;land;false;plains;1
9345;190;149;196;land;false;plains;1
9346;180;237;101;land;false;plains;1
9347;245;183;160;land;false;plains;1
9348;217;155;249;land;false;plains;1
9349;241;148;251;land;false;plains;1
9350;207;222;116;land;false;plains;1
9351;213;144;175;land;false;plains;1
9352;186;203;232;land;false;plains;1
9353;230;241;120;land;false;plains;1
9354;188;180;211;land;false;plains;1
9355;251;217;163;land;false;plains;1
9356;169;161;191;land;false;plains;1
9357;220;168;204;land;false;plains;1
9358;253;243;227;land;false;plains;1
9359;196;222;178;land;false;plains;1
9360;137;163;245;land;false;plains;1
9361;139;189;225;land;false;plains;1
9362;141;233;188;land;false;plains;1
9363;233;252;19;land;false;plains;1
9364;137;229;253;land;false;plains;1
9365;206;226;176;land;false;plains;1
9366;228;205;169;land;false;plains;1
9367;224;245;249;land;false;plains;1
9368;232;244;83;land;false;plains;1
9369;193;93;254;land;false;plains;1
9370;84;164;253;land;false;plains;1
9371;174;211;226;land;false;plains;1
9372;204;194;147;land;false;plains;1
9373;245;230;128;land;false;plains;1
9374;247;191;93;land;false;plains;1
9375;217;251;189;land;false;plains;1
9376;217;61;232;land;false;plains;1
9377;251;105;156;land;false;plains;1
9378;227;199;210;land;false;plains;1
9379;222;235;52;land;false;plains;1
9380;222;226;204;land;true;plains;1
9381;144;152;254;land;false;plains;1
9382;237;158;163;land;false;plains;1
9383;190;136;228;land;false;plains;1
9384;167;146;205;land;false;plains;1
9385;162;235;232;land;false;plains;1
9386;68;216;230;land;false;plains;1
9387;198;229;217;land;false;plains;1
9388;220;78;229;land;false;plains;1
9389;148;146;251;land;false;plains;1
9390;109;202;206;land;false;plains;1
9391;254;133;162;land;false;plains;1
9392;179;178;196;land;false;plains;1
9393;253;252;228;land;false;plains;1
9394;253;102;158;land;false;plains;1
9395;226;167;123;land;false;plains;1
9396;253;175;226;land;false;plains;1
9397;207;221;125;land;false;plains;1
9398;243;201;177;land;false;plains;1
9399;192;171;177;land;false;plains;1
9400;168;164;175;land;false;plains;1
9401;214;224;154;land;false;plains;1
9402;108;212;253;land;false;plains;1
9403;235;207;229;land;false;plains;1
9404;170;225;211;land;false;plains;1
9405;214;181;157;land;false;plains;1
9406;182;147;232;land;false;plains;1
9407;103;174;247;land;false;plains;1
9408;167;227;109;land;false;plains;1
9409;166;177;202;land;false;plains;1
9410;253;155;165;land;true;plains;1
9411;168;242;114;land;false;plains;1
9412;226;222;127;land;false;plains;1
9413;202;105;217;land;false;plains;1
9414;202;236;127;land;false;plains;1
9415;156;248;162;land;false;plains;1
9416;190;253;88;land;false;plains;1
9417;230;92;237;land;false;plains;1
9418;143;210;209;land;false;plains;1
9419;216;210;118;land;false;plains;1
9420;196;192;239;land;false;plains;1
9421;244;212;138;land;false;plains;1
9422;186;222;180;land;false;plains;1
9423;192;220;167;land;false;plains;1
9424;159;196;158;land;false;plains;1
9425;174;244;96;land;true;plains;1
9426;240;88;227;land;false;plains;1
9427;139;191;197;land;false;plains;1
9428;231;121;163;land;false;plains;1
9429;51;226;226;land;false;plains;1
9430;185;124;225;land;false;plains;1
9431;92;216;208;land;false;plains;1
9432;172;154;181;land;false;plains;1
9433;208;189;160;land;false;plains;1
9434;148;212;168;land;false;plains;1
9435;213;200;162;land;false;plains;1
9436;111;248;186;land;false;plains;1
9437;114;213;193;land;true;plains;1
9438;241;194;177;land;false;plains;1
9439;238;213;206;land;false;plains;1
9440;233;80;191;land;false;plains;1
9441;251;174;112;land;false;plains;1
9442;221;100;245;land;false;plains;1
9443;216;240;217;land;false;plains;1
9444;197;153;201;land;false;plains;1
9445;215;177;199;land;false;plains;1
9446;106;251;175;land;false;plains;1
9447;192;209;104;land;false;plains;1
9448;223;104;253;land;false;plains;1
9449;243;217;205;land;false;plains;1
9450;218;234;122;land;false;plains;1
9451;215;166;132;land;false;plains;1
9452;248;244;40;land;false;plains;1
9453;128;250;128;land;false;plains;1
9454;223;166;114;land;false;plains;1
9455;211;163;131;land;false;plains;1
9456;122;216;248;land;false;plains;1
9457;232;49;252;land;false;plains;1
9458;215;204;228;land;false;plains;1
9459;92;246;173;land;false;plains;1
9460;159;160;219;land;false;plains;1
9461;226;160;250;land;false;plains;1
9462;148;193;174;land;false;plains;1
9463;241;164;252;land;false;plains;1
9464;125;225;211;land;true;plains;1
9465;129;241;171;land;false;plains;1
9466;112;182;241;land;false;plains;1
9467;228;241;231;land;false;plains;1
9468;107;231;188;land;false;plains;1
9469;110;237;237;land;false;plains;1
9470;233;153;243;land;false;plains;1
9471;232;236;163;land;false;plains;1
9472;233;49;223;land;false;plains;1
9473;141;186;177;land;false;plains;1
9474;111;162;254;land;false;plains;1
9475;186;222;252;land;false;plains;1
9476;226;190;218;land;false;plains;1
9477;185;241;212;land;false;plains;1
9478;252;182;85;land;false;plains;1
9479;146;216;199;land;false;plains;1
9480;226;102;222;land;false;plains;1
9481;165;177;202;land;false;plains;1
9482;226;189;109;land;false;plains;1
9483;224;108;186;land;false;plains;1
9484;234;127;212;land;false;plains;1
9485;250;225;47;land;false;plains;1
9486;215;219;194;land;false;plains;1
9487;172;162;200;land;false;plains;1
9488;240;191;112;land;false;plains;1
9489;243;157;244;land;false;plains;1
9490;223;207;235;land;false;plains;1
9491;105;252;231;land;false;plains;1
9492;246;77;197;land;false;plains;1
9493;132;143;254;land;false;plains;1
9494;168;236;212;land;false;plains;1
9495;186;97;229;land;false;plains;1
9496;156;195;175;land;false;plains;1
9497;254;241;42;land;false;plains;1
9498;194;237;251;land;false;plains;1
9499;193;242;112;land;false;plains;1
9500;249;166;248;land;false;plains;1
9501;212;245;49;land;false;plains;1
9502;106;199;253;land;false;plains;1
9503;194;151;230;land;false;plains;1
9504;240;214;148;land;false;plains;1
9505;240;49;246;land;false;plains;1
9506;190;202;167;land;false;plains;1
9507;220;180;245;land;false;plains;1
9508;67;242;245;land;false;plains;1
9509;250;184;101;land;false;plains;1
9510;207;213;207;land;true;plains;1
9511;197;130;210;land;false;plains;1
9512;183;198;184;land;false;plains;1
9513;230;128;246;land;false;plains;1
9514;243;132;195;land;false;plains;1
9515;247;197;91;land;false;plains;1
9516;225;94;191;land;false;plains;1
9517;230;211;121;land;false;plains;1
9518;232;71;228;land;false;plains;1
9519;217;240;100;land;false;plains;1
9520;209;230;124;land;false;plains;1
9521;147;170;251;land;false;plains;1
9522;200;253;252;land;false;plains;1
9523;232;163;124;land;false;plains;1
9524;214;204;114;land;false;plains;1
9525;180;191;137;land;false;plains;1
9526;235;80;228;land;false;plains;1
9527;180;109;221;land;false;plains;1
9528;160;171;171;land;false;plains;1
9529;180;232;223;land;false;plains;1
9530;115;241;168;land;false;plains;1
9531;159;221;231;land;false;plains;1
9532;150;210;157;land;false;plains;1
9533;237;136;216;land;false;plains;1
9534;174;185;188;land;false;plains;1
9535;124;251;185;land;false;plains;1
9536;228;252;112;land;false;plains;1
9537;245;200;235;land;false;plains;1
9538;248;150;191;land;false;plains;1
9539;158;223;240;land;false;plains;1
9540;175;204;235;land;false;plains;1
9541;228;126;187;land;false;plains;1
9542;224;82;231;land;false;plains;1
9543;247;239;245;land;false;plains;1
9544;140;177;197;land;false;plains;1
9545;253;184;127;land;false;plains;1
9546;218;213;178;land;false;plains;1
9547;174;143;204;land;false;plains;1
9548;205;151;170;land;false;plains;1
9549;212;48;247;land;false;plains;1
9550;172;224;107;land;false;plains;1
9551;224;191;171;land;false;plains;1
9552;180;232;193;land;false;plains;1
9553;238;176;233;land;false;plains;1
9554;222;169;172;land;false;plains;1
9555;238;128;206;land;false;plains;1
9556;194;175;172;land;false;plains;1
9557;203;230;107;land;false;plains;1
9558;136;215;172;land;false;plains;1
9559;71;195;237;land;false;plains;1
9560;196;228;245;land;false;plains;1
9561;95;199;251;land;false;plains;1
9562;49;254;243;land;false;plains;1
9563;169;122;217;land;false;plains;1
9564;253;231;38;land;false;plains;1
9565;172;201;128;land;false;plains;1
9566;183;225;217;land;false;plains;1
9567;246;147;141;land;false;plains;1
9568;118;208;205;land;false;plains;1
9569;92;172;237;land;false;plains;1
9570;187;249;226;land;false;plains;1
9571;148;230;130;land;false;plains;1
9572;224;141;187;land;false;plains;1
9573;85;240;213;land;false;plains;1
9574;59;225;254;land;false;plains;1
9575;234;197;104;land;false;plains;1
9576;233;95;197;land;false;plains;1
9577;94;253;192;land;false;plains;1
9578;246;177;189;land;false;plains;1
9579;192;139;252;land;false;plains;1
9580;241;199;177;land;false;plains;1
9581;235;226;148;land;false;plains;1
9582;232;118;169;land;false;plains;1
9583;236;213;247;land;false;plains;1
9584;247;235;19;land;false;plains;1
9585;176;183;173;land;false;plains;1
9586;80;235;194;land;false;plains;1
9587;245;213;108;land;false;plains;1
9588;227;143;137;land;false;plains;1
9589;148;239;156;land;false;plains;1
9590;99;206;245;land;false;plains;1
9591;223;216;199;land;false;plains;1
9592;241;196;127;land;false;plains;1
9593;216;241;135;land;false;plains;1
9594;183;188;200;land;false;plains;1
9595;188;114;222;land;false;plains;1
9596;186;152;203;land;false;plains;1
9597;209;104;229;land;false;plains;1
9598;242;43;229;land;false;plains;1
9599;243;69;223;land;false;plains;1
9600;106;210;190;land;false;plains;1
9601;232;166;254;land;false;plains;1
9602;155;253;249;land;true;plains;1
9603;201;220;235;land;false;plains;1
9604;174;254;184;land;false;plains;1
9605;204;218;249;land;false;plains;1
9606;177;190;227;land;false;plains;1
9607;169;236;241;land;false;plains;1
9608;214;126;168;land;false;plains;1
9609;84;241;227;land;false;plains;1
9610;236;182;180;land;false;urban;1
9611;213;100;220;land;false;plains;1
9612;231;106;199;land;false;plains;1
9613;205;174;146;land;false;plains;1
9614;199;227;244;land;false;plains;1
9615;230;232;173;land;false;plains;1
9616;245;186;170;land;false;plains;1
9617;237;114;188;land;false;plains;1
9618;214;247;142;land;false;plains;1
9619;109;244;158;land;false;plains;1
9620;229;80;233;land;false;plains;1
9621;178;123;219;land;false;plains;1
9622;230;240;131;land;false;plains;1
9623;218;238;87;land;false;plains;1
9624;183;228;203;land;false;plains;1
9625;164;182;204;land;false;plains;1
9626;218;238;48;land;false;plains;1
9627;153;243;195;land;false;plains;1
9628;183;230;181;land;false;plains;1
9629;239;126;206;land;false;plains;1
9630;226;79;247;land;false;plains;1
9631;252;87;166;land;false;plains;1
9632;196;251;253;land;false;plains;1
9633;207;161;167;land;false;plains;1
9634;109;239;194;land;false;plains;1
9635;180;133;211;land;false;plains;1
9636;251;201;182;land;false;plains;1
9637;231;240;236;land;false;plains;1
9638;213;167;171;land;false;plains;1
9639;184;173;187;land;false;plains;1
9640;113;220;196;land;false;plains;1
9641;189;184;248;land;false;plains;1
9642;242;204;197;land;false;plains;1
9643;190;251;158;land;false;plains;1
9644;235;193;240;land;false;plains;1
9645;203;78;223;land;false;plains;1
9646;244;195;102;land;false;plains;1
9647;240;96;211;land;false;plains;1
9648;154;210;214;land;false;plains;1
9649;109;240;241;land;false;plains;1
9650;181;162;221;land;false;plains;1
9651;142;245;244;land;false;plains;1
9652;248;184;131;land;false;plains;1
9653;171;237;249;land;false;plains;1
9654;239;243;134;land;false;plains;1
9655;134;202;248;land;false;plains;1
9656;244;221;219;land;false;plains;1
9657;247;107;156;land;false;plains;1
9658;219;121;222;land;false;plains;1
9659;158;239;202;land;false;plains;1
9660;221;115;220;land;false;plains;1
9661;163;137;235;land;false;plains;1
9662;245;178;102;land;false;plains;1
9663;238;143;245;land;false;plains;1
9664;187;136;254;land;false;plains;1
9665;195;182;128;land;false;plains;1
9666;246;251;249;land;false;plains;1
9667;155;219;175;land;false;plains;1
9668;192;222;222;land;false;plains;1
9669;154;145;208;land;false;plains;1
9670;177;206;168;land;false;plains;1
9671;216;143;251;land;false;plains;1
9672;234;128;214;land;false;plains;1
9673;137;229;150;land;false;plains;1
9674;195;224;186;land;false;plains;1
9675;136;178;198;land;false;plains;1
9676;214;113;202;land;false;plains;1
9677;244;239;53;land;false;plains;1
9678;251;79;219;land;false;plains;1
9679;164;201;250;land;false;plains;1
9680;226;171;211;land;false;plains;1
9681;136;136;250;land;false;plains;1
9682;185;173;158;land;false;plains;1
9683;75;220;221;land;false;plains;1
9684;213;231;186;land;false;plains;1
9685;204;220;190;land;false;plains;1
9686;200;184;165;land;true;plains;1
9687;168;156;213;land;false;plains;1
9688;216;201;148;land;false;plains;1
9689;68;226;246;land;false;plains;1
9690;250;218;78;land;false;plains;1
9691;176;214;140;land;false;plains;1
9692;245;87;247;land;false;plains;1
9693;240;191;138;land;false;plains;1
9694;173;104;238;land;false;plains;1
9695;232;110;250;land;false;plains;1
9696;228;138;207;land;false;plains;1
9697;192;185;246;land;false;plains;1
9698;233;234;136;land;false;plains;1
9699;163;242;237;land;false;plains;1
9700;189;98;245;land;false;plains;1
9701;60;252;198;land;false;plains;1
9702;231;96;231;land;false;plains;1
9703;236;210;114;land;false;plains;1
9704;204;213;100;land;false;plains;1
9705;248;218;97;land;false;plains;1
9706;254;33;228;land;false;plains;1
9707;125;216;161;land;false;plains;1
9708;227;215;82;land;false;plains;1
9709;209;254;71;land;false;plains;1
9710;177;203;212;land;true;plains;1
9711;129;197;230;land;false;plains;1
9712;118;253;200;land;false;plains;1
9713;192;170;162;land;false;plains;1
9714;248;226;147;land;false;plains;1
9715;184;129;206;land;false;plains;1
9716;221;215;103;land;false;plains;1
9717;245;236;105;land;false;plains;1
9718;245;163;247;land;false;plains;1
9719;253;94;250;land;false;plains;1
9720;189;224;211;land;false;plains;1
9721;250;139;240;land;false;plains;1
9722;236;139;222;land;false;plains;1
9723;225;107;194;land;false;plains;1
9724;171;217;138;land;false;plains;1
9725;238;179;162;land;false;plains;1
9726;170;186;158;land;false;plains;1
9727;178;128;224;land;false;plains;1
9728;221;195;195;land;false;plains;1
9729;227;180;159;land;false;plains;1
9730;241;197;217;land;false;plains;1
9731;253;249;226;land;false;plains;1
9732;153;211;170;land;false;plains;1
9733;200;121;195;land;false;plains;1
9734;153;227;202;land;false;plains;1
9735;194;246;105;land;false;plains;1
9736;238;235;52;land;false;plains;1
9737;241;192;98;land;false;plains;1
9738;108;247;171;land;false;plains;1
9739;194;142;195;land;false;plains;1
9740;181;161;249;land;false;plains;1
9741;225;232;51;land;false;plains;1
9742;186;209;130;land;false;plains;1
9743;240;220;124;land;false;plains;1
9744;224;228;187;land;false;plains;1
9745;173;225;179;land;false;plains;1
9746;188;130;205;land;false;plains;1
9747;149;230;241;land;false;plains;1
9748;220;195;187;land;false;plains;1
9749;187;185;167;land;false;plains;1
9750;128;203;239;land;false;plains;1
9751;138;148;222;land;false;plains;1
9752;204;148;199;land;false;plains;1
9753;117;254;234;land;false;plains;1
9754;237;216;163;land;false;plains;1
9755;238;188;120;land;false;plains;1
9756;230;180;224;land;false;plains;1
9757;253;187;86;land;false;plains;1
9758;247;188;163;land;false;plains;1
9759;217;254;154;land;false;plains;1
9760;130;215;184;land;false;plains;1
9761;247;211;246;land;false;plains;1
9762;149;235;174;land;false;plains;1
9763;117;232;173;land;false;plains;1
9764;240;223;210;land;false;plains;1
9765;248;141;164;land;false;plains;1
9766;191;200;220;land;false;plains;1
9767;220;160;144;land;false;plains;1
9768;229;192;213;land;false;plains;1
9769;254;58;225;land;false;plains;1
9770;241;22;245;land;false;plains;1
9771;165;211;175;land;false;plains;1
9772;250;233;224;land;false;plains;1
9773;241;181;191;land;true;plains;1
9774;225;103;219;land;true;plains;1
9775;102;199;225;land;false;plains;1
9776;228;113;202;land;false;plains;1
9777;197;253;101;land;false;plains;1
9778;148;199;209;land;false;plains;1
9779;228;141;203;land;false;plains;1
9780;162;204;141;land;false;plains;1
9781;177;247;208;land;true;plains;1
9782;192;169;208;land;false;plains;1
9783;235;247;91;land;false;plains;1
9784;137;232;236;land;false;plains;1
9785;225;182;197;land;false;plains;1
9786;202;208;216;land;false;plains;1
9787;177;225;176;land;false;plains;1
9788;230;250;133;land;false;plains;1
9789;137;237;150;land;false;plains;1
9790;164;206;210;land;false;plains;1
9791;212;191;114;land;false;plains;1
9792;183;150;197;land;false;plains;1
9793;242;56;227;land;false;plains;1
9794;130;173;240;land;false;plains;1
9795;217;139;239;land;false;plains;1
9796;163;216;179;land;false;plains;1
9797;218;120;231;land;false;plains;1
9798;236;221;129;land;false;plains;1
9799;126;186;200;land;false;plains;1
9800;100;240;209;land;false;plains;1
9801;195;139;189;land;false;plains;1
9802;118;236;194;land;false;plains;1
9803;229;229;212;land;false;plains;1
9804;248;224;243;land;false;plains;1
9805;146;216;187;land;false;plains;1
9806;203;167;145;land;false;plains;1
9807;104;251;160;land;false;plains;1
9808;231;170;170;land;false;plains;1
9809;93;230;231;land;false;plains;1
9810;198;223;204;land;false;plains;1
9811;246;250;236;land;false;plains;1
9812;247;225;177;land;false;plains;1
9813;207;250;146;land;false;plains;1
9814;187;243;103;land;false;plains;1
9815;209;190;188;land;false;plains;1
9816;206;229;94;land;false;plains;1
9817;237;114;169;land;false;plains;1
9818;150;226;190;land;false;plains;1
9819;159;236;121;land;false;plains;1
9820;127;177;221;land;false;plains;1
9821;252;166;145;land;true;plains;1
9822;69;238;225;land;false;plains;1
9823;106;254;227;land;false;plains;1
9824;248;216;214;land;false;plains;1
9825;240;137;165;land;false;plains;1
9826;214;187;246;land;false;plains;1
9827;165;220;142;land;false;plains;1
9828;125;203;197;land;false;plains;1
9829;146;216;222;land;false;plains;1
9830;103;235;195;land;false;plains;1
9831;183;236;130;land;false;plains;1
9832;215;178;129;land;false;plains;1
9833;226;71;221;land;false;plains;1
9834;159;169;182;land;false;plains;1
9835;247;175;221;land;false;plains;1
9836;225;169;254;land;false;plains;1
9837;89;210;249;land;false;plains;1
9838;111;233;190;land;false;plains;1
9839;185;93;224;land;false;plains;1
9840;178;232;179;land;false;plains;1
9841;186;211;249;land;false;plains;1
9842;226;47;228;land;false;plains;1
9843;146;188;187;land;false;plains;1
9844;251;79;211;land;false;plains;1
9845;159;213;216;land;false;plains;1
9846;187;222;103;land;false;plains;1
9847;180;198;200;land;false;plains;1
9848;237;68;231;land;false;plains;1
9849;182;176;246;land;false;plains;1
9850;251;137;159;land;false;plains;1
9851;239;120;143;land;false;plains;1
9852;240;151;228;land;false;plains;1
9853;218;176;226;land;false;plains;1
9854;231;149;211;land;false;plains;1
9855;232;243;72;land;false;plains;1
9856;253;198;102;land;false;plains;1
9857;246;208;69;land;false;plains;1
9858;220;210;142;land;false;plains;1
9859;249;202;177;land;false;plains;1
9860;216;153;147;land;true;plains;1
9861;221;145;202;land;false;plains;1
9862;169;216;182;land;false;plains;1
9863;229;174;131;land;false;plains;1
9864;153;140;234;land;false;plains;1
9865;115;178;220;land;false;plains;1
9866;224;209;141;land;false;plains;1
9867;175;181;154;land;false;plains;1
9868;233;244;119;land;false;plains;1
9869;196;97;252;land;false;plains;1
9870;249;185;243;land;false;plains;1
9871;184;181;174;land;false;plains;1
9872;156;251;242;land;false;urban;1
9873;173;234;183;land;false;plains;1
9874;162;176;230;land;false;plains;1
9875;167;182;200;land;false;plains;1
9876;223;220;118;land;false;plains;1
9877;188;234;193;land;false;plains;1
9878;240;135;247;land;false;plains;1
9879;237;209;106;land;false;plains;1
9880;27;241;235;land;false;plains;1
9881;220;70;216;land;false;plains;1
9882;240;196;127;land;false;plains;1
9883;193;185;156;land;false;plains;1
9884;188;243;254;land;true;plains;1
9885;188;211;181;land;false;plains;1
9886;228;189;222;land;false;plains;1
9887;129;232;201;land;false;plains;1
9888;132;146;229;land;false;plains;1
9889;174;212;215;land;false;plains;1
9890;198;76;238;land;false;plains;1
9891;193;168;218;land;false;plains;1
9892;246;241;226;land;false;plains;1
9893;122;254;191;land;false;plains;1
9894;182;249;134;land;false;plains;1
9895;252;101;178;land;false;plains;1
9896;226;90;193;land;false;plains;1
9897;195;111;198;land;true;plains;1
9898;95;232;186;land;false;plains;1
9899;214;167;210;land;false;plains;1
9900;172;228;166;land;false;plains;1
9901;201;124;214;land;false;plains;1
9902;144;230;226;land;false;plains;1
9903;213;94;233;land;false;plains;1
9904;138;223;199;land;false;plains;1
9905;211;208;242;land;false;plains;1
9906;211;226;194;land;false;plains;1
9907;106;252;146;land;true;plains;1
9908;144;220;141;land;false;plains;1
9909;252;228;186;land;false;plains;1
9910;246;197;190;land;false;plains;1
9911;170;149;245;land;false;plains;1
9912;75;245;253;land;false;plains;1
9913;246;149;159;land;false;plains;1
9914;163;253;193;land;false;plains;1
9915;244;248;76;land;false;plains;1
9916;248;110;212;land;false;plains;1
9917;222;248;206;land;false;plains;1
9918;205;89;243;land;false;plains;1
9919;135;243;130;land;false;plains;1
9920;248;144;120;land;false;plains;1
9921;252;163;163;land;false;plains;1
9922;184;161;205;land;false;plains;1
9923;108;146;252;land;false;plains;1
9924;189;240;79;land;false;plains;1
9925;178;188;215;land;false;plains;1
9926;206;86;231;land;false;plains;1
9927;215;195;136;land;false;plains;1
9928;167;222;138;land;false;plains;1
9929;230;69;239;land;false;plains;1
9930;216;194;246;land;false;plains;1
9931;252;149;101;land;false;plains;1
9932;246;43;235;land;false;plains;1
9933;198;151;184;land;false;plains;1
9934;124;133;249;land;false;plains;1
9935;198;240;101;land;false;plains;1
9936;248;206;192;land;false;plains;1
9937;194;206;203;land;false;plains;1
9938;249;190;191;land;false;plains;1
9939;224;113;231;land;false;plains;1
9940;208;149;184;land;true;plains;1
9941;242;232;27;land;false;plains;1
9942;184;184;254;land;false;plains;1
9943;118;213;202;land;false;plains;1
9944;207;245;119;land;false;plains;1
9945;166;163;233;land;false;plains;1
9946;95;235;215;land;false;plains;1
9947;113;251;214;land;false;plains;1
9948;105;213;184;land;false;plains;1
9949;141;217;216;land;false;plains;1
9950;245;204;140;land;false;plains;1
9951;204;112;237;land;false;plains;1
9952;170;226;105;land;false;plains;1
9953;233;125;221;land;false;plains;1
9954;153;251;208;land;false;plains;1
9955;195;131;195;land;false;plains;1
9956;137;199;230;land;false;plains;1
9957;172;178;218;land;false;plains;1
9958;246;231;51;land;false;plains;1
9959;56;232;246;land;false;plains;1
9960;146;195;220;land;false;plains;1
9961;237;180;251;land;false;plains;1
9962;197;98;209;land;false;plains;1
9963;162;191;171;land;false;plains;1
9964;206;226;200;land;false;plains;1
9965;223;110;215;land;false;plains;1
9966;242;184;80;land;false;plains;1
9967;131;210;202;land;false;plains;1
9968;243;166;150;land;false;plains;1
9969;160;173;196;land;false;plains;1
9970;172;233;193;land;false;plains;1
9971;189;197;159;land;false;plains;1
9972;252;211;57;land;false;plains;1
9973;185;187;175;land;false;plains;1
9974;246;61;200;land;false;plains;1
9975;244;140;208;land;false;plains;1
9976;221;79;202;land;false;plains;1
9977;192;235;134;land;false;plains;1
9978;181;238;158;land;false;plains;1
9979;242;179;82;land;false;plains;1
9980;218;190;219;land;false;plains;1
9981;231;140;187;land;false;plains;1
9982;185;226;104;land;false;plains;1
9983;123;161;234;land;false;plains;1
9984;92;228;234;land;false;plains;1
9985;231;213;226;land;false;plains;1
9986;210;103;248;land;false;plains;1
9987;167;246;220;land;false;plains;1
9988;242;198;184;land;false;plains;1
9989;237;236;182;land;false;plains;1
9990;239;106;240;land;false;plains;1
9991;197;252;133;land;false;plains;1
9992;194;247;211;land;false;plains;1
9993;149;193;217;land;false;plains;1
9994;123;193;202;land;false;plains;1
9995;243;230;192;land;false;plains;1
9996;154;250;184;land;false;plains;1
9997;235;168;106;land;false;plains;1
9998;106;177;240;land;false;plains;1
9999;248;221;38;land;false;plains;1
10000;240;109;168;land;false;plains;1
10001;220;218;202;land;true;plains;1
10002;220;239;142;land;false;plains;1
10003;216;207;84;land;false;plains;1
10004;171;129;234;land;false;plains;1
10005;128;205;237;land;false;plains;1
10006;226;140;249;land;false;plains;1
10007;242;190;92;land;false;plains;1
10008;130;144;247;land;false;plains;1
10009;139;184;221;land;false;plains;1
10010;133;217;233;land;false;plains;1
10011;139;214;247;land;false;plains;1
10012;131;212;245;land;false;plains;1
10013;211;181;135;land;false;plains;1
10014;227;206;222;land;false;plains;1
10015;144;201;198;land;false;plains;1
10016;206;246;164;land;false;plains;1
10017;217;93;219;land;false;plains;1
10018;191;103;228;land;false;plains;1
10019;189;212;254;land;false;plains;1
10020;187;195;130;land;false;plains;1
10021;169;253;236;land;false;plains;1
10022;81;223;232;land;false;plains;1
10023;217;235;231;land;false;plains;1
10024;243;205;222;land;false;plains;1
10025;227;34;243;land;true;plains;1
10026;253;177;123;land;false;plains;1
10027;234;209;248;land;false;plains;1
10028;199;220;125;land;false;plains;1
10029;245;164;118;land;false;plains;1
10030;205;224;115;land;false;plains;1
10031;233;224;99;land;false;plains;1
10032;250;246;247;land;false;plains;1
10033;181;111;245;land;false;plains;1
10034;189;117;203;land;true;plains;1
10035;234;178;89;land;false;urban;1
10036;173;211;204;land;false;plains;1
10037;147;157;214;land;false;plains;1
10038;253;57;208;land;false;plains;1
10039;235;127;183;land;false;plains;1
10040;219;238;48;land;false;plains;1
10041;156;230;156;land;false;plains;1
10042;177;250;89;land;false;plains;1
10043;223;180;105;land;false;plains;1
10044;233;187;214;land;false;plains;1
10045;171;217;150;land;false;plains;1
10046;89;218;229;land;false;plains;1
10047;90;247;174;land;false;plains;1
10048;200;151;167;land;false;plains;1
10049;209;222;234;land;false;plains;1
10050;148;147;219;land;false;plains;1
10051;210;156;197;land;false;plains;1
10052;118;167;243;land;false;plains;1
10053;168;240;166;land;false;plains;1
10054;240;198;254;land;false;plains;1
10055;192;243;123;land;false;plains;1
10056;113;210;222;land;false;plains;1
10057;159;180;179;land;false;plains;1
10058;208;149;201;land;false;plains;1
10059;187;237;97;land;false;plains;1
10060;224;196;132;land;false;plains;1
10061;233;216;72;land;false;plains;1
10062;206;145;228;land;false;plains;1
10063;82;235;240;land;false;plains;1
10064;192;203;226;land;false;plains;1
10065;116;254;147;land;false;plains;1
10066;229;188;205;land;false;plains;1
10067;227;158;219;land;false;plains;1
10068;187;245;162;land;false;plains;1
10069;69;230;243;land;false;plains;1
10070;206;210;192;land;false;plains;1
10071;243;74;199;land;false;plains;1
10072;242;227;182;land;false;plains;1
10073;189;172;173;land;false;plains;1
10074;206;170;176;land;false;plains;1
10075;232;224;78;land;false;plains;1
10076;228;208;251;land;false;plains;1
10077;225;195;189;land;false;plains;1
10078;247;184;111;land;false;plains;1
10079;188;235;156;land;false;plains;1
10080;200;149;245;land;false;plains;1
10081;218;115;245;land;false;plains;1
10082;72;244;251;land;false;plains;1
10083;213;228;190;land;false;plains;1
10084;160;201;193;land;false;plains;1
10085;246;241;105;land;false;plains;1
10086;136;215;201;land;false;plains;1
10087;207;207;184;land;false;plains;1
10088;220;96;250;land;false;plains;1
10089;147;223;169;land;false;plains;1
10090;125;246;200;land;false;plains;1
10091;218;112;224;land;false;plains;1
10092;240;243;26;land;false;plains;1
10093;134;134;252;land;false;plains;1
10094;131;246;157;land;false;plains;1
10095;191;164;157;land;true;plains;1
10096;218;168;211;land;false;plains;1
10097;134;147;253;land;false;plains;1
10098;159;179;192;land;false;plains;1
10099;187;247;77;land;false;plains;1
10100;119;204;213;land;false;plains;1
10101;217;196;226;land;false;plains;1
10102;206;103;221;land;false;plains;1
10103;148;184;224;land;false;plains;1
10104;240;97;213;land;false;plains;1
10105;142;193;172;land;false;plains;1
10106;151;244;165;land;false;plains;1
10107;118;201;228;land;false;plains;1
10108;163;141;207;land;false;plains;1
10109;189;128;230;land;false;plains;1
10110;216;62;242;land;false;plains;1
10111;195;107;249;land;false;plains;1
10112;240;212;254;land;false;plains;1
10113;242;254;81;land;false;plains;1
10114;229;241;212;land;false;plains;1
10115;236;180;149;land;false;plains;1
10116;156;116;234;land;false;plains;1
10117;185;140;207;land;false;plains;1
10118;172;124;227;land;false;plains;1
10119;125;145;253;land;false;plains;1
10120;156;116;249;land;false;plains;1
10121;235;198;79;land;false;plains;1
10122;194;209;249;land;false;plains;1
10123;232;40;232;land;false;plains;1
10124;137;232;151;land;false;plains;1
10125;173;177;232;land;false;plains;1
10126;207;183;192;land;false;plains;1
10127;127;235;205;land;false;plains;1
10128;174;169;251;land;false;plains;1
10129;178;206;227;land;false;plains;1
10130;218;192;222;land;true;plains;1
10131;177;239;140;land;false;plains;1
10132;254;79;192;land;false;plains;1
10133;240;207;132;land;false;plains;1
10134;222;171;175;land;false;plains;1
10135;243;230;139;land;false;plains;1
10136;245;133;161;land;false;plains;1
10137;247;92;237;land;false;plains;1
10138;242;248;83;land;false;plains;1
10139;166;142;208;land;false;plains;1
10140;236;169;103;land;false;plains;1
10141;251;87;239;land;false;plains;1
10142;226;71;241;land;false;plains;1
10143;112;215;221;land;false;plains;1
10144;88;248;244;land;false;plains;1
10145;132;197;172;land;false;plains;1
10146;240;218;248;land;false;plains;1
10147;230;157;216;land;false;plains;1
10148;159;218;205;land;false;plains;1
10149;196;77;254;land;false;plains;1
10150;172;251;185;land;false;plains;1
10151;240;197;168;land;false;plains;1
10152;214;208;203;land;true;plains;1
10153;186;200;209;land;false;plains;1
10154;161;227;124;land;false;plains;1
10155;205;135;229;land;false;plains;1
10156;221;185;178;land;false;plains;1
10157;223;226;120;land;false;plains;1
10158;126;220;202;land;false;plains;1
10159;244;210;152;land;false;plains;1
10160;219;244;89;land;false;plains;1
10161;242;213;156;land;false;plains;1
10162;251;243;208;land;false;plains;1
10163;195;140;246;land;false;plains;1
10164;197;108;205;land;false;plains;1
10165;218;204;181;land;false;plains;1
10166;195;239;145;land;false;plains;1
10167;109;194;219;land;false;plains;1
10168;166;214;174;land;false;plains;1
10169;187;210;248;land;false;plains;1
10170;75;239;227;land;false;plains;1
10171;136;210;229;land;false;plains;1
10172;162;222;219;land;false;plains;1
10173;186;245;180;land;false;plains;1
10174;114;173;251;land;false;plains;1
10175;184;186;194;land;false;plains;1
10176;143;246;133;land;false;plains;1
10177;175;100;239;land;false;plains;1
10178;236;131;141;land;false;plains;1
10179;153;250;130;land;false;plains;1
10180;203;251;163;land;false;plains;1
10181;218;140;177;land;false;plains;1
10182;67;254;210;land;false;plains;1
10183;174;206;177;land;false;plains;1
10184;138;185;183;land;false;plains;1
10185;155;158;244;land;false;plains;1
10186;211;197;137;land;false;plains;1
10187;207;221;142;land;false;plains;1
10188;196;128;187;land;false;plains;1
10189;114;212;199;land;false;plains;1
10190;236;209;99;land;false;plains;1
10191;252;183;155;land;false;plains;1
10192;250;18;244;land;false;plains;1
10193;130;202;225;land;false;plains;1
10194;162;192;228;land;false;plains;1
10195;85;189;229;land;false;plains;1
10196;184;173;172;land;false;plains;1
10197;220;199;123;land;false;plains;1
10198;199;200;115;land;false;plains;1
10199;245;124;143;land;false;plains;1
10200;241;160;118;land;false;plains;1
10201;247;226;201;land;false;plains;1
10202;185;244;170;land;false;plains;1
10203;140;121;247;land;false;plains;1
10204;249;147;133;land;false;plains;1
10205;238;207;80;land;false;plains;1
10206;220;101;236;land;false;plains;1
10207;72;229;239;land;false;plains;1
10208;190;101;240;land;false;plains;1
10209;148;222;205;land;false;plains;1
10210;192;169;248;land;false;plains;1
10211;223;180;188;land;false;plains;1
10212;159;235;219;land;true;plains;1
10213;210;149;159;land;false;plains;1
10214;91;229;226;land;false;plains;1
10215;238;254;140;land;false;plains;1
10216;143;225;250;land;false;plains;1
10217;238;186;251;land;false;plains;1
10218;156;214;242;land;false;plains;1
10219;110;245;211;land;false;plains;1
10220;131;200;213;land;false;plains;1
10221;174;155;183;land;false;plains;1
10222;81;187;236;land;false;plains;1
10223;144;250;253;land;false;plains;1
10224;210;237;204;land;false;plains;1
10225;240;31;237;land;false;plains;1
10226;80;227;230;land;false;plains;1
10227;238;251;229;land;false;plains;1
10228;67;233;209;land;false;plains;1
10229;215;182;109;land;false;plains;1
10230;251;168;100;land;false;plains;1
10231;211;170;128;land;true;plains;1
10232;181;160;247;land;false;plains;1
10233;164;218;201;land;false;plains;1
10234;227;91;191;land;false;plains;1
10235;245;243;178;land;false;plains;1
10236;171;245;187;land;false;plains;1
10237;179;199;155;land;false;plains;1
10238;204;253;97;land;false;plains;1
10239;231;141;159;land;true;plains;1
10240;195;158;172;land;false;plains;1
10241;207;223;213;land;false;plains;1
10242;192;143;227;land;false;plains;1
10243;177;176;194;land;false;plains;1
10244;249;119;238;land;false;plains;1
10245;216;143;163;land;false;plains;1
10246;151;223;155;land;false;plains;1
10247;142;204;176;land;false;plains;1
10248;212;207;202;land;false;plains;1
10249;95;254;158;land;false;plains;1
10250;229;144;200;land;false;plains;1
10251;251;243;164;land;false;plains;1
10252;107;236;220;land;false;plains;1
10253;158;225;128;land;false;plains;1
10254;183;223;164;land;false;plains;1
10255;227;129;149;land;false;plains;1
10256;249;226;71;land;false;plains;1
10257;196;222;205;land;false;plains;1
10258;72;199;250;land;true;plains;1
10259;124;173;251;land;false;plains;1
10260;199;222;142;land;false;plains;1
10261;197;200;117;land;false;plains;1
10262;221;239;80;land;false;plains;1
10263;254;105;207;land;false;plains;1
10264;233;123;243;land;false;plains;1
10265;244;226;158;land;false;plains;1
10266;118;187;204;land;false;plains;1
10267;182;180;166;land;false;plains;1
10268;252;44;232;land;false;plains;1
10269;57;227;247;land;false;plains;1
10270;221;221;90;land;false;plains;1
10271;157;195;222;land;false;plains;1
10272;209;175;244;land;true;plains;1
10273;236;247;214;land;false;plains;1
10274;235;108;242;land;false;plains;1
10275;122;177;242;land;false;plains;1
10276;218;106;243;land;false;plains;1
10277;241;54;237;land;false;plains;1
10278;241;244;63;land;false;plains;1
10279;107;252;204;land;false;plains;1
10280;198;136;177;land;false;plains;1
10281;136;229;231;land;false;plains;1
10282;164;183;156;land;false;plains;1
10283;173;163;251;land;true;plains;1
10284;98;200;207;land;false;plains;1
10285;207;120;196;land;false;plains;1
10286;217;142;162;land;false;plains;1
10287;160;111;232;land;false;plains;1
10288;229;142;134;land;false;plains;1
10289;219;222;233;land;false;plains;1
10290;88;227;205;land;false;plains;1
10291;226;254;220;land;false;plains;1
10292;241;98;241;land;false;plains;1
10293;159;121;241;land;false;plains;1
10294;31;243;236;land;false;plains;1
10295;224;226;186;land;false;plains;1
10296;133;200;210;land;false;plains;1
10297;198;248;78;land;false;plains;1
10298;236;147;230;land;false;plains;1
10299;230;195;103;land;false;plains;1
10300;229;235;63;land;false;plains;1
10301;251;107;160;land;false;plains;1
10302;229;83;225;land;false;plains;1
10303;253;179;152;land;false;plains;1
10304;246;236;43;land;false;plains;1
10305;140;208;215;land;false;plains;1
10306;204;63;249;land;false;plains;1
10307;167;130;223;land;false;plains;1
10308;121;229;241;land;false;plains;1
10309;218;227;143;land;false;plains;1
10310;192;196;158;land;false;plains;1
10311;236;148;182;land;true;plains;1
10312;176;109;228;land;false;plains;1
10313;221;238;100;land;false;plains;1
10314;231;89;217;land;false;plains;1
10315;168;147;201;land;false;plains;1
10316;194;167;221;land;false;plains;1
10317;32;241;245;land;false;plains;1
10318;195;137;218;land;false;plains;1
10319;243;53;244;land;false;plains;1
10320;141;187;233;land;false;plains;1
10321;51;238;230;land;false;plains;1
10322;49;254;239;land;false;plains;1
10323;252;215;135;land;false;plains;1
10324;134;183;207;land;false;plains;1
10325;191;178;177;land;false;plains;1
10326;240;156;111;land;false;plains;1
10327;243;143;147;land;false;plains;1
10328;235;238;33;land;false;plains;1
10329;90;187;237;land;false;plains;1
10330;46;238;245;land;false;plains;1
10331;149;191;201;land;false;plains;1
10332;160;161;245;land;false;plains;1
10333;221;240;163;land;false;plains;1
10334;227;130;149;land;false;plains;1
10335;162;180;245;land;true;plains;1
10336;235;213;86;land;false;plains;1
10337;231;66;219;land;false;plains;1
10338;251;93;243;land;false;plains;1
10339;200;238;128;land;false;plains;1
10340;227;240;235;land;false;plains;1
10341;138;249;175;land;false;plains;1
10342;94;194;241;land;false;plains;1
10343;175;224;108;land;false;plains;1
10344;238;173;206;land;false;plains;1
10345;114;233;202;land;false;plains;1
10346;225;91;250;land;false;plains;1
10347;110;252;165;land;false;plains;1
10348;209;234;243;land;false;plains;1
10349;198;240;78;land;false;plains;1
10350;187;158;230;land;false;plains;1
10351;201;68;235;land;false;plains;1
10352;147;218;205;land;false;plains;1
10353;220;192;127;land;false;plains;1
10354;173;191;176;land;false;plains;1
10355;124;176;220;land;false;plains;1
10356;130;199;241;land;false;plains;1
10357;232;237;117;land;false;plains;1
10358;168;200;238;land;false;plains;1
10359;82;183;236;land;false;plains;1
10360;172;168;199;land;true;plains;1
10361;242;206;170;land;false;plains;1
10362;198;209;175;land;false;plains;1
10363;218;111;207;land;false;plains;1
10364;225;177;138;land;false;plains;1
10365;129;181;239;land;false;plains;1
10366;226;245;167;land;false;plains;1
10367;247;138;238;land;false;plains;1
10368;166;131;245;land;false;plains;1
10369;254;143;198;land;false;plains;1
10370;135;224;237;land;false;plains;1
10371;232;205;156;land;false;plains;1
10372;202;236;187;land;false;plains;1
10373;247;120;243;land;true;plains;1
10374;148;159;227;land;false;plains;1
10375;213;123;207;land;false;plains;1
10376;150;200;208;land;false;plains;1
10377;237;165;242;land;false;plains;1
10378;243;239;124;land;false;plains;1
10379;187;174;207;land;false;plains;1
10380;143;125;233;land;false;plains;1
10381;223;231;200;land;false;plains;1
10382;184;157;208;land;false;plains;1
10383;222;165;116;land;false;plains;1
10384;233;59;229;land;false;plains;1
10385;224;224;230;land;false;plains;1
10386;212;121;189;land;false;plains;1
10387;133;185;239;land;false;plains;1
10388;217;34;252;land;false;plains;1
10389;200;176;203;land;false;plains;1
10390;170;174;223;land;false;plains;1
10391;70;231;218;land;false;plains;1
10392;240;154;139;land;false;plains;1
10393;137;130;251;land;false;plains;1
10394;214;232;170;land;false;plains;1
10395;230;86;186;land;false;plains;1
10396;233;193;239;land;false;plains;1
10397;251;30;249;land;false;plains;1
10398;242;155;152;land;false;plains;1
10399;220;236;233;land;false;plains;1
10400;112;228;239;land;false;plains;1
10401;219;189;196;land;false;plains;1
10402;210;227;176;land;false;plains;1
10403;218;240;54;land;false;plains;1
10404;167;136;230;land;false;plains;1
10405;202;216;157;land;false;plains;1
10406;254;43;219;land;false;plains;1
10407;238;245;115;land;false;plains;1
10408;137;145;245;land;false;plains;1
10409;120;202;207;land;false;plains;1
10410;247;151;138;land;false;plains;1
10411;203;207;225;land;false;plains;1
10412;186;161;214;land;false;plains;1
10413;118;252;233;land;false;plains;1
10414;215;208;151;land;false;plains;1
10415;225;110;234;land;false;plains;1
10416;131;216;205;land;false;plains;1
10417;122;211;238;land;false;plains;1
10418;235;185;246;land;false;plains;1
10419;228;175;185;land;false;plains;1
10420;223;135;219;land;false;plains;1
10421;185;93;247;land;false;plains;1
10422;203;200;170;land;false;plains;1
10423;218;116;215;land;false;plains;1
10424;220;245;217;land;false;plains;1
10425;163;219;228;land;false;plains;1
10426;220;230;202;land;false;plains;1
10427;247;232;150;land;false;plains;1
10428;223;230;67;land;false;plains;1
10429;237;254;229;land;false;plains;1
10430;137;227;211;land;false;plains;1
10431;244;196;128;land;false;plains;1
10432;222;249;219;land;false;plains;1
10433;152;210;231;land;false;plains;1
10434;127;128;252;land;false;plains;1
10435;95;244;225;land;false;plains;1
10436;204;163;227;land;false;plains;1
10437;135;204;252;land;false;plains;1
10438;181;184;253;land;false;plains;1
10439;140;247;169;land;false;plains;1
10440;248;73;245;land;false;plains;1
10441;154;235;199;land;false;plains;1
10442;228;88;185;land;false;plains;1
10443;184;146;171;land;false;plains;1
10444;156;152;193;land;false;plains;1
10445;156;176;217;land;false;plains;1
10446;238;215;183;land;false;plains;1
10447;146;198;234;land;false;plains;1
10448;231;227;231;land;false;plains;1
10449;85;247;217;land;false;plains;1
10450;187;138;235;land;false;plains;1
10451;205;248;191;land;false;plains;1
10452;168;238;149;land;false;plains;1
10453;244;219;90;land;false;plains;1
10454;155;200;203;land;false;plains;1
10455;206;232;222;land;false;plains;1
10456;244;98;223;land;false;plains;1
10457;113;183;235;land;false;plains;1
10458;83;254;203;land;false;plains;1
10459;246;251;191;land;false;plains;1
10460;176;254;220;land;false;plains;1
10461;219;229;253;land;false;plains;1
10462;115;243;173;land;false;plains;1
10463;148;242;150;land;false;plains;1
10464;127;243;198;land;false;plains;1
10465;241;83;197;land;false;plains;1
10466;117;191;209;land;false;plains;1
10467;246;168;232;land;false;plains;1
10468;197;168;218;land;false;plains;1
10469;146;185;238;land;false;plains;1
10470;129;243;134;land;false;plains;1
10471;203;49;251;land;false;plains;1
10472;131;241;152;land;false;plains;1
10473;84;237;208;land;false;plains;1
10474;197;129;239;land;false;plains;1
10475;163;191;189;land;false;plains;1
10476;222;229;67;land;false;plains;1
10477;254;93;203;land;false;plains;1
10478;158;232;162;land;false;plains;1
10479;245;209;168;land;false;plains;1
10480;207;247;152;land;false;plains;1
10481;221;80;252;land;false;plains;1
10482;170;182;232;land;false;plains;1
10483;184;195;138;land;false;plains;1
10484;234;108;251;land;false;plains;1
10485;232;182;97;land;false;plains;1
10486;57;252;237;land;false;plains;1
10487;254;206;118;land;false;plains;1
10488;102;252;219;land;false;plains;1
10489;92;232;196;land;false;plains;1
10490;103;208;209;land;false;plains;1
10491;247;227;206;land;false;plains;1
10492;198;185;206;land;false;plains;1
10493;103;211;187;land;false;plains;1
10494;217;89;254;land;false;plains;1
10495;227;112;226;land;false;plains;1
10496;152;144;213;land;false;plains;1
10497;243;253;201;land;false;plains;1
10498;254;10;252;land;false;plains;1
10499;237;244;226;land;false;plains;1
10500;250;218;245;land;false;plains;1
10501;194;214;137;land;false;plains;1
10502;195;179;206;land;false;plains;1
10503;180;94;231;land;false;plains;1
10504;238;187;123;land;false;plains;1
10505;234;136;204;land;false;plains;1
10506;191;152;218;land;false;plains;1
10507;181;245;218;land;false;plains;1
10508;154;185;210;land;false;plains;1
10509;218;246;80;land;false;plains;1
10510;201;227;189;land;false;plains;1
10511;213;65;225;land;false;plains;1
10512;247;163;102;land;false;plains;1
10513;124;162;243;land;false;plains;1
10514;151;207;148;land;false;plains;1
10515;203;247;136;land;false;plains;1
10516;243;112;215;land;false;plains;1
10517;156;242;125;land;false;plains;1
10518;203;239;89;land;false;plains;1
10519;245;3;254;land;false;plains;1
10520;241;193;136;land;false;plains;1
10521;187;201;161;land;false;plains;1
10522;185;224;230;land;false;plains;1
10523;182;179;237;land;false;plains;1
10524;192;228;101;land;false;plains;1
10525;220;162;209;land;false;plains;1
10526;76;230;198;land;false;plains;1
10527;102;158;242;land;false;plains;1
10528;179;242;168;land;false;plains;1
10529;221;140;197;land;false;plains;1
10530;117;204;238;land;false;plains;1
10531;232;252;136;land;false;plains;1
10532;177;213;254;land;false;plains;1
10533;231;219;152;land;false;plains;1
10534;252;163;253;land;false;plains;1
10535;215;201;141;land;false;plains;1
10536;251;195;180;land;false;plains;1
10537;254;207;66;land;false;plains;1
10538;188;129;193;land;false;plains;1
10539;216;233;152;land;false;plains;1
10540;237;250;85;land;false;plains;1
10541;253;26;237;land;false;plains;1
10542;209;184;178;land;false;plains;1
10543;247;118;141;land;false;plains;1
10544;250;146;167;land;false;plains;1
10545;244;213;67;land;false;plains;1
10546;167;251;120;land;false;plains;1
10547;175;146;251;land;false;plains;1
10548;142;172;226;land;false;plains;1
10549;151;160;201;land;true;plains;1
10550;234;152;164;land;false;plains;1
10551;167;242;191;land;false;plains;1
10552;202;57;244;land;false;plains;1
10553;253;133;236;land;false;plains;1
10554;129;222;180;land;false;plains;1
10555;145;178;213;land;false;plains;1
10556;201;92;213;land;false;plains;1
10557;222;130;158;land;false;plains;1
10558;142;222;180;land;false;plains;1
10559;154;164;207;land;false;plains;1
10560;207;199;119;land;false;plains;1
10561;242;106;193;land;false;plains;1
10562;224;183;182;land;false;plains;1
10563;144;237;188;land;false;plains;1
10564;145;216;248;land;false;plains;1
10565;35;252;242;land;false;plains;1
10566;167;227;160;land;false;plains;1
10567;172;137;219;land;true;plains;1
10568;146;221;149;land;false;plains;1
10569;149;218;144;land;false;plains;1
10570;206;198;223;land;false;plains;1
10571;223;180;236;land;false;plains;1
10572;82;242;196;land;false;plains;1
10573;143;139;235;land;false;plains;1
10574;238;228;113;land;false;plains;1
10575;174;107;238;land;false;plains;1
10576;194;232;101;land;false;plains;1
10577;101;184;222;land;false;plains;1
10578;138;251;144;land;false;plains;1
10579;197;137;246;land;false;plains;1
10580;212;150;156;land;true;plains;1
10581;116;236;212;land;false;plains;1
10582;108;230;239;land;false;plains;1
10583;136;145;224;land;false;plains;1
10584;250;77;198;land;false;plains;1
10585;217;202;91;land;false;plains;1
10586;191;234;218;land;false;plains;1
10587;175;201;213;land;false;plains;1
10588;234;222;62;land;false;plains;1
10589;175;141;219;land;false;plains;1
10590;219;210;81;land;false;plains;1
10591;239;185;173;land;false;plains;1
10592;234;210;146;land;false;plains;1
10593;166;131;228;land;false;plains;1
10594;189;156;238;land;false;plains;1
10595;219;154;235;land;false;plains;1
10596;142;152;250;land;false;plains;1
10597;160;242;143;land;false;plains;1
10598;235;172;218;land;false;plains;1
10599;209;182;110;land;false;plains;1
10600;160;222;229;land;false;plains;1
10601;114;253;187;land;false;plains;1
10602;245;120;195;land;false;plains;1
10603;155;233;123;land;false;plains;1
10604;164;161;245;land;false;plains;1
10605;112;231;222;land;false;plains;1
10606;103;224;222;land;false;plains;1
10607;232;151;206;land;false;plains;1
10608;162;215;142;land;false;plains;1
10609;202;93;251;land;false;plains;1
10610;161;90;250;land;false;plains;1
10611;243;185;147;land;false;plains;1
10612;200;224;87;land;false;plains;1
10613;126;229;223;land;false;plains;1
10614;250;88;190;land;false;plains;1
10615;80;173;253;land;false;plains;1
10616;110;214;227;land;false;plains;1
10617;187;252;88;land;false;plains;1
10618;61;210;245;land;false;plains;1
10619;157;244;155;land;false;plains;1
10620;243;210;180;land;false;plains;1
10621;55;202;245;land;false;plains;1
10622;210;228;246;land;false;plains;1
10623;194;125;189;land;false;plains;1
10624;253;164;204;land;false;plains;1
10625;193;176;181;land;false;plains;1
10626;209;226;253;land;true;plains;1
10627;120;240;164;land;false;plains;1
10628;213;170;122;land;false;plains;1
10629;200;144;239;land;false;plains;1
10630;174;196;140;land;false;plains;1
10631;237;244;35;land;false;plains;1
10632;215;190;125;land;false;plains;1
10633;196;154;169;land;false;plains;1
10634;244;37;245;land;false;plains;1
10635;140;147;219;land;false;plains;1
10636;186;127;233;land;false;plains;1
10637;118;206;238;land;false;plains;1
10638;136;164;214;land;false;plains;1
10639;243;44;229;land;false;plains;1
10640;232;190;236;land;false;plains;1
10641;209;241;67;land;false;plains;1
10642;250;77;204;land;false;plains;1
10643;246;176;79;land;false;plains;1
10644;253;102;181;land;false;plains;1
10645;229;156;213;land;false;plains;1
10646;139;224;176;land;false;plains;1
10647;205;177;209;land;false;plains;1
10648;163;166;178;land;false;plains;1
10649;239;233;52;land;false;plains;1
10650;251;127;231;land;false;plains;1
10651;218;44;241;land;false;plains;1
10652;250;168;114;land;false;plains;1
10653;228;205;179;land;false;plains;1
10654;248;141;117;land;false;plains;1
10655;66;238;220;land;false;plains;1
10656;240;180;190;land;false;plains;1
10657;234;95;187;land;false;plains;1
10658;227;181;138;land;false;plains;1
10659;247;131;230;land;false;plains;1
10660;86;250;184;land;false;plains;1
10661;248;201;140;land;false;plains;1
10662;103;244;166;land;false;plains;1
10663;232;176;181;land;false;plains;1
10664;198;79;225;land;false;plains;1
10665;249;182;121;land;false;plains;1
10666;147;154;225;land;false;plains;1
10667;79;198;228;land;false;plains;1
10668;254;112;237;land;false;plains;1
10669;109;242;212;land;false;plains;1
10670;163;187;254;land;false;plains;1
10671;222;230;123;land;false;plains;1
10672;227;239;44;land;false;plains;1
10673;248;54;201;land;false;plains;1
10674;244;208;200;land;false;plains;1
10675;253;188;114;land;false;plains;1
10676;179;243;219;land;false;plains;1
10677;218;141;189;land;false;plains;1
10678;245;74;236;land;false;plains;1
10679;232;158;191;land;false;plains;1
10680;179;204;174;land;false;plains;1
10681;196;221;149;land;false;plains;1
10682;213;90;210;land;false;plains;1
10683;246;79;186;land;false;plains;1
10684;186;191;206;land;false;plains;1
10685;191;237;210;land;false;plains;1
10686;254;171;243;land;true;plains;1
10687;142;240;122;land;false;plains;1
10688;132;252;225;land;false;plains;1
10689;203;249;207;land;false;plains;1
10690;152;218;144;land;false;plains;1
10691;188;157;213;land;false;plains;1
10692;140;244;227;land;false;plains;1
10693;114;190;240;land;false;plains;1
10694;189;200;195;land;false;plains;1
10695;189;220;116;land;false;plains;1
10696;176;130;254;land;false;plains;1
10697;174;236;104;land;false;plains;1
10698;212;205;99;land;false;plains;1
10699;187;143;182;land;false;plains;1
10700;228;71;240;land;false;plains;1
10701;233;120;246;land;false;plains;1
10702;74;254;214;land;false;plains;1
10703;192;247;81;land;false;plains;1
10704;250;242;111;land;false;plains;1
10705;250;227;252;land;false;plains;1
10706;239;96;216;land;false;plains;1
10707;161;201;195;land;false;plains;1
10708;244;249;17;land;false;plains;1
10709;136;229;249;land;false;plains;1
10710;222;252;194;land;false;plains;1
10711;205;248;52;land;false;plains;1
10712;232;94;229;land;false;plains;1
10713;221;118;190;land;false;plains;1
10714;134;210;225;land;false;plains;1
10715;238;175;162;land;false;plains;1
10716;236;208;193;land;false;plains;1
10717;188;145;196;land;false;plains;1
10718;226;172;206;land;false;plains;1
10719;180;147;197;land;false;plains;1
10720;146;242;147;land;false;plains;1
10721;125;242;140;land;false;plains;1
10722;170;138;243;land;false;plains;1
10723;169;251;92;land;false;plains;1
10724;169;90;243;land;false;plains;1
10725;241;252;103;land;false;plains;1
10726;217;44;250;land;false;plains;1
10727;195;236;173;land;false;plains;1
10728;237;173;210;land;false;plains;1
10729;131;191;245;land;false;plains;1
10730;193;138;254;land;false;plains;1
10731;125;143;248;land;false;plains;1
10732;242;157;251;land;true;plains;1
10733;171;234;145;land;true;plains;1
10734;178;238;130;land;false;plains;1
10735;180;220;194;land;false;plains;1
10736;232;222;69;land;false;plains;1
10737;235;225;117;land;false;plains;1
10738;252;190;129;land;false;plains;1
10739;185;245;134;land;false;plains;1
10740;160;178;191;land;false;plains;1
10741;164;191;225;land;false;plains;1
10742;132;224;168;land;false;plains;1
10743;184;214;227;land;false;plains;1
10744;234;230;192;land;false;plains;1
10745;251;230;238;land;false;plains;1
10746;169;185;225;land;false;plains;1
10747;206;75;240;land;false;plains;1
10748;206;186;244;land;false;plains;1
10749;231;234;186;land;false;plains;1
10750;236;182;203;land;false;plains;1
10751;211;212;249;land;false;plains;1
10752;241;191;234;land;false;plains;1
10753;210;182;177;land;false;plains;1
10754;195;154;242;land;false;plains;1
10755;249;196;212;land;false;plains;1
10756;224;254;213;land;true;plains;1
10757;125;243;213;land;false;plains;1
10758;172;235;121;land;false;plains;1
10759;187;224;126;land;false;plains;1
10760;221;234;49;land;false;plains;1
10761;243;246;189;land;false;plains;1
10762;213;229;79;land;false;plains;1
10763;211;76;238;land;false;plains;1
10764;88;193;251;land;false;plains;1
10765;244;126;160;land;false;plains;1
10766;115;168;219;land;false;plains;1
10767;254;123;191;land;false;plains;1
10768;235;213;170;land;false;plains;1
10769;241;157;246;land;false;plains;1
10770;96;226;206;land;false;plains;1
10771;240;237;77;land;false;plains;1
10772;248;169;127;land;false;plains;1
10773;118;155;247;land;false;plains;1
10774;111;223;168;land;false;plains;1
10775;149;224;215;land;false;plains;1
10776;253;77;204;land;false;plains;1
10777;221;120;242;land;false;plains;1
10778;125;224;157;land;false;plains;1
10779;51;217;254;land;false;plains;1
10780;167;129;227;land;false;plains;1
10781;187;232;91;land;false;plains;1
10782;124;211;244;land;false;plains;1
10783;243;254;129;land;false;plains;1
10784;133;223;230;land;false;plains;1
10785;252;165;225;land;false;plains;1
10786;215;57;250;land;false;plains;1
10787;69;251;199;land;false;plains;1
10788;234;253;211;land;false;plains;1
10789;178;142;191;land;false;plains;1
10790;227;160;126;land;false;plains;1
10791;236;101;245;land;false;plains;1
10792;245;184;136;land;false;plains;1
10793;237;224;189;land;false;plains;1
10794;208;124;247;land;false;plains;1
10795;209;206;192;land;false;plains;1
10796;202;212;198;land;true;plains;1
10797;235;146;237;land;false;plains;1
10798;207;224;159;land;false;plains;1
10799;227;164;198;land;false;plains;1
10800;199;66;244;land;false;plains;1
10801;112;243;244;land;false;plains;1
10802;108;149;244;land;false;plains;1
10803;235;220;78;land;false;plains;1
10804;240;168;246;land;false;plains;1
10805;208;100;211;land;false;plains;1
10806;205;205;101;land;false;plains;1
10807;168;169;249;land;false;plains;1
10808;246;51;223;land;false;plains;1
10809;166;140;227;land;false;plains;1
10810;138;221;249;land;false;plains;1
10811;167;114;233;land;false;plains;1
10812;84;203;250;land;false;plains;1
10813;216;225;253;land;false;plains;1
10814;211;184;106;land;false;plains;1
10815;169;215;158;land;false;plains;1
10816;221;253;247;land;false;plains;1
10817;236;211;187;land;false;plains;1
10818;138;219;160;land;false;plains;1
10819;132;155;224;land;false;plains;1
10820;228;90;209;land;false;plains;1
10821;240;146;199;land;false;plains;1
10822;93;181;254;land;false;plains;1
10823;252;207;51;land;false;plains;1
10824;164;237;220;land;false;plains;1
10825;146;174;224;land;false;plains;1
10826;217;199;93;land;false;plains;1
10827;243;251;214;land;false;plains;1
10828;211;224;202;land;false;plains;1
10829;194;240;95;land;false;plains;1
10830;217;86;245;land;false;plains;1
10831;117;246;195;land;false;plains;1
10832;151;252;229;land;false;plains;1
10833;210;204;218;land;false;plains;1
10834;241;252;39;land;false;plains;1
10835;167;245;195;land;false;plains;1
10836;160;231;245;land;false;plains;1
10837;134;223;157;land;false;plains;1
10838;244;240;155;land;false;plains;1
10839;192;223;219;land;false;plains;1
10840;24;230;249;land;false;plains;1
10841;189;229;176;land;false;plains;1
10842;201;251;111;land;false;plains;1
10843;214;196;153;land;false;plains;1
10844;167;217;245;land;false;plains;1
10845;159;203;143;land;false;plains;1
10846;200;183;245;land;false;plains;1
10847;92;225;241;land;false;plains;1
10848;101;242;211;land;false;plains;1
10849;240;251;121;land;false;plains;1
10850;156;234;183;land;false;plains;1
10851;201;215;142;land;false;plains;1
10852;78;218;220;land;true;plains;1
10853;211;247;78;land;true;plains;1
10854;225;78;221;land;false;plains;1
10855;171;206;155;land;false;plains;1
10856;121;193;229;land;false;plains;1
10857;229;244;187;land;false;plains;1
10858;224;160;227;land;false;plains;1
10859;223;175;220;land;false;plains;1
10860;200;172;154;land;false;plains;1
10861;195;68;238;land;false;plains;1
10862;111;218;176;land;false;plains;1
10863;146;246;208;land;false;plains;1
10864;160;131;236;land;false;plains;1
10865;111;251;178;land;false;plains;1
10866;151;252;178;land;false;plains;1
10867;220;155;249;land;false;plains;1
10868;228;231;126;land;false;plains;1
10869;171;166;251;land;false;plains;1
10870;236;236;109;land;false;plains;1
10871;194;116;209;land;false;plains;1
10872;199;195;217;land;false;plains;1
10873;224;115;251;land;true;plains;1
10874;203;228;232;land;false;plains;1
10875;242;98;224;land;false;plains;1
10876;246;167;212;land;false;plains;1
10877;215;138;234;land;false;plains;1
10878;235;137;198;land;false;plains;1
10879;117;205;219;land;false;plains;1
10880;30;234;245;land;false;plains;1
10881;114;213;252;land;false;plains;1
10882;231;232;252;land;false;plains;1
10883;207;120;254;land;false;plains;1
10884;217;61;251;land;false;plains;1
10885;246;222;146;land;false;plains;1
10886;170;211;248;land;false;plains;1
10887;190;252;231;land;false;plains;1
10888;226;227;108;land;true;plains;1
10889;140;224;240;land;false;plains;1
10890;227;227;52;land;false;plains;1
10891;231;188;123;land;false;plains;1
10892;216;201;146;land;false;plains;1
10893;74;228;232;land;true;plains;1
10894;164;238;116;land;false;plains;1
10895;187;213;251;land;false;plains;1
10896;178;231;229;land;false;plains;1
10897;171;232;117;land;false;plains;1
10898;251;183;213;land;false;plains;1
10899;180;213;143;land;false;plains;1
10900;190;112;236;land;true;plains;1
10901;234;63;209;land;false;plains;1
10902;138;230;186;land;false;plains;1
10903;154;241;159;land;false;plains;1
10904;200;155;179;land;false;plains;1
10905;247;195;92;land;false;plains;1
10906;222;206;168;land;false;plains;1
10907;248;104;198;land;true;plains;1
10908;173;212;228;land;false;plains;1
10909;227;206;176;land;false;plains;1
10910;93;248;186;land;false;plains;1
10911;194;226;179;land;false;plains;1
10912;117;173;248;land;false;plains;1
10913;235;65;241;land;false;plains;1
10914;203;118;185;land;false;plains;1
10915;142;244;212;land;false;plains;1
10916;192;249;116;land;false;plains;1
10917;196;188;203;land;false;plains;1
10918;226;236;118;land;false;plains;1
10919;184;136;249;land;false;plains;1
10920;157;174;176;land;false;plains;1
10921;113;237;184;land;false;plains;1
10922;216;142;174;land;false;plains;1
10923;248;138;232;land;false;plains;1
10924;220;142;231;land;false;plains;1
10925;237;221;75;land;false;plains;1
10926;194;119;231;land;false;plains;1
10927;228;209;97;land;false;plains;1
10928;183;201;156;land;false;plains;1
10929;224;139;235;land;false;plains;1
10930;101;229;175;land;false;plains;1
10931;219;228;91;land;false;plains;1
10932;232;175;98;land;false;plains;1
10933;241;248;49;land;false;plains;1
10934;211;173;125;land;false;plains;1
10935;164;172;165;land;false;plains;1
10936;119;155;243;land;true;plains;1
10937;229;251;112;land;false;plains;1
10938;102;243;178;land;true;plains;1
10939;248;35;225;land;false;plains;1
10940;244;179;87;land;false;plains;1
10941;179;147;215;land;true;plains;1
10942;207;90;210;land;false;plains;1
10943;245;147;193;land;false;plains;1
10944;141;181;236;land;false;plains;1
10945;174;161;230;land;false;plains;1
10946;254;241;162;land;false;plains;1
10947;248;179;129;land;false;plains;1
10948;214;73;239;land;false;plains;1
10949;241;30;244;land;false;plains;1
10950;199;212;166;land;false;plains;1
10951;71;240;241;land;false;plains;1
10952;87;222;232;land;false;plains;1
10953;171;214;174;land;false;plains;1
10954;226;232;105;land;false;plains;1
10955;239;203;206;land;true;plains;1
10956;213;94;211;land;false;plains;1
10957;211;131;178;land;false;plains;1
10958;118;249;211;land;false;plains;1
10959;188;220;108;land;false;plains;1
10960;226;158;217;land;false;plains;1
10961;152;177;229;land;false;plains;1
10962;82;216;215;land;false;plains;1
10963;243;160;108;land;false;plains;1
10964;68;237;238;land;false;plains;1
10965;182;219;175;land;false;plains;1
10966;251;214;226;land;false;plains;1
10967;184;238;142;land;false;plains;1
10968;222;197;93;land;false;plains;1
10969;253;247;99;land;false;plains;1
10970;215;219;86;land;false;plains;1
10971;231;154;239;land;false;plains;1
10972;152;193;176;land;false;plains;1
10973;149;189;177;land;false;plains;1
10974;88;211;237;land;false;plains;1
10975;210;150;219;land;false;plains;1
10976;58;246;243;land;false;plains;1
10977;181;174;225;land;false;plains;1
10978;179;114;247;land;false;plains;1
10979;204;247;243;land;false;plains;1
10980;216;207;216;land;true;plains;1
10981;203;205;143;land;false;plains;1
10982;85;240;179;land;false;plains;1
10983;131;237;214;land;false;plains;1
10984;190;174;214;land;false;plains;1
10985;195;154;224;land;false;plains;1
10986;204;110;205;land;false;plains;1
10987;194;229;134;land;false;plains;1
10988;253;115;134;land;false;plains;1
10989;62;231;226;land;false;plains;1
10990;151;250;134;land;false;plains;1
10991;197;241;180;land;false;plains;1
10992;242;246;145;land;false;plains;1
10993;201;85;242;land;false;plains;1
10994;248;43;229;land;false;plains;1
10995;135;229;226;land;false;plains;1
10996;169;245;240;land;false;plains;1
10997;175;177;227;land;false;plains;1
10998;191;153;175;land;true;plains;1
10999;230;254;186;land;false;plains;1
11000;184;180;155;land;false;plains;1
11001;182;170;238;land;false;plains;1
11002;154;234;130;land;false;plains;1
11003;179;206;221;land;false;plains;1
11004;183;104;217;land;false;plains;1
11005;116;190;207;land;false;plains;1
11006;253;235;43;land;false;plains;1
11007;79;190;239;land;false;plains;1
11008;219;215;172;land;false;plains;1
11009;166;117;232;land;false;plains;1
11010;252;225;174;land;false;plains;1
11011;162;250;134;land;false;plains;1
11012;68;219;224;land;false;plains;1
11013;74;252;203;land;false;plains;1
11014;148;165;213;land;false;plains;1
11015;231;86;209;land;false;plains;1
11016;139;166;232;land;false;plains;1
11017;211;179;177;land;false;plains;1
11018;249;251;137;land;false;plains;1
11019;143;215;201;land;false;plains;1
11020;238;226;117;land;false;plains;1
11021;124;216;194;land;false;plains;1
11022;229;120;219;land;false;plains;1
11023;223;152;216;land;false;plains;1
11024;164;226;186;land;false;plains;1
11025;230;97;210;land;false;plains;1
11026;185;196;252;land;false;plains;1
11027;240;103;187;land;false;plains;1
11028;252;222;187;land;false;plains;1
11029;151;233;180;land;false;plains;1
11030;153;204;208;land;false;plains;1
11031;163;185;201;land;false;plains;1
11032;198;152;168;land;false;plains;1
11033;249;70;194;land;false;plains;1
11034;143;151;252;land;false;plains;1
11035;105;215;193;land;false;plains;1
11036;191;240;183;land;false;plains;1
11037;181;94;238;land;false;plains;1
11038;250;199;60;land;false;plains;1
11039;102;198;247;land;false;plains;1
11040;239;204;228;land;false;plains;1
11041;219;180;186;land;false;plains;1
11042;46;227;239;land;false;plains;1
11043;209;99;231;land;false;plains;1
11044;215;195;96;land;false;plains;1
11045;216;183;210;land;false;plains;1
11046;188;111;240;land;false;plains;1
11047;221;190;91;land;false;plains;1
11048;157;242;208;land;false;plains;1
11049;187;124;241;land;false;plains;1
11050;221;234;164;land;false;plains;1
11051;231;173;172;land;true;plains;1
11052;232;251;61;land;false;plains;1
11053;161;204;184;land;false;plains;1
11054;213;179;191;land;false;plains;1
11055;57;214;242;land;false;plains;1
11056;200;250;171;land;true;plains;1
11057;158;143;244;land;false;plains;1
11058;215;107;248;land;false;plains;1
11059;231;201;109;land;false;plains;1
11060;237;104;166;land;false;plains;1
11061;237;249;100;land;false;plains;1
11062;207;138;206;land;false;plains;1
11063;57;234;223;land;false;plains;1
11064;120;166;243;land;false;plains;1
11065;183;195;232;land;false;plains;1
11066;239;223;128;land;false;plains;1
11067;161;237;146;land;false;plains;1
11068;241;236;124;land;true;plains;1
11069;250;222;252;land;false;plains;1
11070;225;242;197;land;false;plains;1
11071;165;160;230;land;false;plains;1
11072;177;159;241;land;false;plains;1
11073;134;208;160;land;false;plains;1
11074;206;185;144;land;false;plains;1
11075;220;113;188;land;false;plains;1
11076;229;221;128;land;false;plains;1
11077;171;217;143;land;false;plains;1
11078;90;252;229;land;false;plains;1
11079;238;203;193;land;false;plains;1
11080;204;220;109;land;false;plains;1
11081;132;248;166;land;false;plains;1
11082;20;245;251;land;false;plains;1
11083;251;160;151;land;false;plains;1
11084;183;239;83;land;false;plains;1
11085;214;204;85;land;false;plains;1
11086;214;207;207;land;false;plains;1
11087;243;240;146;land;false;plains;1
11088;234;230;211;land;false;plains;1
11089;209;254;234;land;false;plains;1
11090;194;177;230;land;false;plains;1
11091;207;217;254;land;true;plains;1
11092;185;188;227;land;false;plains;1
11093;242;159;175;land;false;plains;1
11094;239;148;122;land;true;plains;1
11095;207;205;98;land;false;plains;1
11096;139;194;222;land;false;plains;1
11097;196;160;253;land;false;plains;1
11098;203;240;246;land;false;plains;1
11099;190;230;123;land;false;plains;1
11100;237;234;148;land;false;plains;1
11101;233;219;109;land;false;plains;1
11102;235;217;138;land;false;plains;1
11103;46;237;235;land;false;plains;1
11104;151;152;216;land;false;plains;1
11105;188;246;253;land;false;plains;1
11106;198;244;158;land;false;plains;1
11107;207;155;176;land;false;plains;1
11108;186;140;188;land;false;plains;1
11109;178;230;133;land;false;plains;1
11110;168;206;245;land;false;plains;1
11111;134;172;234;land;false;plains;1
11112;251;205;222;land;false;plains;1
11113;219;197;93;land;false;plains;1
11114;243;187;153;land;false;plains;1
11115;204;188;245;land;false;plains;1
11116;215;214;73;land;true;plains;1
11117;233;39;235;land;true;plains;1
11118;181;227;247;land;false;plains;1
11119;249;223;175;land;false;plains;1
11120;191;136;235;land;false;plains;1
11121;202;181;252;land;false;plains;1
11122;248;241;183;land;false;plains;1
11123;118;225;240;land;false;plains;1
11124;189;91;245;land;false;plains;1
11125;239;156;219;land;true;plains;1
11126;191;144;202;land;false;plains;1
11127;172;201;170;land;false;plains;1
11128;213;163;144;land;false;plains;1
11129;246;205;81;land;false;plains;1
11130;187;176;183;land;false;plains;1
11131;252;119;185;land;false;plains;1
11132;228;67;220;land;true;plains;1
11133;183;163;157;land;false;plains;1
11134;228;49;230;land;false;plains;1
11135;205;157;240;land;false;plains;1
11136;177;218;156;land;false;plains;1
11137;204;143;247;land;false;plains;1
11138;249;127;174;land;false;plains;1
11139;223;147;199;land;false;plains;1
11140;246;235;134;land;false;plains;1
11141;139;125;238;land;false;plains;1
11142;130;254;228;land;false;plains;1
11143;207;131;215;land;false;plains;1
11144;229;205;249;land;false;plains;1
11145;161;244;98;land;false;plains;1
11146;149;231;182;land;false;plains;1
11147;215;241;239;land;true;plains;1
11148;135;164;202;land;true;plains;1
11149;197;165;154;land;false;plains;1
11150;232;238;227;land;false;plains;1
11151;129;226;173;land;false;plains;1
11152;139;216;179;land;false;plains;1
11153;110;229;241;land;false;plains;1
11154;149;205;220;land;false;plains;1
11155;224;241;171;land;false;plains;1
11156;209;111;188;land;false;plains;1
11157;203;166;232;land;true;plains;1
11158;246;240;179;land;false;plains;1
11159;214;172;125;land;false;plains;1
11160;113;230;240;land;false;plains;1
11161;66;228;237;land;false;plains;1
11162;209;237;178;land;false;plains;1
11163;73;200;254;land;false;plains;1
11164;240;105;211;land;true;plains;1
11165;88;239;222;land;true;plains;1
11166;250;209;136;land;false;plains;1
11167;177;163;215;land;false;plains;1
11168;212;190;236;land;false;plains;1
11169;254;168;182;land;false;plains;1
11170;243;246;198;land;false;plains;1
11171;225;214;233;land;false;plains;1
11172;217;134;227;land;false;plains;1
11173;252;185;203;land;false;plains;1
11174;235;193;149;land;false;plains;1
11175;106;242;176;land;true;plains;1
11176;198;208;126;land;false;plains;1
11177;137;206;218;land;false;plains;1
11178;219;91;191;land;false;plains;1
11179;229;191;226;land;false;plains;1
11180;252;211;104;land;false;plains;1
11181;246;239;78;land;false;plains;1
11182;218;253;112;land;false;plains;1
11183;166;210;188;land;false;plains;1
11184;242;123;197;land;false;plains;1
11185;225;162;219;land;false;plains;1
11186;212;251;197;land;false;plains;1
11187;79;172;251;land;false;plains;1
11188;251;144;232;land;false;plains;1
11189;202;253;182;land;false;plains;1
11190;154;147;223;land;false;plains;1
11191;170;144;233;land;false;plains;1
11192;244;45;243;land;false;plains;1
11193;248;198;237;land;false;plains;1
11194;218;224;175;land;false;plains;1
11195;131;231;240;land;false;plains;1
11196;162;188;156;land;false;plains;1
11197;198;247;108;land;false;plains;1
11198;207;180;243;land;false;plains;1
11199;221;239;167;land;true;plains;1
11200;99;199;222;land;true;plains;1
11201;185;248;120;land;false;plains;1
11202;157;199;196;land;false;plains;1
11203;234;106;178;land;false;plains;1
11204;221;230;56;land;false;plains;1
11205;191;200;222;land;false;plains;1
11206;192;64;253;land;true;plains;1
11207;161;135;233;land;false;plains;1
11208;240;125;212;land;false;plains;1
11209;217;225;213;land;false;plains;1
11210;189;225;126;land;false;plains;1
11211;208;195;193;land;false;plains;1
11212;80;222;235;land;false;plains;1
11213;247;164;194;land;false;plains;1
11214;50;226;245;land;false;plains;1
11215;187;217;98;land;false;plains;1
11216;149;203;197;land;false;plains;1
11217;151;231;242;land;false;plains;1
11218;238;210;200;land;false;plains;1
11219;239;173;165;land;false;plains;1
11220;158;242;196;land;false;plains;1
11221;234;211;186;land;false;plains;1
11222;179;221;223;land;true;plains;1
11223;241;197;126;land;false;plains;1
11224;222;142;185;land;false;plains;1
11225;175;245;246;land;false;plains;1
11226;77;232;233;land;false;plains;1
11227;158;179;236;land;false;plains;1
11228;153;231;129;land;false;plains;1
11229;179;251;193;land;true;plains;1
11230;251;179;138;land;false;plains;1
11231;151;221;149;land;false;plains;1
11232;217;115;170;land;false;plains;1
11233;100;222;219;land;false;plains;1
11234;190;230;157;land;false;plains;1
11235;76;223;211;land;false;plains;1
11236;232;184;169;land;false;plains;1
11237;236;211;175;land;false;plains;1
11238;213;196;243;land;false;plains;1
11239;221;186;192;land;false;plains;1
11240;226;155;234;land;false;plains;1
11241;234;247;208;land;false;plains;1
11242;157;182;216;land;false;plains;1
11243;215;91;245;land;true;plains;1
11244;201;219;154;land;false;plains;1
11245;110;242;235;land;false;plains;1
11246;237;136;209;land;false;plains;1
11247;196;245;192;land;false;plains;1
11248;211;222;125;land;true;plains;1
11249;202;121;186;land;false;plains;1
11250;74;237;195;land;false;plains;1
11251;211;168;194;land;false;plains;1
11252;231;148;150;land;false;plains;1
11253;251;209;96;land;false;plains;1
11254;161;241;127;land;false;plains;1
11255;189;254;202;land;false;plains;1
11256;223;249;48;land;false;plains;1
11257;208;228;80;land;false;plains;1
11258;254;244;20;land;false;plains;1
11259;167;124;219;land;true;plains;1
11260;202;155;185;land;false;plains;1
11261;214;160;217;land;false;plains;1
11262;147;135;233;land;false;plains;1
11263;202;112;224;land;false;plains;1
11264;230;151;143;land;false;plains;1
11265;182;149;207;land;false;plains;1
11266;140;234;228;land;false;plains;1
11267;93;232;190;land;false;plains;1
11268;56;199;250;land;false;plains;1
11269;126;199;231;land;false;plains;1
11270;249;207;117;land;false;plains;1
11271;140;189;252;land;false;plains;1
11272;126;192;226;land;false;plains;1
11273;127;190;197;land;false;plains;1
11274;231;169;182;land;false;plains;1
11275;181;114;249;land;false;plains;1
11276;61;237;203;land;false;plains;1
11277;246;222;50;land;false;plains;1
11278;202;162;231;land;false;plains;1
11279;214;55;251;land;false;plains;1
11280;185;212;222;land;false;plains;1
11281;116;241;199;land;false;plains;1
11282;180;164;166;land;false;plains;1
11283;180;240;231;land;false;plains;1
11284;209;127;207;land;false;plains;1
11285;208;149;161;land;false;plains;1
11286;216;234;254;land;false;plains;1
11287;110;182;251;land;false;plains;1
11288;159;138;226;land;false;plains;1
11289;141;217;181;land;false;plains;1
11290;212;99;238;land;false;plains;1
11291;133;247;206;land;false;plains;1
11292;189;230;97;land;false;plains;1
11293;207;106;224;land;false;plains;1
11294;170;248;179;land;false;plains;1
11295;119;189;196;land;false;plains;1
11296;226;252;247;land;false;plains;1
11297;253;222;110;land;false;plains;1
11298;251;18;234;land;false;plains;1
11299;132;222;166;land;false;plains;1
11300;203;230;192;land;false;plains;1
11301;237;229;218;land;false;plains;1
11302;227;245;199;land;false;plains;1
11303;150;241;127;land;true;plains;1
11304;249;231;39;land;false;plains;1
11305;210;145;175;land;false;plains;1
11306;211;61;234;land;false;plains;1
11307;245;147;186;land;true;plains;1
11308;179;119;247;land;false;plains;1
11309;187;219;96;land;false;plains;1
11310;249;101;169;land;false;plains;1
11311;180;171;241;land;false;plains;1
11312;191;241;197;land;false;plains;1
11313;220;209;189;land;false;plains;1
11314;233;222;246;land;false;plains;1
11315;229;222;155;land;false;plains;1
11316;196;234;140;land;false;plains;1
11317;196;238;223;land;false;plains;1
11318;199;225;135;land;false;plains;1
11319;194;189;118;land;false;plains;1
11320;218;248;105;land;false;plains;1
11321;210;181;165;land;false;plains;1
11322;246;145;183;land;false;plains;1
11323;217;141;143;land;false;plains;1
11324;183;233;118;land;false;plains;1
11325;193;185;132;land;false;plains;1
11326;216;206;155;land;false;plains;1
11327;234;222;140;land;false;plains;1
11328;183;216;116;land;false;plains;1
11329;100;219;209;land;false;plains;1
11330;247;94;202;land;true;plains;1
11331;163;197;236;land;false;plains;1
11332;170;193;140;land;false;plains;1
11333;220;158;208;land;false;plains;1
11334;199;176;199;land;false;plains;1
11335;253;215;66;land;false;plains;1
11336;135;173;245;land;false;plains;1
11337;80;194;251;land;false;plains;1
11338;131;195;205;land;false;plains;1
11339;159;242;222;land;false;plains;1
11340;154;191;173;land;false;plains;1
11341;146;238;194;land;true;plains;1
11342;228;52;254;land;false;plains;1
11343;227;225;170;land;false;plains;1
11344;213;230;247;land;true;plains;1
11345;144;195;243;land;true;plains;1
11346;217;218;213;land;true;plains;1
11347;223;118;237;land;false;plains;1
11348;153;251;214;land;false;plains;1
11349;131;241;160;land;false;plains;1
11350;77;220;218;land;false;plains;1
11351;213;99;222;land;false;plains;1
11352;220;184;235;land;false;plains;1
11353;218;153;167;land;true;plains;1
11354;230;156;236;land;false;plains;1
11355;103;237;229;land;false;plains;1
11356;192;146;203;land;false;plains;1
11357;251;211;112;land;false;plains;1
11358;136;229;156;land;false;plains;1
11359;191;210;146;land;true;plains;1
11360;217;145;157;land;false;plains;1
11361;219;239;148;land;false;plains;1
11362;239;204;186;land;false;plains;1
11363;174;116;226;land;false;plains;1
11364;208;219;225;land;false;plains;1
11365;216;142;192;land;false;plains;1
11366;198;159;189;land;false;plains;1
11367;200;144;203;land;false;plains;1
11368;101;254;224;land;false;plains;1
11369;58;244;254;land;false;plains;1
11370;132;220;216;land;false;plains;1
11371;175;126;215;land;false;plains;1
11372;254;84;177;land;false;plains;1
11373;141;169;249;land;true;plains;1
11374;230;233;160;land;false;plains;1
11375;234;192;146;land;true;plains;1
11376;213;247;236;land;false;plains;1
11377;217;233;51;land;false;plains;1
11378;169;253;228;land;false;plains;1
11379;110;251;143;land;false;plains;1
11380;161;172;219;land;false;plains;1
11381;138;175;199;land;false;plains;1
11382;190;198;135;land;false;plains;1
11383;219;155;138;land;false;plains;1
11384;171;216;244;land;false;plains;1
11385;78;251;213;land;false;plains;1
11386;235;168;98;land;true;plains;1
11387;141;193;172;land;false;plains;1
11388;246;137;175;land;false;plains;1
11389;207;222;163;land;false;plains;1
11390;203;116;236;land;false;plains;1
11391;219;104;212;land;true;plains;1
11392;212;219;229;land;false;plains;1
11393;134;236;168;land;false;plains;1
11394;243;225;88;land;false;plains;1
11395;165;147;192;land;false;plains;1
11396;221;211;158;land;false;plains;1
11397;192;96;226;land;false;plains;1
11398;244;123;212;land;false;plains;1
11399;132;198;220;land;false;plains;1
11400;109;203;224;land;true;plains;1
11401;216;128;169;land;false;plains;1
11402;244;113;218;land;false;plains;1
11403;185;181;218;land;true;plains;1
11404;44;220;238;land;false;plains;1
11405;218;203;162;land;false;plains;1
11406;242;203;208;land;false;plains;1
11407;244;138;193;land;false;plains;1
11408;213;194;228;land;true;plains;1
11409;178;245;239;land;false;plains;1
11410;153;103;246;land;false;plains;1
11411;232;135;226;land;false;plains;1
11412;167;219;129;land;false;plains;1
11413;240;152;110;land;false;plains;1
11414;249;254;107;land;false;plains;1
11415;209;211;234;land;false;plains;1
11416;177;173;158;land;false;plains;1
11417;181;132;195;land;false;plains;1
11418;229;192;231;land;false;plains;1
11419;138;222;224;land;false;plains;1
11420;140;158;226;land;true;plains;1
11421;156;183;199;land;true;plains;1
11422;221;189;133;land;false;plains;1
11423;222;211;250;land;true;plains;1
11424;254;153;135;land;false;plains;1
11425;232;208;133;land;false;plains;1
11426;127;210;207;land;false;plains;1
11427;250;164;239;land;false;plains;1
11428;182;155;242;land;false;plains;1
11429;247;109;242;land;false;plains;1
11430;201;205;193;land;false;plains;1
11431;185;133;208;land;false;plains;1
11432;246;171;138;land;true;plains;1
11433;156;103;250;land;false;plains;1
11434;181;249;149;land;false;plains;1
11435;185;173;153;land;false;plains;1
11436;82;231;246;land;false;plains;1
11437;222;190;177;land;false;plains;1
11438;108;216;242;land;false;plains;1
11439;223;254;212;land;false;plains;1
11440;179;82;253;land;false;plains;1
11441;242;176;205;land;true;plains;1
11442;141;162;247;land;false;plains;1
11443;208;58;246;land;false;plains;1
11444;77;214;252;land;true;plains;1
11445;180;248;153;land;false;plains;1
11446;95;233;230;land;false;plains;1
11447;175;247;103;land;false;plains;1
11448;248;197;193;land;false;plains;1
11449;240;230;164;land;false;plains;1
11450;231;253;230;land;false;plains;1
11451;193;199;147;land;false;plains;1
11452;232;219;146;land;false;plains;1
11453;61;247;198;land;false;plains;1
11454;131;224;202;land;false;plains;1
11455;162;253;228;land;false;plains;1
11456;189;216;120;land;false;plains;1
11457;223;205;250;land;false;plains;1
11458;172;111;231;land;false;plains;1
11459;227;138;253;land;true;plains;1
11460;244;126;143;land;false;plains;1
11461;108;230;216;land;false;plains;1
11462;229;172;169;land;false;plains;1
11463;248;155;234;land;false;plains;1
11464;252;22;244;land;false;plains;1
11465;203;216;132;land;false;plains;1
11466;200;187;199;land;false;plains;1
11467;103;197;221;land;false;plains;1
11468;176;122;229;land;false;plains;1
11469;202;229;225;land;false;plains;1
11470;172;214;170;land;true;plains;1
11471;145;237;187;land;false;plains;1
11472;190;137;208;land;false;plains;1
11473;175;138;193;land;false;plains;1
11474;205;188;160;land;true;plains;1
11475;187;198;135;land;false;plains;1
11476;206;84;224;land;true;plains;1
11477;121;224;254;land;false;plains;1
11478;156;231;251;land;false;plains;1
11479;224;157;160;land;false;plains;1
11480;187;100;229;land;true;plains;1
11481;226;243;210;land;false;plains;1
11482;212;225;206;land;false;plains;1
11483;120;217;209;land;true;plains;1
11484;139;204;185;land;false;plains;1
11485;210;178;232;land;true;plains;1
11486;198;202;116;land;false;plains;1
11487;208;252;101;land;false;plains;1
11488;182;234;199;land;false;plains;1
11489;238;108;252;land;false;plains;1
11490;215;241;90;land;false;plains;1
11491;230;158;148;land;false;plains;1
11492;218;114;193;land;false;plains;1
11493;138;208;242;land;false;plains;1
11494;233;242;41;land;true;plains;1
11495;132;237;212;land;false;plains;1
11496;174;215;209;land;false;plains;1
11497;106;208;189;land;false;plains;1
11498;203;227;226;land;false;plains;1
11499;180;197;223;land;false;plains;1
11500;92;245;169;land;false;plains;1
11501;232;81;198;land;true;plains;1
11502;211;220;141;land;false;plains;1
11503;163;233;185;land;false;plains;1
11504;216;109;198;land;false;plains;1
11505;252;42;220;land;false;plains;1
11506;209;204;159;land;false;plains;1
11507;55;225;235;land;false;plains;1
11508;93;251;241;land;true;plains;1
11509;135;173;218;land;false;plains;1
11510;209;181;146;land;false;plains;1
11511;223;197;236;land;false;plains;1
11512;224;237;173;land;false;plains;1
11513;243;146;135;land;false;plains;1
11514;238;88;181;land;false;plains;1
11515;154;207;164;land;false;plains;1
11516;238;94;186;land;false;plains;1
11517;187;236;226;land;false;plains;1
11518;218;251;220;land;true;plains;1
11519;215;137;217;land;false;plains;1
11520;243;220;77;land;false;plains;1
11521;227;107;242;land;false;plains;1
11522;205;248;243;land;false;plains;1
11523;239;190;169;land;true;plains;1
11524;164;127;242;land;false;plains;1
11525;227;126;235;land;false;plains;1
11526;224;75;233;land;false;plains;1
11527;42;236;237;land;false;plains;1
11528;215;173;170;land;false;plains;1
11529;229;212;76;land;false;plains;1
11530;227;119;225;land;false;plains;1
11531;99;220;233;land;false;plains;1
11532;250;99;158;land;false;plains;1
11533;239;188;197;land;false;plains;1
11534;250;102;177;land;false;plains;1
11535;114;177;242;land;false;plains;1
11536;214;217;86;land;false;plains;1
11537;230;157;197;land;true;plains;1
11538;223;219;109;land;false;plains;1
11539;100;165;254;land;true;plains;1
11540;75;228;233;land;true;plains;1
11541;106;227;247;land;false;plains;1
11542;140;229;232;land;false;plains;1
11543;248;199;75;land;false;plains;1
11544;163;209;136;land;false;plains;1
11545;253;127;159;land;false;plains;1
11546;254;209;214;land;false;plains;1
11547;231;239;189;land;false;plains;1
11548;249;253;78;land;false;plains;1
11549;153;212;140;land;false;plains;1
11550;187;163;216;land;false;plains;1
11551;231;134;192;land;false;plains;1
11552;186;224;185;land;false;plains;1
11553;212;176;251;land;true;plains;1
11554;243;164;166;land;false;plains;1
11555;253;222;65;land;true;plains;1
11556;92;184;253;land;false;plains;1
11557;137;189;187;land;false;plains;1
11558;153;246;222;land;true;plains;1
11559;137;228;138;land;false;plains;1
11560;209;116;246;land;false;plains;1
11561;243;197;239;land;false;plains;1
11562;238;181;248;land;false;plains;1
11563;246;83;177;land;false;plains;1
11564;244;229;165;land;false;plains;1
11565;175;246;250;land;true;plains;1
11566;170;214;184;land;false;plains;1
11567;102;247;205;land;true;plains;1
11568;130;224;249;land;false;plains;1
11569;230;175;218;land;false;plains;1
11570;233;112;200;land;false;plains;1
11571;165;175;254;land;false;plains;1
11572;199;200;129;land;false;plains;1
11573;232;233;47;land;false;plains;1
11574;180;169;211;land;false;plains;1
11575;161;210;168;land;false;plains;1
11576;236;170;191;land;false;plains;1
11577;164;212;237;land;false;plains;1
11578;237;131;253;land;true;plains;1
11579;176;184;228;land;false;plains;1
11580;223;232;209;land;true;plains;1
11581;181;220;188;land;false;plains;1
11582;191;102;233;land;false;plains;1
11583;149;112;241;land;false;plains;1
11584;49;217;243;land;true;plains;1
11585;154;251;145;land;false;plains;1
11586;232;71;250;land;false;plains;1
11587;170;252;131;land;false;plains;1
11588;223;251;232;land;true;plains;1
11589;239;231;68;land;true;plains;1
11590;236;77;211;land;true;plains;1
11591;220;119;167;land;false;plains;1
11592;226;76;202;land;true;plains;1
11593;237;58;228;land;false;plains;1
11594;253;121;158;land;true;plains;1
11595;93;246;193;land;false;plains;1
11596;130;217;199;land;false;plains;1
11597;251;212;150;land;false;plains;1
11598;186;117;217;land;true;plains;1
11599;141;244;206;land;false;plains;1
11600;191;216;208;land;false;plains;1
11601;159;100;244;land;false;plains;1
11602;96;250;171;land;false;plains;1
11603;218;224;236;land;false;plains;1
11604;220;236;154;land;false;plains;1
11605;201;224;137;land;false;plains;1
11606;230;205;169;land;true;plains;1
11607;244;150;125;land;false;plains;1
11608;210;184;130;land;false;plains;1
11609;156;117;236;land;false;plains;1
11610;245;111;197;land;true;plains;1
11611;247;212;181;land;false;plains;1
11612;184;251;212;land;true;plains;1
11613;246;250;96;land;false;plains;1
11614;103;208;224;land;true;plains;1
11615;174;134;245;land;false;plains;1
11616;202;109;249;land;true;plains;1
11617;223;234;81;land;true;plains;1
11618;233;181;106;land;true;plains;1
11619;188;224;143;land;true;plains;1
11620;2;44;22;lake;false;lakes;0
11621;23;29;11;lake;false;lakes;0
11622;38;29;31;lake;false;lakes;0
11623;1;29;5;lake;false;lakes;0
11624;41;2;14;lake;true;lakes;0
11625;21;31;44;lake;false;lakes;0
11626;61;7;7;lake;false;lakes;0
11627;13;49;15;lake;false;lakes;0
11628;15;76;2;lake;false;lakes;0
11629;31;19;15;lake;false;lakes;0
11630;12;32;3;lake;true;lakes;0
11631;51;2;2;lake;false;lakes;0
11632;29;0;11;lake;false;lakes;0
11633;10;21;46;lake;false;lakes;0
11634;28;9;28;lake;false;lakes;0
11635;11;19;14;lake;false;lakes;0
11636;28;18;23;lake;false;lakes;0
11637;30;1;37;lake;false;lakes;0
11638;17;32;49;lake;false;lakes;0
11639;44;22;6;lake;false;lakes;0
11640;29;32;0;lake;false;lakes;0
11641;69;4;23;lake;false;lakes;0
11642;5;16;22;lake;false;lakes;0
11643;32;22;7;lake;true;lakes;0
11644;15;16;11;lake;false;lakes;0
11645;59;6;9;lake;false;lakes;0
11646;32;18;32;lake;true;lakes;0
11647;17;75;6;lake;true;lakes;0
11648;31;14;46;lake;false;lakes;0
11649;23;9;53;lake;false;lakes;0
11650;45;17;1;lake;false;lakes;0
11651;3;9;52;lake;true;lakes;0
11652;10;57;0;lake;false;lakes;0
11653;61;29;2;lake;false;lakes;0
11654;4;39;53;lake;false;lakes;0
11655;0;21;60;lake;false;lakes;0
11656;30;16;53;lake;false;lakes;0
11657;3;20;65;lake;false;lakes;0
11658;37;31;21;lake;false;lakes;0
11659;9;40;45;lake;false;lakes;0
11660;19;13;66;lake;false;lakes;0
11661;14;24;10;lake;false;lakes;0
11662;26;52;21;lake;false;lakes;0
11663;28;6;43;lake;false;lakes;0
11664;77;8;14;lake;false;lakes;0
11665;56;9;2;lake;false;lakes;0
11666;5;13;8;lake;false;lakes;0
11667;34;28;0;lake;true;lakes;0
11668;56;28;12;lake;false;lakes;0
11669;45;40;11;lake;false;lakes;0
11670;40;26;7;lake;false;lakes;0
11671;1;58;21;lake;false;lakes;0
11672;27;29;13;lake;false;lakes;0
11673;8;2;2;lake;false;lakes;0
11674;47;5;24;lake;false;lakes;0
11675;15;23;19;lake;false;lakes;0
11676;2;23;66;lake;false;lakes;0
11677;5;9;76;lake;false;lakes;0
11678;6;0;74;lake;false;lakes;0
11679;41;31;10;lake;false;lakes;0
11680;76;0;22;lake;true;lakes;0
11681;24;5;9;lake;false;lakes;0
11682;9;46;39;lake;false;lakes;0
11683;39;9;5;lake;false;lakes;0
11684;30;31;36;lake;false;lakes;0
11685;18;16;3;lake;false;lakes;0
11686;22;28;22;lake;false;lakes;0
11687;11;3;83;lake;false;lakes;0
11688;6;5;66;lake;true;lakes;0
11689;39;1;8;lake;false;lakes;0
11690;79;1;16;lake;false;lakes;0
11691;40;2;28;lake;false;lakes;0
11692;1;33;4;lake;true;lakes;0
11693;11;35;12;lake;false;lakes;0
11694;6;33;7;lake;false;lakes;0
11695;27;12;28;lake;true;lakes;0
11696;39;32;21;lake;false;lakes;0
11697;27;7;58;lake;false;lakes;0
11698;11;12;23;lake;false;lakes;0
11699;7;33;36;lake;false;lakes;0
11700;39;20;9;lake;true;lakes;0
11701;39;28;30;lake;false;lakes;0
11702;4;34;25;lake;false;lakes;0
11703;27;24;43;lake;false;lakes;0
11704;10;13;7;lake;false;lakes;0
11705;35;27;2;lake;false;lakes;0
11706;34;36;17;lake;false;lakes;0
11707;33;32;27;lake;false;lakes;0
11708;18;10;69;lake;true;lakes;0
11709;24;24;4;lake;false;lakes;0
11710;4;3;17;lake;false;lakes;0
11711;24;25;10;lake;false;lakes;0
11712;38;38;22;lake;false;lakes;0
11713;57;14;11;lake;false;lakes;0
11714;28;11;44;lake;false;lakes;0
11715;7;29;52;lake;false;lakes;0
11716;12;12;17;lake;false;lakes;0
11717;1;47;35;lake;false;lakes;0
11718;22;36;2;lake;true;lakes;0
11719;79;3;5;lake;true;lakes;0
11720;47;0;3;lake;false;lakes;0
11721;33;29;24;lake;false;lakes;0
11722;33;0;28;lake;false;lakes;0
11723;55;2;41;lake;false;lakes;0
11724;49;11;7;lake;false;lakes;0
11725;8;6;50;lake;false;lakes;0
11726;17;33;1;lake;false;lakes;0
11727;21;9;61;lake;false;lakes;0
11728;60;4;24;lake;false;lakes;0
11729;1;76;7;lake;false;lakes;0
11730;0;17;62;lake;false;lakes;0
11731;53;12;8;lake;false;lakes;0
11732;31;1;38;lake;false;lakes;0
11733;9;8;64;lake;false;lakes;0
11734;81;10;7;lake;false;lakes;0
11735;36;36;13;lake;true;lakes;0
11736;31;28;10;lake;false;lakes;0
11737;56;2;1;lake;false;lakes;0
11738;18;16;63;lake;false;lakes;0
11739;19;30;50;lake;true;lakes;0
11740;8;9;50;lake;false;lakes;0
11741;27;40;16;lake;false;lakes;0
11742;69;0;13;lake;false;lakes;0
11743;40;33;2;lake;false;lakes;0
11744;0;36;51;lake;true;lakes;0
11745;40;36;10;lake;false;lakes;0
11746;30;8;52;lake;false;lakes;0
11747;3;18;64;lake;false;lakes;0
11748;47;37;13;lake;true;lakes;0
11749;30;12;49;lake;false;lakes;0
11750;5;53;21;lake;true;lakes;0
11751;15;38;10;lake;false;lakes;0
11752;19;20;6;lake;true;lakes;0
11753;39;0;39;lake;false;lakes;0
11754;42;23;22;lake;false;lakes;0
11755;19;19;21;lake;false;lakes;0
11756;6;68;7;lake;false;lakes;0
11757;14;11;18;lake;false;lakes;0
11758;3;85;8;lake;false;lakes;0
11759;52;15;4;lake;false;lakes;0
11760;6;45;24;lake;false;lakes;0
11761;6;35;22;lake;false;lakes;0
11762;1;34;36;lake;false;lakes;0
11763;30;26;27;lake;true;lakes;0
11764;3;39;2;lake;false;lakes;0
11765;9;63;11;lake;true;lakes;0
11766;92;0;4;lake;true;lakes;0
11767;19;17;55;lake;false;lakes;0
11768;11;41;35;lake;false;lakes;0
11769;5;5;31;lake;true;lakes;0
11770;14;46;19;lake;false;lakes;0
11771;27;5;46;lake;true;lakes;0
11772;14;27;48;lake;true;lakes;0
11773;11;4;27;lake;false;lakes;0
11774;31;8;22;lake;false;lakes;0
11775;1;43;14;lake;false;lakes;0
11776;13;52;23;lake;false;lakes;0
11777;43;24;8;lake;false;lakes;0
11778;66;3;23;lake;false;lakes;0
11779;2;35;4;lake;true;lakes;0
11780;1;58;13;lake;false;lakes;0
11781;32;12;4;lake;false;lakes;0
11782;24;2;24;lake;false;lakes;0
11783;1;0;10;lake;true;lakes;0
11784;46;0;20;lake;true;lakes;0
11785;52;0;39;lake;false;lakes;0
11786;2;12;67;lake;false;lakes;0
11787;84;1;3;lake;false;lakes;0
11788;34;0;54;lake;false;lakes;0
11789;7;64;12;lake;false;lakes;0
11790;7;13;74;lake;false;lakes;0
11791;20;7;34;lake;false;lakes;0
11792;66;19;1;lake;true;lakes;0
11793;14;27;49;lake;false;lakes;0
11794;49;15;10;lake;true;lakes;0
11795;46;26;8;lake;false;lakes;0
11796;30;4;17;lake;false;lakes;0
11797;4;49;26;lake;false;lakes;0
11798;31;11;6;lake;false;lakes;0
11799;34;1;0;lake;false;lakes;0
11800;45;11;38;lake;false;lakes;0
11801;14;6;49;lake;false;lakes;0
11802;39;55;0;lake;false;lakes;0
11803;36;24;18;lake;false;lakes;0
11804;60;14;7;lake;true;lakes;0
11805;23;11;23;lake;true;lakes;0
11806;73;18;4;lake;false;lakes;0
11807;35;30;7;lake;false;lakes;0
11808;2;39;11;lake;true;lakes;0
11809;5;15;60;lake;false;lakes;0
11810;12;5;76;lake;true;lakes;0
11811;2;26;54;lake;true;lakes;0
11812;57;0;27;lake;true;lakes;0
11813;9;82;4;lake;true;lakes;0
11814;45;29;9;lake;false;lakes;0
11815;13;1;70;lake;false;lakes;0
11816;50;4;34;lake;false;lakes;0
11817;20;17;34;lake;false;lakes;0
11818;56;22;9;lake;false;lakes;0
11819;25;32;40;lake;false;lakes;0
11820;12;6;12;lake;false;lakes;0
11821;17;0;2;lake;true;lakes;0
11822;29;9;45;lake;false;lakes;0
11823;25;0;63;lake;false;lakes;0
11824;45;0;1;lake;false;lakes;0
11825;7;23;3;lake;false;lakes;0
11826;16;12;39;lake;false;lakes;0
11827;24;18;49;lake;false;lakes;0
11828;33;18;16;lake;false;lakes;0
11829;41;29;15;lake;true;lakes;0
11830;19;66;11;lake;false;lakes;0
11831;16;17;32;lake;false;lakes;0
11832;16;44;19;lake;false;lakes;0
11833;4;0;83;lake;false;lakes;0
11834;5;15;21;lake;true;lakes;0
11835;0;3;49;lake;false;lakes;0
11836;53;4;3;lake;false;lakes;0
11837;21;44;27;lake;false;lakes;0
11838;0;3;64;lake;false;lakes;0
11839;66;4;6;lake;false;lakes;0
11840;23;2;46;lake;false;lakes;0
11841;24;21;30;lake;false;lakes;0
11842;39;42;9;lake;false;lakes;0
11843;2;35;15;lake;false;lakes;0
11844;38;16;4;lake;true;lakes;0
11845;34;59;3;lake;false;lakes;0
11846;13;24;34;lake;false;lakes;0
11847;23;25;39;lake;false;lakes;0
11848;73;1;16;lake;true;lakes;0
11849;38;6;38;lake;true;lakes;0
11850;62;19;5;lake;false;lakes;0
11851;5;87;3;lake;false;lakes;0
11852;29;42;1;lake;false;lakes;0
11853;19;4;69;lake;false;lakes;0
11854;6;23;62;lake;false;lakes;0
11855;1;27;64;lake;false;lakes;0
11856;1;47;49;lake;true;lakes;0
11857;4;5;83;lake;true;lakes;0
11858;0;34;39;lake;false;lakes;0
11859;42;11;16;lake;true;lakes;0
11860;12;62;13;lake;false;lakes;0
11861;15;59;19;lake;false;lakes;0
11862;25;4;41;lake;true;lakes;0
11863;51;0;41;lake;true;lakes;0
11864;45;9;19;lake;false;lakes;0
11865;34;8;5;lake;false;lakes;0
11866;2;25;20;lake;false;lakes;0
11867;61;23;6;lake;false;lakes;0
11868;20;57;11;lake;false;lakes;0
11869;46;5;36;lake;false;lakes;0
11870;31;55;9;lake;false;lakes;0
11871;21;23;10;lake;false;lakes;0
11872;49;24;16;lake;false;lakes;0
11873;73;24;2;lake;false;lakes;0
11874;5;74;2;lake;false;lakes;0
11875;11;18;25;lake;false;lakes;0
11876;7;24;38;lake;false;lakes;0
11877;63;13;1;lake;false;lakes;0
11878;3;52;17;lake;true;lakes;0
11879;9;40;12;lake;true;lakes;0
11880;25;4;33;lake;false;lakes;0
11881;1;13;3;lake;false;lakes;0
11882;8;59;10;lake;false;lakes;0
11883;2;30;55;lake;false;lakes;0
11884;4;19;54;lake;true;lakes;0
11885;33;11;51;lake;false;lakes;0
11886;36;19;19;lake;false;lakes;0
11887;3;2;26;lake;false;lakes;0
11888;50;26;23;lake;false;lakes;0
11889;38;45;7;lake;false;lakes;0
11890;33;39;1;lake;false;lakes;0
11891;26;6;2;lake;false;lakes;0
11892;16;28;38;lake;false;lakes;0
11893;21;38;3;lake;true;lakes;0
11894;11;4;42;lake;false;lakes;0
11895;4;0;32;lake;false;lakes;0
11896;11;37;24;lake;false;lakes;0
11897;85;1;4;lake;true;lakes;0
11898;33;11;21;lake;true;lakes;0
11899;2;37;2;lake;true;lakes;0
11900;16;40;14;lake;false;lakes;0
11901;20;26;31;lake;true;lakes;0
11902;31;21;7;lake;false;lakes;0
11903;14;38;4;lake;false;lakes;0
11904;23;27;31;lake;false;lakes;0
11905;33;3;27;lake;true;lakes;0
11906;23;18;0;lake;false;lakes;0
11907;15;59;1;lake;true;lakes;0
11908;28;46;8;lake;false;lakes;0
11909;0;24;6;lake;false;lakes;0
11910;3;6;18;lake;true;lakes;0
11911;53;12;5;lake;false;lakes;0
11912;16;19;52;lake;false;lakes;0
11913;37;3;54;lake;false;lakes;0
11914;16;55;6;lake;true;lakes;0
11915;4;15;63;lake;true;lakes;0
11916;6;58;6;lake;true;lakes;0
11917;59;5;25;lake;false;lakes;0
11918;3;55;26;lake;false;lakes;0
11919;10;71;12;lake;true;lakes;0
11920;2;57;16;lake;false;lakes;0
11921;2;70;9;lake;true;lakes;0
11922;46;20;11;lake;false;lakes;0
11923;42;25;28;lake;false;lakes;0
11924;37;34;1;lake;true;lakes;0
11925;9;34;53;lake;false;lakes;0
11926;19;4;3;lake;false;lakes;0
11927;3;58;9;lake;false;lakes;0
11928;51;38;7;lake;false;lakes;0
11929;20;23;24;lake;false;lakes;0
11930;38;25;18;lake;false;lakes;0
11931;48;38;1;lake;true;lakes;0
11932;48;17;23;lake;false;lakes;0
11933;25;26;4;lake;false;lakes;0
11934;41;31;19;lake;false;lakes;0
11935;12;13;10;lake;true;lakes;0
11936;16;32;45;lake;false;lakes;0
11937;15;79;3;lake;false;lakes;0
11938;14;54;3;lake;false;lakes;0
11939;22;39;38;lake;false;lakes;0
11940;4;55;9;lake;true;lakes;0
11941;57;7;28;lake;false;lakes;0
11942;1;17;32;lake;false;lakes;0
11943;14;76;1;lake;false;lakes;0
11944;75;13;9;lake;false;lakes;0
11945;14;5;39;lake;false;lakes;0
11946;9;10;46;lake;true;lakes;0
11947;16;0;34;lake;false;lakes;0
11948;3;42;5;lake;false;lakes;0
11949;28;35;25;lake;false;lakes;0
11950;30;11;25;lake;false;lakes;0
11951;27;14;52;lake;false;lakes;0
11952;36;37;12;lake;false;lakes;0
11953;35;43;14;lake;true;lakes;0
11954;1;3;84;lake;false;lakes;0
11955;58;4;29;lake;false;lakes;0
11956;22;61;5;lake;true;lakes;0
11957;1;28;56;lake;true;lakes;0
11958;22;6;16;lake;false;lakes;0
11959;73;10;14;lake;false;lakes;0
11960;38;15;44;lake;true;lakes;0
11961;21;27;35;lake;false;lakes;0
11962;0;8;22;lake;true;lakes;0
11963;4;13;56;lake;false;lakes;0
11964;27;8;21;lake;false;lakes;0
11965;34;11;20;lake;false;lakes;0
11966;11;17;19;lake;true;lakes;0
11967;24;12;9;lake;false;lakes;0
11968;3;4;21;lake;false;lakes;0
11969;16;36;29;lake;false;lakes;0
11970;34;26;32;lake;false;lakes;0
11971;1;17;39;lake;false;lakes;0
11972;47;8;7;lake;false;lakes;0
11973;5;23;60;lake;true;lakes;0
11974;20;67;3;lake;false;lakes;0
11975;12;17;46;lake;false;lakes;0
11976;63;3;0;lake;true;lakes;0
11977;37;38;9;lake;false;lakes;0
11978;11;13;68;lake;false;lakes;0
11979;1;65;9;lake;false;lakes;0
11980;7;11;13;lake;true;lakes;0
11981;9;55;17;lake;true;lakes;0
11982;17;1;6;lake;false;lakes;0
11983;59;11;21;lake;false;lakes;0
11984;18;7;49;lake;false;lakes;0
11985;0;56;38;lake;false;lakes;0
11986;1;48;8;lake;false;lakes;0
11987;3;26;27;lake;false;lakes;0
11988;2;5;11;lake;false;lakes;0
11989;33;1;28;lake;false;lakes;0
11990;42;1;21;lake;false;lakes;0
11991;31;16;31;lake;true;lakes;0
11992;5;25;55;lake;false;lakes;0
11993;32;2;45;lake;false;lakes;0
11994;30;6;21;lake;false;lakes;0
11995;0;4;62;lake;false;lakes;0
11996;12;33;36;lake;false;lakes;0
11997;38;4;56;lake;true;lakes;0
11998;68;2;9;lake;true;lakes;0
11999;4;34;49;lake;false;lakes;0
12000;21;35;31;lake;false;lakes;0
12001;12;29;0;lake;false;lakes;0
12002;18;33;14;lake;false;lakes;0
12003;20;65;8;lake;false;lakes;0
12004;23;30;9;lake;false;lakes;0
12005;11;24;32;lake;false;lakes;0
12006;26;26;24;lake;false;lakes;0
12007;30;8;23;lake;true;lakes;0
12008;28;45;6;lake;false;lakes;0
12009;30;42;2;lake;false;lakes;0
12010;28;6;52;lake;true;lakes;0
12011;17;0;60;lake;true;lakes;0
12012;73;2;2;lake;true;lakes;0
12013;32;24;13;lake;false;lakes;0
12014;56;8;30;lake;false;lakes;0
12015;64;22;1;lake;false;lakes;0
12016;29;11;37;lake;false;lakes;0
12017;15;1;51;lake;false;lakes;0
12018;28;7;55;lake;false;lakes;0
12019;24;57;7;lake;false;lakes;0
12020;9;16;73;lake;false;lakes;0
12021;32;21;22;lake;false;lakes;0
12022;34;7;5;lake;false;lakes;0
12023;33;25;7;lake;false;lakes;0
12024;25;53;3;lake;true;lakes;0
12025;32;51;12;lake;false;lakes;0
12026;1;14;24;lake;true;lakes;0
12027;40;19;36;lake;false;lakes;0
12028;13;35;20;lake;true;lakes;0
12029;40;52;7;lake;false;lakes;0
12030;66;26;2;lake;false;lakes;0
12031;28;22;26;lake;false;lakes;0
12032;65;5;12;lake;true;lakes;0
12033;23;38;32;lake;true;lakes;0
12034;56;25;4;lake;true;lakes;0
12035;11;32;40;lake;true;lakes;0
12036;22;1;19;lake;false;lakes;0
12037;2;3;64;lake;false;lakes;0
12038;15;31;12;lake;true;lakes;0
12039;4;25;63;lake;false;lakes;0
12040;37;3;42;lake;false;lakes;0
12041;1;22;12;lake;false;lakes;0
12042;24;3;70;lake;false;lakes;0
12043;11;41;33;lake;false;lakes;0
12044;5;0;9;lake;false;lakes;0
12045;13;58;28;lake;true;lakes;0
12046;33;41;13;lake;false;lakes;0
12047;7;47;30;lake;false;lakes;0
12048;38;2;58;lake;false;lakes;0
12049;12;11;0;lake;false;lakes;0
12050;19;34;42;lake;false;lakes;0
12051;30;26;18;lake;false;lakes;0
12052;31;30;2;lake;false;lakes;0
12053;15;20;49;lake;false;lakes;0
12054;20;23;29;lake;true;lakes;0
12055;18;51;10;lake;false;lakes;0
12056;48;34;11;lake;false;lakes;0
12057;19;41;30;lake;false;lakes;0
12058;32;1;52;lake;false;lakes;0
12059;65;17;14;lake;false;lakes;0
12060;59;10;23;lake;true;lakes;0
12061;27;2;16;lake;false;lakes;0
12062;19;2;42;lake;false;lakes;0
12063;14;15;29;lake;false;lakes;0
12064;35;39;18;lake;false;lakes;0
12065;23;18;40;lake;false;lakes;0
12066;13;0;50;lake;false;lakes;0
12067;8;22;30;lake;false;lakes;0
12068;68;15;9;lake;false;lakes;0
12069;6;38;10;lake;false;lakes;0
12070;47;48;3;lake;false;lakes;0
12071;25;5;64;lake;false;lakes;0
12072;33;1;23;lake;false;lakes;0
12073;40;38;15;lake;true;lakes;0
12074;29;24;12;lake;false;lakes;0
12075;21;27;30;lake;false;lakes;0
12076;12;81;6;lake;false;lakes;0
12077;15;12;42;lake;false;lakes;0
12078;13;11;24;lake;false;lakes;0
12079;24;1;36;lake;true;lakes;0
12080;22;14;4;lake;true;lakes;0
12081;24;65;1;lake;false;lakes;0
12082;19;2;64;lake;false;lakes;0
12083;8;32;24;lake;false;lakes;0
12084;11;28;9;lake;false;lakes;0
12085;11;39;20;lake;false;lakes;0
12086;6;14;5;lake;false;lakes;0
12087;28;8;59;lake;true;lakes;0
12088;53;4;34;lake;true;lakes;0
12089;5;10;39;lake;false;lakes;0
12090;33;24;36;lake;false;lakes;0
12091;27;18;8;lake;false;lakes;0
12092;15;45;18;lake;true;lakes;0
12093;40;3;42;lake;true;lakes;0
12094;2;15;35;lake;true;lakes;0
12095;7;38;6;lake;true;lakes;0
12096;33;24;29;lake;false;lakes;0
12097;29;12;12;lake;false;lakes;0
12098;57;21;5;lake;false;lakes;0
12099;13;25;61;lake;true;lakes;0
12100;13;10;14;lake;false;lakes;0
12101;10;26;53;lake;false;lakes;0
12102;14;57;19;lake;false;lakes;0
12103;44;14;28;lake;false;lakes;0
12104;17;59;9;lake;true;lakes;0
12105;12;49;14;lake;false;lakes;0
12106;53;24;6;lake;false;lakes;0
12107;51;26;20;lake;false;lakes;0
12108;69;2;12;lake;false;lakes;0
12109;6;22;59;lake;false;lakes;0
12110;44;33;10;lake;false;lakes;0
12111;43;10;22;lake;false;lakes;0
12112;22;3;23;lake;true;lakes;0
12113;34;11;11;lake;false;lakes;0
12114;22;2;65;lake;false;lakes;0
12115;24;1;48;lake;false;lakes;0
12116;38;3;56;lake;false;lakes;0
12117;8;37;42;lake;false;lakes;0
12118;25;3;56;lake;true;lakes;0
12119;62;16;17;lake;false;lakes;0
12120;5;31;62;lake;true;lakes;0
12121;9;11;18;lake;false;lakes;0
12122;13;9;23;lake;false;lakes;0
12123;7;5;22;lake;true;lakes;0
12124;68;9;19;lake;true;lakes;0
12125;56;17;21;lake;false;lakes;0
12126;39;14;4;lake;false;lakes;0
12127;26;17;35;lake;false;lakes;0
12128;22;34;11;lake;true;lakes;0
12129;19;56;19;lake;false;lakes;0
12130;61;13;20;lake;false;lakes;0
12131;4;61;11;lake;true;lakes;0
12132;12;69;17;lake;false;lakes;0
12133;34;50;6;lake;true;lakes;0
12134;27;2;18;lake;false;lakes;0
12135;43;20;29;lake;false;lakes;0
12136;9;7;17;lake;false;lakes;0
12137;27;5;55;lake;false;lakes;0
12138;17;25;30;lake;true;lakes;0
12139;1;24;67;lake;false;lakes;0
12140;21;29;38;lake;true;lakes;0
12141;7;3;65;lake;false;lakes;0
12142;31;25;43;lake;true;lakes;0
12143;14;31;12;lake;true;lakes;0
12144;24;44;20;lake;false;lakes;0
12145;30;15;20;lake;false;lakes;0
12146;30;15;16;lake;false;lakes;0
12147;30;12;32;lake;false;lakes;0
12148;13;13;29;lake;false;lakes;0
12149;90;0;1;lake;true;lakes;0
12150;33;1;37;lake;false;lakes;0
12151;52;10;15;lake;false;lakes;0
12152;2;29;22;lake;true;lakes;0
12153;52;9;28;lake;true;lakes;0
12154;5;57;20;lake;false;lakes;0
12155;16;62;11;lake;false;lakes;0
12156;48;12;6;lake;true;lakes;0
12157;13;80;4;lake;false;lakes;0
12158;11;12;10;lake;true;lakes;0
12159;10;2;61;lake;true;lakes;0
12160;1;10;15;lake;false;lakes;0
12161;16;31;13;lake;true;lakes;0
12162;24;15;33;lake;false;lakes;0
12163;0;5;75;lake;false;lakes;0
12164;10;4;64;lake;false;lakes;0
12165;36;13;11;lake;false;lakes;0
12166;47;3;26;lake;false;lakes;0
12167;39;32;28;lake;false;lakes;0
12168;33;11;4;lake;false;lakes;0
12169;27;59;0;lake;false;lakes;0
12170;54;3;38;lake;false;lakes;0
12171;27;40;32;lake;true;lakes;0
12172;9;18;71;lake;false;lakes;0
12173;29;4;26;lake;true;lakes;0
12174;43;22;18;lake;true;lakes;0
12175;76;15;1;lake;false;lakes;0
12176;34;2;27;lake;false;lakes;0
12177;7;32;60;lake;true;lakes;0
12178;26;4;5;lake;false;lakes;0
12179;9;10;2;lake;false;lakes;0
12180;10;23;2;lake;false;lakes;0
12181;27;20;20;lake;false;lakes;0
12182;18;41;35;lake;false;lakes;0
12183;9;6;37;lake;true;lakes;0
12184;5;25;39;lake;true;lakes;0
12185;16;47;34;lake;true;lakes;0
12186;22;14;56;lake;false;lakes;0
12187;5;26;18;lake;false;lakes;0
12188;14;35;3;lake;false;lakes;0
12189;0;54;33;lake;true;lakes;0
12190;29;28;11;lake;false;lakes;0
12191;51;21;9;lake;false;lakes;0
12192;19;10;1;lake;false;lakes;0
12193;5;72;4;lake;false;lakes;0
12194;25;52;14;lake;true;lakes;0
12195;11;51;7;lake;false;lakes;0
12196;12;75;10;lake;false;lakes;0
12197;7;53;25;lake;false;lakes;0
12198;36;13;20;lake;false;lakes;0
12199;34;56;0;lake;false;lakes;0
12200;2;24;13;lake;true;lakes;0
12201;35;27;9;lake;false;lakes;0
12202;3;56;34;lake;false;lakes;0
12203;13;33;22;lake;false;lakes;0
12204;32;62;1;lake;true;lakes;0
12205;17;34;16;lake;false;lakes;0
12206;0;76;2;lake;false;lakes;0
12207;19;22;14;lake;false;lakes;0
12208;38;24;6;lake;true;lakes;0
12209;31;28;38;lake;false;lakes;0
12210;14;5;10;lake;false;lakes;0
12211;37;37;25;lake;false;lakes;0
12212;24;64;5;lake;false;lakes;0
12213;13;37;7;lake;true;lakes;0
12214;39;55;5;lake;false;lakes;0
12215;15;12;48;lake;false;lakes;0
12216;1;9;24;lake;false;lakes;0
12217;46;26;0;lake;false;lakes;0
12218;27;12;5;lake;false;lakes;0
12219;21;11;7;lake;false;lakes;0
12220;18;20;3;lake;true;lakes;0
12221;52;40;1;lake;false;lakes;0
12222;31;11;56;lake;false;lakes;0
12223;29;33;34;lake;true;lakes;0
12224;54;0;35;lake;false;lakes;0
12225;25;2;28;lake;false;lakes;0
12226;49;14;32;lake;false;lakes;0
12227;22;32;43;lake;false;lakes;0
12228;34;43;17;lake;false;lakes;0
12229;19;38;12;lake;false;lakes;0
12230;1;3;90;lake;false;lakes;0
12231;11;46;19;lake;true;lakes;0
12232;55;4;1;lake;true;lakes;0
12233;2;13;35;lake;true;lakes;0
12234;14;22;55;lake;true;lakes;0
12235;25;33;30;lake;false;lakes;0
12236;16;46;24;lake;false;lakes;0
12237;7;16;75;lake;false;lakes;0
12238;26;53;9;lake;false;lakes;0
12239;8;54;8;lake;false;lakes;0
12240;24;27;16;lake;false;lakes;0
12241;16;43;4;lake;false;lakes;0
12242;4;53;41;lake;false;lakes;0
12243;9;36;30;lake;false;lakes;0
12244;45;32;13;lake;true;lakes;0
12245;24;4;9;lake;false;lakes;0
12246;22;70;3;lake;true;lakes;0
12247;36;14;43;lake;true;lakes;0
12248;4;17;7;lake;false;lakes;0
12249;7;1;28;lake;false;lakes;0
12250;10;17;30;lake;false;lakes;0
12251;58;22;6;lake;false;lakes;0
12252;10;12;28;lake;false;lakes;0
12253;47;21;12;lake;false;lakes;0
12254;9;23;36;lake;false;lakes;0
12255;39;24;6;lake;false;lakes;0
12256;44;8;23;lake;true;lakes;0
12257;10;83;6;lake;false;lakes;0
12258;4;28;67;lake;true;lakes;0
12259;27;22;9;lake;true;lakes;0
12260;3;60;28;lake;true;lakes;0
12261;22;15;7;lake;false;lakes;0
12262;13;58;24;lake;true;lakes;0
12263;7;30;51;lake;false;lakes;0
12264;6;41;18;lake;false;lakes;0
12265;55;21;17;lake;false;lakes;0
12266;42;27;26;lake;false;lakes;0
12267;23;11;14;lake;false;lakes;0
12268;19;16;4;lake;false;lakes;0
12269;3;7;43;lake;true;lakes;0
12270;25;46;5;lake;false;lakes;0
12271;0;61;21;lake;true;lakes;0
12272;70;3;8;lake;true;lakes;0
12273;16;34;5;lake;false;lakes;0
12274;42;33;21;lake;false;lakes;0
12275;61;10;20;lake;false;lakes;0
12276;1;91;0;lake;false;lakes;0
12277;26;52;3;lake;true;lakes;0
12278;21;21;40;lake;true;lakes;0
12279;34;33;18;lake;true;lakes;0
12280;41;4;41;lake;true;lakes;0
12281;82;0;15;lake;true;lakes;0
12282;57;10;13;lake;true;lakes;0
12283;34;21;6;lake;false;lakes;0
12284;19;1;42;lake;false;lakes;0
12285;7;46;13;lake;false;lakes;0
12286;62;0;20;lake;true;lakes;0
12287;6;14;15;lake;false;lakes;0
12288;25;31;34;lake;false;lakes;0
12289;33;18;22;lake;false;lakes;0
12290;38;5;9;lake;false;lakes;0
12291;21;23;27;lake;false;lakes;0
12292;26;15;10;lake;true;lakes;0
12293;11;43;37;lake;false;lakes;0
12294;13;38;12;lake;false;lakes;0
12295;0;12;36;lake;false;lakes;0
12296;13;23;6;lake;false;lakes;0
12297;25;4;16;lake;false;lakes;0
12298;49;33;14;lake;false;lakes;0
12299;49;29;20;lake;true;lakes;0
12300;67;13;13;lake;false;lakes;0#
12301;43;68;36;sea;false;ocean;0
12302;28;28;47;sea;false;ocean;0
12303;36;81;18;sea;false;ocean;0
12304;22;71;47;sea;false;ocean;0
12305;11;39;51;sea;false;ocean;0
12306;8;86;16;sea;false;ocean;0
12307;62;42;17;sea;false;ocean;0
12308;23;80;8;sea;false;ocean;0
12309;4;89;14;sea;false;ocean;0
12310;19;47;64;sea;false;ocean;0
12311;92;24;13;sea;false;ocean;0
12312;59;61;11;sea;false;ocean;0
12313;79;30;28;sea;false;ocean;0
12314;8;0;102;sea;false;ocean;0
12315;88;26;32;sea;false;ocean;0
12316;64;18;60;sea;false;ocean;0
12317;53;45;51;sea;false;ocean;0
12318;23;7;89;sea;false;ocean;0
12319;79;26;35;sea;false;ocean;0
12320;29;18;89;sea;false;ocean;0
12321;36;86;9;sea;false;ocean;0
12322;77;48;23;sea;false;ocean;0
12323;49;9;48;sea;false;ocean;0
12324;3;69;61;sea;false;ocean;0
12325;16;16;83;sea;false;ocean;0
12326;57;24;58;sea;false;ocean;0
12327;3;25;83;sea;false;ocean;0
12328;4;63;73;sea;false;ocean;0
